Unidad;Tipo de Gasto;Auxiliar;Código concepto;Concepto;Recurso;Valor inicial;Valor apropiacion;Acumulado compromiso;Acumulado pago;Fecha final
01 - ADMINISTRATIVA Y FINANCIERA;2.1.1 Gastos de Personal; - N/A;2.1.1.01.01.001.01.01;Sueldo básico administrativos;10.0 - Aportes Nacion - Funcionamiento;$ 29,971,402,020.00;$ 20,203,424,803.78;$ 20,179,409,395.78;$ 20,179,409,395.78;31/08/2026
01 - ADMINISTRATIVA Y FINANCIERA;2.1.1 Gastos de Personal; - N/A;2.1.1.01.01.001.01.02;Sueldo básico docentes;10.0 - Aportes Nacion - Funcionamiento;$ 32,554,595,835.00;$ 29,400,990,995.00;$ 24,153,150,758.00;$ 24,153,150,758.00;31/08/2026
01 - ADMINISTRATIVA Y FINANCIERA;2.1.1 Gastos de Personal; - N/A;2.1.1.01.01.001.01.03;Sueldo básico trabajadores oficiales;10.0 - Aportes Nacion - Funcionamiento;$ 5,512,787,460.00;$ 5,512,787,460.00;$ 4,154,999,832.00;$ 4,154,999,832.00;31/08/2026
01 - ADMINISTRATIVA Y FINANCIERA;2.1.1 Gastos de Personal; - N/A;2.1.1.01.01.001.02;Horas extras, dominicales, festivos y recargos;10.0 - Aportes Nacion - Funcionamiento;$ 936,261,453.00;$ 1,073,765,406.00;$ 1,073,765,406.00;$ 1,073,765,406.00;31/08/2026
01 - ADMINISTRATIVA Y FINANCIERA;2.1.1 Gastos de Personal; - N/A;2.1.1.01.01.001.03;Gastos de representación;10.0 - Aportes Nacion - Funcionamiento;$ 28,904,130,293.00;$ 16,818,564,154.00;$ 16,818,564,154.00;$ 16,818,564,154.00;31/08/2026
01 - ADMINISTRATIVA Y FINANCIERA;2.1.1 Gastos de Personal; - N/A;2.1.1.01.01.001.04.01;Subsidio de alimentación administrativos;10.0 - Aportes Nacion - Funcionamiento;$ 160,249,163.00;$ 261,361,062.00;$ 261,149,348.00;$ 261,149,348.00;31/08/2026
01 - ADMINISTRATIVA Y FINANCIERA;2.1.1 Gastos de Personal; - N/A;2.1.1.01.01.001.04.02;Subsidio de alimentación trabajadores oficiales;10.0 - Aportes Nacion - Funcionamiento;$ 132,380,598.00;$ 216,814,934.00;$ 216,814,934.00;$ 216,814,934.00;31/08/2026
01 - ADMINISTRATIVA Y FINANCIERA;2.1.1 Gastos de Personal; - N/A;2.1.1.01.01.001.05.01;Auxilio de transporte administrativos;10.0 - Aportes Nacion - Funcionamiento;$ 213,854,595.00;$ 844,468,490.00;$ 843,970,300.00;$ 843,970,300.00;31/08/2026
01 - ADMINISTRATIVA Y FINANCIERA;2.1.1 Gastos de Personal; - N/A;2.1.1.01.01.001.05.02;Auxilio de transporte trabajadores oficiales;10.0 - Aportes Nacion - Funcionamiento;$ 83,676,237.00;$ 220,446,230.00;$ 220,446,230.00;$ 220,446,230.00;31/08/2026
01 - ADMINISTRATIVA Y FINANCIERA;2.1.1 Gastos de Personal; - N/A;2.1.1.01.01.001.06.01;Prima de servicio administrativos;10.0 - Aportes Nacion - Funcionamiento;$ 3,759,573,552.00;$ 3,759,573,552.00;$ 2,908,623,495.00;$ 2,908,623,495.00;31/08/2026
01 - ADMINISTRATIVA Y FINANCIERA;2.1.1 Gastos de Personal; - N/A;2.1.1.01.01.001.06.02;Prima de servicio docentes;10.0 - Aportes Nacion - Funcionamiento;$ 7,412,699,037.00;$ 6,889,893,127.00;$ 6,600,415,144.00;$ 6,600,415,144.00;31/08/2026
01 - ADMINISTRATIVA Y FINANCIERA;2.1.1 Gastos de Personal; - N/A;2.1.1.01.01.001.06.03;Prima de servicio trabajadores oficiales;10.0 - Aportes Nacion - Funcionamiento;$ 0.00;$ 582,000,000.00;$ 581,013,937.00;$ 581,013,937.00;31/08/2026
01 - ADMINISTRATIVA Y FINANCIERA;2.1.1 Gastos de Personal; - N/A;2.1.1.01.01.001.07.01;Bonificación por servicios prestados administrativos;10.0 - Aportes Nacion - Funcionamiento;$ 1,280,588,504.00;$ 1,285,588,504.00;$ 1,111,648,279.00;$ 1,111,648,279.00;31/08/2026
01 - ADMINISTRATIVA Y FINANCIERA;2.1.1 Gastos de Personal; - N/A;2.1.1.01.01.001.07.02;Bonificación por servicios prestados docentes;10.0 - Aportes Nacion - Funcionamiento;$ 2,158,719,148.00;$ 2,158,719,148.00;$ 2,098,312,563.00;$ 2,098,312,563.00;31/08/2026
01 - ADMINISTRATIVA Y FINANCIERA;2.1.1 Gastos de Personal; - N/A;2.1.1.01.01.001.07.03;Bonificación por servicios prestados trabajadores oficiales;10.0 - Aportes Nacion - Funcionamiento;$ 0.00;$ 260,742,750.00;$ 260,742,750.00;$ 260,742,750.00;31/08/2026
01 - ADMINISTRATIVA Y FINANCIERA;2.1.1 Gastos de Personal; - N/A;2.1.1.01.01.001.08.01.01;Prima de navidad administrativos;10.0 - Aportes Nacion - Funcionamiento;$ 2,936,664,576.00;$ 2,936,664,576.00;$ 52,639,664.00;$ 52,639,664.00;31/08/2026
01 - ADMINISTRATIVA Y FINANCIERA;2.1.1 Gastos de Personal; - N/A;2.1.1.01.01.001.08.01.02;Prima de navidad docentes;10.0 - Aportes Nacion - Funcionamiento;$ 6,886,957,969.00;$ 6,886,957,969.00;$ 108,913,525.00;$ 108,913,525.00;31/08/2026
01 - ADMINISTRATIVA Y FINANCIERA;2.1.1 Gastos de Personal; - N/A;2.1.1.01.01.001.08.01.03;Prima de navidad trabajadores oficiales;10.0 - Aportes Nacion - Funcionamiento;$ 0.00;$ 7,966,000.00;$ 7,851,473.00;$ 7,851,473.00;31/08/2026
01 - ADMINISTRATIVA Y FINANCIERA;2.1.1 Gastos de Personal; - N/A;2.1.1.01.01.001.08.02.01;Prima de vacaciones administrativos;10.0 - Aportes Nacion - Funcionamiento;$ 2,102,734,635.00;$ 2,102,734,635.00;$ 148,774,599.00;$ 148,774,599.00;31/08/2026
01 - ADMINISTRATIVA Y FINANCIERA;2.1.1 Gastos de Personal; - N/A;2.1.1.01.01.001.08.02.02;Prima de vacaciones docentes;10.0 - Aportes Nacion - Funcionamiento;$ 6,113,463,871.00;$ 6,113,463,871.00;$ 345,402,568.00;$ 345,402,568.00;31/08/2026
01 - ADMINISTRATIVA Y FINANCIERA;2.1.1 Gastos de Personal; - N/A;2.1.1.01.01.001.08.02.03;Prima de vacaciones trabajadores oficiales;10.0 - Aportes Nacion - Funcionamiento;$ 1,155,251,570.00;$ 1,155,251,570.00;$ 80,726,232.00;$ 80,726,232.00;31/08/2026
01 - ADMINISTRATIVA Y FINANCIERA;2.1.1 Gastos de Personal; - N/A;2.1.1.01.01.001.09;Prima técnica salarial;10.0 - Aportes Nacion - Funcionamiento;$ 661,681,179.00;$ 661,681,179.00;$ 419,146,567.00;$ 419,146,567.00;31/08/2026
01 - ADMINISTRATIVA Y FINANCIERA;2.1.1 Gastos de Personal; - N/A;2.1.1.01.01.001.10;Viáticos de los funcionarios en comisión;10.0 - Aportes Nacion - Funcionamiento;$ 82,619,330.00;$ 97,432,844.00;$ 97,432,844.00;$ 97,432,844.00;31/08/2026
01 - ADMINISTRATIVA Y FINANCIERA;2.1.1 Gastos de Personal; - N/A;2.1.1.01.01.002.12.02.01;Beneficios a los empleados a largo plazo administrativos;10.0 - Aportes Nacion - Funcionamiento;$ 0.00;$ 500,000.00;$ 403,574.00;$ 403,574.00;31/08/2026
01 - ADMINISTRATIVA Y FINANCIERA;2.1.1 Gastos de Personal; - N/A;2.1.1.01.01.002.12.02.02;Beneficios a los empleados a largo plazo trabajadores oficiales;10.0 - Aportes Nacion - Funcionamiento;$ 970,645,026.00;$ 1,166,759,885.00;$ 764,657,023.00;$ 764,657,023.00;31/08/2026
01 - ADMINISTRATIVA Y FINANCIERA;2.1.1 Gastos de Personal; - N/A;2.1.1.01.01.002.12.02.03;Beneficios a los empleados a largo plazo docentes;10.0 - Aportes Nacion - Funcionamiento;$ 0.00;$ 1,000,000.00;$ 13,014.00;$ 13,014.00;31/08/2026
01 - ADMINISTRATIVA Y FINANCIERA;2.1.1 Gastos de Personal; - N/A;2.1.1.01.02.001;Aportes a la seguridad social en pensiones;10.0 - Aportes Nacion - Funcionamiento;$ 13,531,608,080.00;$ 8,016,128,355.00;$ 7,868,039,060.00;$ 7,868,039,060.00;31/08/2026
01 - ADMINISTRATIVA Y FINANCIERA;2.1.1 Gastos de Personal; - N/A;2.1.1.01.02.002;Aportes a la seguridad social en salud;10.0 - Aportes Nacion - Funcionamiento;$ 9,547,392,171.00;$ 9,547,392,171.00;$ 5,502,953,502.00;$ 5,502,953,502.00;31/08/2026
01 - ADMINISTRATIVA Y FINANCIERA;2.1.1 Gastos de Personal; - N/A;2.1.1.01.02.003;Aportes de cesantías ;10.0 - Aportes Nacion - Funcionamiento;$ 11,660,262,524.00;$ 11,635,262,524.00;$ 6,573,941,960.00;$ 6,573,941,960.00;31/08/2026
01 - ADMINISTRATIVA Y FINANCIERA;2.1.1 Gastos de Personal; - N/A;2.1.1.01.02.004;Aportes a cajas de compensación familiar;10.0 - Aportes Nacion - Funcionamiento;$ 5,615,981,130.00;$ 5,615,981,130.00;$ 2,984,776,191.00;$ 2,984,776,191.00;31/08/2026
01 - ADMINISTRATIVA Y FINANCIERA;2.1.1 Gastos de Personal; - N/A;2.1.1.01.02.005;Aportes generales al sistema de riesgos laborales;10.0 - Aportes Nacion - Funcionamiento;$ 879,635,044.00;$ 879,635,044.00;$ 526,570,896.00;$ 526,570,896.00;31/08/2026
01 - ADMINISTRATIVA Y FINANCIERA;2.1.1 Gastos de Personal; - N/A;2.1.1.01.02.006;Aportes al ICBF;10.0 - Aportes Nacion - Funcionamiento;$ 4,211,983,979.00;$ 4,211,983,979.00;$ 2,273,034,594.00;$ 2,273,034,594.00;31/08/2026
01 - ADMINISTRATIVA Y FINANCIERA;2.1.1 Gastos de Personal; - N/A;2.1.1.01.03.001.01.01;Vacaciones administrativos;10.0 - Aportes Nacion - Funcionamiento;$ 1,412,052,362.00;$ 1,412,052,362.00;$ 95,268,718.00;$ 95,268,718.00;31/08/2026
01 - ADMINISTRATIVA Y FINANCIERA;2.1.1 Gastos de Personal; - N/A;2.1.1.01.03.001.01.02;Vacaciones docentes;10.0 - Aportes Nacion - Funcionamiento;$ 3,471,066,468.00;$ 920,729,527.14;$ 186,313,350.00;$ 186,313,350.00;31/08/2026
01 - ADMINISTRATIVA Y FINANCIERA;2.1.1 Gastos de Personal; - N/A;2.1.1.01.03.001.01.03;Vacaciones trabajadores oficiales;10.0 - Aportes Nacion - Funcionamiento;$ 1,131,692,206.00;$ 1,131,050,708.00;$ 70,703,694.00;$ 70,703,694.00;31/08/2026
01 - ADMINISTRATIVA Y FINANCIERA;2.1.1 Gastos de Personal; - N/A;2.1.1.01.03.001.03.01;Bonificación especial de recreación administrativos;10.0 - Aportes Nacion - Funcionamiento;$ 66,635,011.00;$ 66,635,011.00;$ 16,804,662.00;$ 16,804,662.00;31/08/2026
01 - ADMINISTRATIVA Y FINANCIERA;2.1.1 Gastos de Personal; - N/A;2.1.1.01.03.001.03.02;Bonificación especial de recreación trabajadores oficiales;10.0 - Aportes Nacion - Funcionamiento;$ 59,527,561.00;$ 59,527,561.00;$ 3,617,211.00;$ 3,617,211.00;31/08/2026
01 - ADMINISTRATIVA Y FINANCIERA;2.1.1 Gastos de Personal; - N/A;2.1.1.01.03.009;Prima técnica no salarial;10.0 - Aportes Nacion - Funcionamiento;$ 476,359,726.00;$ 476,359,726.00;$ 282,330,178.00;$ 282,330,178.00;31/08/2026
01 - ADMINISTRATIVA Y FINANCIERA;2.1.1 Gastos de Personal; - N/A;2.1.1.01.03.090;Bonificación por productividad académica;10.0 - Aportes Nacion - Funcionamiento;$ 0.00;$ 117,284,158.00;$ 32,402,289.00;$ 32,402,289.00;31/08/2026
01 - ADMINISTRATIVA Y FINANCIERA;2.1.1 Gastos de Personal; - N/A;2.1.1.02.01.001.01.01;Sueldo básico supernumerarios;10.0 - Aportes Nacion - Funcionamiento;$ 849,704,168.00;$ 849,704,168.00;$ 701,417,760.00;$ 701,417,760.00;31/08/2026
01 - ADMINISTRATIVA Y FINANCIERA;2.1.1 Gastos de Personal; - N/A;2.1.1.02.01.001.01.02;Sueldo básico docentes ocasionales;10.0 - Aportes Nacion - Funcionamiento;$ 68,422,578,059.00;$ 68,422,638,377.00;$ 45,120,722,818.00;$ 45,120,722,818.00;31/08/2026
01 - ADMINISTRATIVA Y FINANCIERA;2.1.1 Gastos de Personal; - N/A;2.1.1.02.01.001.01.03;Sueldo básico docentes catédraticos;10.0 - Aportes Nacion - Funcionamiento;$ 1,322,844,949.00;$ 4,322,744,949.00;$ 4,322,744,949.00;$ 4,322,744,949.00;31/08/2026
01 - ADMINISTRATIVA Y FINANCIERA;2.1.1 Gastos de Personal; - N/A;2.1.1.02.01.001.01.04;Sueldo básico cátedra interna;10.0 - Aportes Nacion - Funcionamiento;$ 24,383,815.00;$ 24,383,815.00;$ 0.00;$ 0.00;31/08/2026
01 - ADMINISTRATIVA Y FINANCIERA;2.1.1 Gastos de Personal; - N/A;2.1.1.02.01.001.04;Subsidio de alimentación;10.0 - Aportes Nacion - Funcionamiento;$ 0.00;$ 26,325,784.00;$ 21,030,758.00;$ 21,030,758.00;31/08/2026
01 - ADMINISTRATIVA Y FINANCIERA;2.1.1 Gastos de Personal; - N/A;2.1.1.02.01.001.05;Auxilio de transporte;10.0 - Aportes Nacion - Funcionamiento;$ 49,294,588.00;$ 49,294,588.00;$ 47,709,998.00;$ 47,709,998.00;31/08/2026
01 - ADMINISTRATIVA Y FINANCIERA;2.1.1 Gastos de Personal; - N/A;2.1.1.02.01.001.06.01;Prima de servicio supernumerarios;10.0 - Aportes Nacion - Funcionamiento;$ 119,903,896.00;$ 119,903,896.00;$ 81,269,258.00;$ 81,269,258.00;31/08/2026
01 - ADMINISTRATIVA Y FINANCIERA;2.1.1 Gastos de Personal; - N/A;2.1.1.02.01.001.06.02;Prima de servicio docentes ocasionales;10.0 - Aportes Nacion - Funcionamiento;$ 2,170,200,419.00;$ 2,170,200,419.00;$ 1,589,237,139.00;$ 1,589,237,139.00;31/08/2026
01 - ADMINISTRATIVA Y FINANCIERA;2.1.1 Gastos de Personal; - N/A;2.1.1.02.01.001.07;Bonificación por servicios prestados;10.0 - Aportes Nacion - Funcionamiento;$ 25,214,226.00;$ 25,214,226.00;$ 25,214,226.00;$ 25,214,226.00;31/08/2026
01 - ADMINISTRATIVA Y FINANCIERA;2.1.1 Gastos de Personal; - N/A;2.1.1.02.01.001.08.01.01;Prima de navidad supernumerarios;10.0 - Aportes Nacion - Funcionamiento;$ 4,545,023,779.00;$ 4,545,023,779.00;$ 14,491,948.00;$ 14,491,948.00;31/08/2026
01 - ADMINISTRATIVA Y FINANCIERA;2.1.1 Gastos de Personal; - N/A;2.1.1.02.01.001.08.01.02;Prima de navidad docentes ocasionales;10.0 - Aportes Nacion - Funcionamiento;$ 5,275,144,181.00;$ 4,340,810,218.12;$ 558,914,120.00;$ 558,914,120.00;31/08/2026
01 - ADMINISTRATIVA Y FINANCIERA;2.1.1 Gastos de Personal; - N/A;2.1.1.02.01.001.08.01.03;Prima de navidad docentes catedráticos;10.0 - Aportes Nacion - Funcionamiento;$ 0.00;$ 415,014,904.00;$ 194,971,624.00;$ 194,971,624.00;31/08/2026
01 - ADMINISTRATIVA Y FINANCIERA;2.1.1 Gastos de Personal; - N/A;2.1.1.02.01.001.08.02.01;Prima de vacaciones supernumerarios;10.0 - Aportes Nacion - Funcionamiento;$ 0.00;$ 29,303,697.00;$ 12,436,330.00;$ 12,436,330.00;31/08/2026
01 - ADMINISTRATIVA Y FINANCIERA;2.1.1 Gastos de Personal; - N/A;2.1.1.02.01.001.08.02.02;Prima de vacaciones docentes ocasionales;10.0 - Aportes Nacion - Funcionamiento;$ 0.00;$ 726,130,231.00;$ 723,682,177.00;$ 723,682,177.00;31/08/2026
01 - ADMINISTRATIVA Y FINANCIERA;2.1.1 Gastos de Personal; - N/A;2.1.1.02.01.001.08.03;Prima de vacaciones docentes catedráticos;10.0 - Aportes Nacion - Funcionamiento;$ 0.00;$ 100,000.00;$ 85,076.00;$ 85,076.00;31/08/2026
01 - ADMINISTRATIVA Y FINANCIERA;2.1.1 Gastos de Personal; - N/A;2.1.1.02.02.001;Aportes a la seguridad social en pensiones;10.0 - Aportes Nacion - Funcionamiento;$ 9,107,457,505.00;$ 5,012,297,256.77;$ 4,994,509,300.00;$ 4,994,509,300.00;31/08/2026
01 - ADMINISTRATIVA Y FINANCIERA;2.1.1 Gastos de Personal; - N/A;2.1.1.02.02.002;Aportes a la seguridad social en salud;10.0 - Aportes Nacion - Funcionamiento;$ 6,451,116,341.00;$ 6,451,116,341.00;$ 4,226,257,554.00;$ 4,226,257,554.00;31/08/2026
01 - ADMINISTRATIVA Y FINANCIERA;2.1.1 Gastos de Personal; - N/A;2.1.1.02.02.003;Aportes de cesantías ;10.0 - Aportes Nacion - Funcionamiento;$ 6,724,129,423.00;$ 6,680,129,423.00;$ 3,926,888,137.00;$ 3,926,888,137.00;31/08/2026
01 - ADMINISTRATIVA Y FINANCIERA;2.1.1 Gastos de Personal; - N/A;2.1.1.02.02.004;Aportes a cajas de compensación familiar;10.0 - Aportes Nacion - Funcionamiento;$ 3,438,587,289.00;$ 3,438,587,289.00;$ 1,892,229,900.00;$ 1,892,229,900.00;31/08/2026
01 - ADMINISTRATIVA Y FINANCIERA;2.1.1 Gastos de Personal; - N/A;2.1.1.02.02.005;Aportes generales al sistema de riesgos laborales;10.0 - Aportes Nacion - Funcionamiento;$ 497,134,730.00;$ 941,134,730.00;$ 571,071,200.00;$ 571,071,200.00;31/08/2026
01 - ADMINISTRATIVA Y FINANCIERA;2.1.1 Gastos de Personal; - N/A;2.1.1.02.02.006;Aportes al ICBF;10.0 - Aportes Nacion - Funcionamiento;$ 2,578,939,745.00;$ 2,508,974,803.00;$ 1,419,372,100.00;$ 1,419,372,100.00;31/08/2026
01 - ADMINISTRATIVA Y FINANCIERA;2.1.1 Gastos de Personal; - N/A;2.1.1.02.03.001.01.01;Vacaciones supernumerarios;10.0 - Aportes Nacion - Funcionamiento;$ 153,607,834.00;$ 153,607,834.00;$ 9,611,855.00;$ 9,611,855.00;31/08/2026
01 - ADMINISTRATIVA Y FINANCIERA;2.1.1 Gastos de Personal; - N/A;2.1.1.02.03.001.01.02;Vacaciones docentes ocasionales;10.0 - Aportes Nacion - Funcionamiento;$ 0.00;$ 921,704,352.00;$ 455,819,132.00;$ 455,819,132.00;31/08/2026
01 - ADMINISTRATIVA Y FINANCIERA;2.1.1 Gastos de Personal; - N/A;2.1.1.02.03.001.01.03;Vacaciones docentes catedráticos;10.0 - Aportes Nacion - Funcionamiento;$ 0.00;$ 100,000.00;$ 75,067.00;$ 75,067.00;31/08/2026
01 - ADMINISTRATIVA Y FINANCIERA;2.1.1 Gastos de Personal; - N/A;2.1.1.02.03.001.02;Indemnización por vacaciones;10.0 - Aportes Nacion - Funcionamiento;$ 3,009,533,543.00;$ 0.00;$ 0.00;$ 0.00;31/08/2026
01 - ADMINISTRATIVA Y FINANCIERA;2.1.1 Gastos de Personal; - N/A;2.1.1.02.03.001.03;Bonificación especial de recreación;10.0 - Aportes Nacion - Funcionamiento;$ 278,686,426.00;$ 128,686,426.00;$ 11,982,931.00;$ 11,982,931.00;31/08/2026
01 - ADMINISTRATIVA Y FINANCIERA;2.1.1 Gastos de Personal; - N/A;2.1.1.02.03.090;Bonificación por productividad académica;10.0 - Aportes Nacion - Funcionamiento;$ 0.00;$ 252,366,166.00;$ 232,492,421.00;$ 232,492,421.00;31/08/2026
01 - ADMINISTRATIVA Y FINANCIERA;2.1.2 Gastos de Funcionamiento; - N/A;2.1.2.02.01.001;"Minerales; electricidad, gas y agua";10.0 - Aportes Nacion - Funcionamiento;$ 90,853,819.00;$ 690,853,819.00;$ 242,653,796.00;$ 235,467,286.00;31/08/2026
01 - ADMINISTRATIVA Y FINANCIERA;2.1.2 Gastos de Funcionamiento; - N/A;2.1.2.02.01.002;"Productos alimenticios, bebidas y tabaco; textiles, prendas de vestir y productos de cuero";10.0 - Aportes Nacion - Funcionamiento;$ 0.00;$ 2,744,206,876.00;$ 189,564,634.00;$ 158,719,106.00;31/08/2026
01 - ADMINISTRATIVA Y FINANCIERA;2.1.2 Gastos de Funcionamiento; - N/A;2.1.2.02.01.003;Otros bienes transportables (excepto productos metálicos, maquinaria y equipo);10.0 - Aportes Nacion - Funcionamiento;$ 0.00;$ 377,652,340.00;$ 375,980,633.92;$ 236,448,710.00;31/08/2026
01 - ADMINISTRATIVA Y FINANCIERA;2.1.2 Gastos de Funcionamiento; - N/A;2.1.2.02.01.004;Productos metálicos, maquinaria y equipo;10.0 - Aportes Nacion - Funcionamiento;$ 84,356,098.00;$ 2,032,259,448.51;$ 1,910,816,068.23;$ 1,897,423,100.51;31/08/2026
01 - ADMINISTRATIVA Y FINANCIERA;2.1.2 Gastos de Funcionamiento; - N/A;2.1.2.02.02.006.00;"Comercio y distribución; alojamiento; servicios de suministro de comidas y bebidas; servicios de transporte; y servicios de distribución de electricidad, gas y agua";10.0 - Aportes Nacion - Funcionamiento;$ 1,588,700,955.00;$ 9,049,239,403.93;$ 8,899,797,076.50;$ 2,470,502,232.62;31/08/2026
01 - ADMINISTRATIVA Y FINANCIERA;2.1.2 Gastos de Funcionamiento; - N/A;2.1.2.02.02.007;"Servicios financieros y servicios conexos; servicios inmobiliarios; y servicios de arrendamiento y leasing";10.0 - Aportes Nacion - Funcionamiento;$ 271,760,107.00;$ 1,440,475,545.88;$ 1,425,104,284.88;$ 1,059,150,375.10;31/08/2026
01 - ADMINISTRATIVA Y FINANCIERA;2.1.2 Gastos de Funcionamiento; - N/A;2.1.2.02.02.008;Servicios prestados a las empresas y servicios de producción ;10.0 - Aportes Nacion - Funcionamiento;$ 7,084,935,980.00;$ 25,840,876,190.38;$ 25,714,371,381.80;$ 11,070,326,166.08;31/08/2026
01 - ADMINISTRATIVA Y FINANCIERA;2.1.2 Gastos de Funcionamiento; - N/A;2.1.2.02.02.009.00;Servicios para la comunidad, sociales y personales;10.0 - Aportes Nacion - Funcionamiento;$ 763,001,038.00;$ 2,912,125,115.00;$ 2,613,546,875.45;$ 1,375,554,128.00;31/08/2026
01 - ADMINISTRATIVA Y FINANCIERA;2.1.2 Gastos de Funcionamiento; - N/A;2.1.2.02.02.010;Viáticos de los funcionarios en comisión;10.0 - Aportes Nacion - Funcionamiento;$ 41,520,522.00;$ 131,520,522.00;$ 90,733,856.00;$ 78,567,784.00;31/08/2026
01 - ADMINISTRATIVA Y FINANCIERA;2.1.3 Transferencias Corrientes; - N/A;2.1.3.03.03.001;Membresías internacionales;10.0 - Aportes Nacion - Funcionamiento;$ 0.00;$ 9,000,000.00;$ 7,300,000.00;$ 7,300,000.00;31/08/2026
01 - ADMINISTRATIVA Y FINANCIERA;2.1.3 Transferencias Corrientes; - N/A;2.1.3.04.05.001;Membresías nacionales;10.0 - Aportes Nacion - Funcionamiento;$ 0.00;$ 100,000,000.00;$ 92,509,230.00;$ 92,509,230.00;31/08/2026
01 - ADMINISTRATIVA Y FINANCIERA;2.1.3 Transferencias Corrientes; - N/A;2.1.3.07.02.011;Devolución de Dotación;10.0 - Aportes Nacion - Funcionamiento;$ 0.00;$ 6,000,000.00;$ 912,204.00;$ 912,204.00;31/08/2026
01 - ADMINISTRATIVA Y FINANCIERA;2.1.3 Transferencias Corrientes; - N/A;2.1.3.07.02.012.02;Auxilios funerarios a cargo de la entidad;10.0 - Aportes Nacion - Funcionamiento;$ 0.00;$ 1,976,400.00;$ 1,952,789.99;$ 1,952,789.99;31/08/2026
01 - ADMINISTRATIVA Y FINANCIERA;2.1.3 Transferencias Corrientes; - N/A;2.1.3.07.02.030;Auxilio sindical (no de pensiones);10.0 - Aportes Nacion - Funcionamiento;$ 1,572,030.00;$ 71,480,681.35;$ 71,042,955.35;$ 71,042,955.35;31/08/2026
01 - ADMINISTRATIVA Y FINANCIERA;2.1.3 Transferencias Corrientes; - N/A;2.1.3.07.02.094;Auxilios Salud Visual;10.0 - Aportes Nacion - Funcionamiento;$ 1,325,209.00;$ 1,325,209.00;$ 0.00;$ 0.00;31/08/2026
01 - ADMINISTRATIVA Y FINANCIERA;2.1.3 Transferencias Corrientes; - N/A;2.1.3.07.02.097;Auxilios Médicos;10.0 - Aportes Nacion - Funcionamiento;$ 4,323,194.00;$ 4,323,194.00;$ 2,660,000.00;$ 2,660,000.00;31/08/2026
01 - ADMINISTRATIVA Y FINANCIERA;2.1.3 Transferencias Corrientes; - N/A;2.1.3.07.03.013;Afiliación Riesgos Laborales contratistas Grado IV y V;10.0 - Aportes Nacion - Funcionamiento;$ 36,060,124.00;$ 36,060,124.00;$ 18,786,500.00;$ 18,786,500.00;31/08/2026
01 - ADMINISTRATIVA Y FINANCIERA;2.1.3 Transferencias Corrientes; - N/A;2.1.3.08.02;Apoyo socieconómico a estudiantes;10.0 - Aportes Nacion - Funcionamiento;$ 34,535,752.00;$ 34,535,752.00;$ 0.00;$ 0.00;31/08/2026
01 - ADMINISTRATIVA Y FINANCIERA;2.1.3 Transferencias Corrientes; - N/A;2.1.3.13.01.001;Sentencias;10.0 - Aportes Nacion - Funcionamiento;$ 0.00;$ 100,000,000.00;$ 19,867,750.00;$ 19,867,750.00;31/08/2026
01 - ADMINISTRATIVA Y FINANCIERA;2.1.8 Tasas y Multas; - N/A;2.1.8.01.51;Impuesto sobre vehículos automotores;10.0 - Aportes Nacion - Funcionamiento;$ 0.00;$ 3,431,000.00;$ 3,431,000.00;$ 3,431,000.00;31/08/2026
01 - ADMINISTRATIVA Y FINANCIERA;2.1.8 Tasas y Multas; - N/A;2.1.8.01.52;Impuesto predial unificado;10.0 - Aportes Nacion - Funcionamiento;$ 3,624,235,473.00;$ 2,366,303,244.00;$ 2,359,326,844.00;$ 2,359,326,844.00;31/08/2026
01 - ADMINISTRATIVA Y FINANCIERA;2.1.8 Tasas y Multas; - N/A;2.1.8.03;Tasas y derechos administrativos;10.0 - Aportes Nacion - Funcionamiento;$ 56,076,196.00;$ 109,099,796.00;$ 106,736,909.00;$ 106,736,909.00;31/08/2026
01 - ADMINISTRATIVA Y FINANCIERA;2.1.1 Gastos de Personal; - N/A;2.1.1.01.02.005;Aportes generales al sistema de riesgos laborales;10.1 - Aportes Nación - PIC Convencional;$ 0.00;$ 0.00;$ 0.00;$ 0.00;31/08/2026
01 - ADMINISTRATIVA Y FINANCIERA;2.1.2 Gastos de Funcionamiento; - N/A;2.1.2.02.01.001;"Minerales; electricidad, gas y agua";10.1 - Aportes Nación - PIC Convencional;$ 0.00;$ 0.00;$ 0.00;$ 0.00;31/08/2026
01 - ADMINISTRATIVA Y FINANCIERA;2.1.2 Gastos de Funcionamiento; - N/A;2.1.2.02.01.004;Productos metálicos, maquinaria y equipo;10.1 - Aportes Nación - PIC Convencional;$ 0.00;$ 1,351,665,463.91;$ 0.00;$ 0.00;31/08/2026
01 - ADMINISTRATIVA Y FINANCIERA;2.1.2 Gastos de Funcionamiento; - N/A;2.1.2.02.02.006.00;"Comercio y distribución; alojamiento; servicios de suministro de comidas y bebidas; servicios de transporte; y servicios de distribución de electricidad, gas y agua";10.1 - Aportes Nación - PIC Convencional;$ 0.00;$ 79,300,000.00;$ 79,300,000.00;$ 17,043,000.00;31/08/2026
01 - ADMINISTRATIVA Y FINANCIERA;2.1.2 Gastos de Funcionamiento; - N/A;2.1.2.02.02.007;"Servicios financieros y servicios conexos; servicios inmobiliarios; y servicios de arrendamiento y leasing";10.1 - Aportes Nación - PIC Convencional;$ 0.00;$ 9,600,000.00;$ 9,600,000.00;$ 0.00;31/08/2026
01 - ADMINISTRATIVA Y FINANCIERA;2.1.2 Gastos de Funcionamiento; - N/A;2.1.2.02.02.008;Servicios prestados a las empresas y servicios de producción ;10.1 - Aportes Nación - PIC Convencional;$ 0.00;$ 270,146,963.00;$ 268,866,963.00;$ 158,237,271.00;31/08/2026
01 - ADMINISTRATIVA Y FINANCIERA;2.1.2 Gastos de Funcionamiento; - N/A;2.1.2.02.02.009.00;Servicios para la comunidad, sociales y personales;10.1 - Aportes Nación - PIC Convencional;$ 0.00;$ 256,943,666.00;$ 242,846,332.00;$ 136,427,749.00;31/08/2026
01 - ADMINISTRATIVA Y FINANCIERA;2.1.3 Transferencias Corrientes; - N/A;2.1.3.04.05.001;Membresías nacionales;10.1 - Aportes Nación - PIC Convencional;$ 0.00;$ 0.00;$ 0.00;$ 0.00;31/08/2026
01 - ADMINISTRATIVA Y FINANCIERA;2.1.8 Tasas y Multas; - N/A;2.1.8.03;Tasas y derechos administrativos;10.1 - Aportes Nación - PIC Convencional;$ 0.00;$ 0.00;$ 0.00;$ 0.00;31/08/2026
01 - ADMINISTRATIVA Y FINANCIERA;2.1.2 Gastos de Funcionamiento; - N/A;2.1.2.02.01.001;"Minerales; electricidad, gas y agua";10.2 - Aportes Nación - PIC Territorial;$ 0.00;$ 0.00;$ 0.00;$ 0.00;31/08/2026
01 - ADMINISTRATIVA Y FINANCIERA;2.1.2 Gastos de Funcionamiento; - N/A;2.1.2.02.01.004;Productos metálicos, maquinaria y equipo;10.2 - Aportes Nación - PIC Territorial;$ 0.00;$ 865,579,890.56;$ 0.00;$ 0.00;31/08/2026
01 - ADMINISTRATIVA Y FINANCIERA;2.1.2 Gastos de Funcionamiento; - N/A;2.1.2.02.02.006.00;"Comercio y distribución; alojamiento; servicios de suministro de comidas y bebidas; servicios de transporte; y servicios de distribución de electricidad, gas y agua";10.2 - Aportes Nación - PIC Territorial;$ 0.00;$ 0.00;$ 0.00;$ 0.00;31/08/2026
01 - ADMINISTRATIVA Y FINANCIERA;2.1.2 Gastos de Funcionamiento; - N/A;2.1.2.02.02.007;"Servicios financieros y servicios conexos; servicios inmobiliarios; y servicios de arrendamiento y leasing";10.2 - Aportes Nación - PIC Territorial;$ 0.00;$ 0.00;$ 0.00;$ 0.00;31/08/2026
01 - ADMINISTRATIVA Y FINANCIERA;2.1.2 Gastos de Funcionamiento; - N/A;2.1.2.02.02.008;Servicios prestados a las empresas y servicios de producción ;10.2 - Aportes Nación - PIC Territorial;$ 0.00;$ 0.00;$ 0.00;$ 0.00;31/08/2026
01 - ADMINISTRATIVA Y FINANCIERA;2.1.2 Gastos de Funcionamiento; - N/A;2.1.2.02.02.009.00;Servicios para la comunidad, sociales y personales;10.2 - Aportes Nación - PIC Territorial;$ 0.00;$ 0.00;$ 0.00;$ 0.00;31/08/2026
01 - ADMINISTRATIVA Y FINANCIERA;2.1.2 Gastos de Funcionamiento; - N/A;2.1.2.02.02.010;Viáticos de los funcionarios en comisión;10.2 - Aportes Nación - PIC Territorial;$ 0.00;$ 70,897,893.00;$ 57,054,937.00;$ 43,462,914.00;31/08/2026
01 - ADMINISTRATIVA Y FINANCIERA;2.1.3 Transferencias Corrientes; - N/A;2.1.3.04.05.001;Membresías nacionales;10.2 - Aportes Nación - PIC Territorial;$ 0.00;$ 0.00;$ 0.00;$ 0.00;31/08/2026
01 - ADMINISTRATIVA Y FINANCIERA;2.1.8 Tasas y Multas; - N/A;2.1.8.03;Tasas y derechos administrativos;10.2 - Aportes Nación - PIC Territorial;$ 0.00;$ 0.00;$ 0.00;$ 0.00;31/08/2026
01 - ADMINISTRATIVA Y FINANCIERA;2.1.1 Gastos de Personal; - N/A;2.1.1.01.01.001.01.01;Sueldo básico administrativos;10.5 - Aportes Nación - Política de gratuidad;$ 3,083,583,647.00;$ 1,783,583,647.00;$ 1,783,583,647.00;$ 1,783,583,647.00;31/08/2026
01 - ADMINISTRATIVA Y FINANCIERA;2.1.1 Gastos de Personal; - N/A;2.1.1.01.01.001.01.02;Sueldo básico docentes;10.5 - Aportes Nación - Política de gratuidad;$ 2,846,047,059.00;$ 1,346,047,059.00;$ 0.00;$ 0.00;31/08/2026
01 - ADMINISTRATIVA Y FINANCIERA;2.1.1 Gastos de Personal; - N/A;2.1.1.01.01.001.01.03;Sueldo básico trabajadores oficiales;10.5 - Aportes Nación - Política de gratuidad;$ 481,948,927.00;$ 481,948,927.00;$ 0.00;$ 0.00;31/08/2026
01 - ADMINISTRATIVA Y FINANCIERA;2.1.1 Gastos de Personal; - N/A;2.1.1.01.01.001.02;Horas extras, dominicales, festivos y recargos;10.5 - Aportes Nación - Política de gratuidad;$ 125,905,589.00;$ 125,905,589.00;$ 82,592,896.00;$ 82,592,896.00;31/08/2026
01 - ADMINISTRATIVA Y FINANCIERA;2.1.1 Gastos de Personal; - N/A;2.1.1.01.01.001.03;Gastos de representación;10.5 - Aportes Nación - Política de gratuidad;$ 2,640,999,487.00;$ 2,640,999,487.00;$ 2,640,999,487.00;$ 2,640,999,487.00;31/08/2026
01 - ADMINISTRATIVA Y FINANCIERA;2.1.1 Gastos de Personal; - N/A;2.1.1.01.01.001.06.01;Prima de servicio administrativos;10.5 - Aportes Nación - Política de gratuidad;$ 306,234,094.00;$ 306,234,094.00;$ 0.00;$ 0.00;31/08/2026
01 - ADMINISTRATIVA Y FINANCIERA;2.1.1 Gastos de Personal; - N/A;2.1.1.01.01.001.06.02;Prima de servicio docentes;10.5 - Aportes Nación - Política de gratuidad;$ 603,797,517.00;$ 603,797,517.00;$ 0.00;$ 0.00;31/08/2026
01 - ADMINISTRATIVA Y FINANCIERA;2.1.1 Gastos de Personal; - N/A;2.1.1.01.01.001.06.03;Prima de servicio trabajadores oficiales;10.5 - Aportes Nación - Política de gratuidad;$ 61,084,452.00;$ 61,084,452.00;$ 9,050,462.00;$ 9,050,462.00;31/08/2026
01 - ADMINISTRATIVA Y FINANCIERA;2.1.1 Gastos de Personal; - N/A;2.1.1.01.01.001.07.01;Bonificación por servicios prestados administrativos;10.5 - Aportes Nación - Política de gratuidad;$ 107,752,453.00;$ 107,752,453.00;$ 0.00;$ 0.00;31/08/2026
01 - ADMINISTRATIVA Y FINANCIERA;2.1.1 Gastos de Personal; - N/A;2.1.1.01.01.001.07.02;Bonificación por servicios prestados docentes;10.5 - Aportes Nación - Política de gratuidad;$ 181,640,927.00;$ 181,640,927.00;$ 0.00;$ 0.00;31/08/2026
01 - ADMINISTRATIVA Y FINANCIERA;2.1.1 Gastos de Personal; - N/A;2.1.1.01.01.001.07.03;Bonificación por servicios prestados trabajadores oficiales;10.5 - Aportes Nación - Política de gratuidad;$ 120,105,694.00;$ 120,105,694.00;$ 120,105,694.00;$ 120,105,694.00;31/08/2026
01 - ADMINISTRATIVA Y FINANCIERA;2.1.1 Gastos de Personal; - N/A;2.1.1.01.01.001.09;Prima técnica salarial;10.5 - Aportes Nación - Política de gratuidad;$ 47,172,946.00;$ 47,172,946.00;$ 0.00;$ 0.00;31/08/2026
01 - ADMINISTRATIVA Y FINANCIERA;2.1.1 Gastos de Personal; - N/A;2.1.1.01.01.002.12.02.02;Beneficios a los empleados a largo plazo trabajadores oficiales;10.5 - Aportes Nación - Política de gratuidad;$ 86,405,428.00;$ 86,405,428.00;$ 0.00;$ 0.00;31/08/2026
01 - ADMINISTRATIVA Y FINANCIERA;2.1.1 Gastos de Personal; - N/A;2.1.1.01.02.001;Aportes a la seguridad social en pensiones;10.5 - Aportes Nación - Política de gratuidad;$ 965,006,788.00;$ 965,006,788.00;$ 961,354,388.00;$ 961,354,388.00;31/08/2026
01 - ADMINISTRATIVA Y FINANCIERA;2.1.1 Gastos de Personal; - N/A;2.1.1.01.02.002;Aportes a la seguridad social en salud;10.5 - Aportes Nación - Política de gratuidad;$ 823,182,998.00;$ 823,182,998.00;$ 823,182,998.00;$ 823,182,998.00;31/08/2026
01 - ADMINISTRATIVA Y FINANCIERA;2.1.1 Gastos de Personal; - N/A;2.1.1.01.02.003;Aportes de cesantías ;10.5 - Aportes Nación - Política de gratuidad;$ 945,540,266.00;$ 945,540,266.00;$ 909,398,454.00;$ 909,398,454.00;31/08/2026
01 - ADMINISTRATIVA Y FINANCIERA;2.1.1 Gastos de Personal; - N/A;2.1.1.01.02.004;Aportes a cajas de compensación familiar;10.5 - Aportes Nación - Política de gratuidad;$ 429,505,309.00;$ 429,505,309.00;$ 429,505,309.00;$ 429,505,309.00;31/08/2026
01 - ADMINISTRATIVA Y FINANCIERA;2.1.1 Gastos de Personal; - N/A;2.1.1.01.02.005;Aportes generales al sistema de riesgos laborales;10.5 - Aportes Nación - Política de gratuidad;$ 78,180,504.00;$ 78,180,504.00;$ 78,180,504.00;$ 78,180,504.00;31/08/2026
01 - ADMINISTRATIVA Y FINANCIERA;2.1.1 Gastos de Personal; - N/A;2.1.1.01.02.006;Aportes al ICBF;10.5 - Aportes Nación - Política de gratuidad;$ 287,889,006.00;$ 287,889,006.00;$ 287,889,006.00;$ 287,889,006.00;31/08/2026
01 - ADMINISTRATIVA Y FINANCIERA;2.1.1 Gastos de Personal; - N/A;2.1.1.02.01.001.01.02;Sueldo básico docentes ocasionales;10.5 - Aportes Nación - Política de gratuidad;$ 3,999,375,108.00;$ 3,999,375,108.00;$ 0.00;$ 0.00;31/08/2026
01 - ADMINISTRATIVA Y FINANCIERA;2.1.1 Gastos de Personal; - N/A;2.1.1.02.01.001.01.03;Sueldo básico docentes catédraticos;10.5 - Aportes Nación - Política de gratuidad;$ 77,321,745.00;$ 77,321,745.00;$ 77,321,745.00;$ 77,321,745.00;31/08/2026
01 - ADMINISTRATIVA Y FINANCIERA;2.1.1 Gastos de Personal; - N/A;2.1.1.02.02.001;Aportes a la seguridad social en pensiones;10.5 - Aportes Nación - Política de gratuidad;$ 777,610,294.00;$ 777,610,294.00;$ 275,133,300.00;$ 275,133,300.00;31/08/2026
01 - ADMINISTRATIVA Y FINANCIERA;2.1.1 Gastos de Personal; - N/A;2.1.1.02.02.002;Aportes a la seguridad social en salud;10.5 - Aportes Nación - Política de gratuidad;$ 569,090,146.00;$ 69,090,146.00;$ 69,090,146.00;$ 69,090,146.00;31/08/2026
01 - ADMINISTRATIVA Y FINANCIERA;2.1.1 Gastos de Personal; - N/A;2.1.1.02.02.003;Aportes de cesantías ;10.5 - Aportes Nación - Política de gratuidad;$ 580,964,477.00;$ 580,964,477.00;$ 425,894,782.00;$ 425,894,782.00;31/08/2026
01 - ADMINISTRATIVA Y FINANCIERA;2.1.1 Gastos de Personal; - N/A;2.1.1.02.02.004;Aportes a cajas de compensación familiar;10.5 - Aportes Nación - Política de gratuidad;$ 275,462,952.00;$ 275,462,952.00;$ 205,197,900.00;$ 205,197,900.00;31/08/2026
01 - ADMINISTRATIVA Y FINANCIERA;2.1.1 Gastos de Personal; - N/A;2.1.1.02.02.006;Aportes al ICBF;10.5 - Aportes Nación - Política de gratuidad;$ 206,619,330.00;$ 206,619,330.00;$ 153,913,900.00;$ 153,913,900.00;31/08/2026
01 - ADMINISTRATIVA Y FINANCIERA;2.1.2 Gastos de Funcionamiento; - N/A;2.1.2.02.02.008;Servicios prestados a las empresas y servicios de producción ;10.5 - Aportes Nación - Política de gratuidad;$ 0.00;$ 1,800,000,000.00;$ 1,798,339,496.00;$ 1,604,052,593.00;31/08/2026
01 - ADMINISTRATIVA Y FINANCIERA;2.1.3 Transferencias Corrientes; - N/A;2.1.3.07.02.011;Devolución de Dotación;10.5 - Aportes Nación - Política de gratuidad;$ 0.00;$ 50,000,000.00;$ 45,396,312.00;$ 24,464,000.00;31/08/2026
01 - ADMINISTRATIVA Y FINANCIERA;2.1.8 Tasas y Multas; - N/A;2.1.8.01.14;Gravamen a los movimientos financieros;10.5 - Aportes Nación - Política de gratuidad;$ 0.00;$ 270,000,000.00;$ 0.00;$ 0.00;31/08/2026
01 - ADMINISTRATIVA Y FINANCIERA;2.1.8 Tasas y Multas; - N/A;2.1.8.01.52;Impuesto predial unificado;10.5 - Aportes Nación - Política de gratuidad;$ 0.00;$ 1,180,000,000.00;$ 1,134,043,000.00;$ 1,134,043,000.00;31/08/2026
01 - ADMINISTRATIVA Y FINANCIERA;2.3 Gastos de Inversión;23.1.1.1 - Transformación de la estructura académica y curricular para la excelencia académica;2.3.2.02.01.003;Otros bienes transportables (excepto productos metálicos, maquinaria y equipo);12 - Estampillas Otras Universidades;$ 259,267,504.00;$ 259,465,004.30;$ 0.00;$ 0.00;31/08/2026
01 - ADMINISTRATIVA Y FINANCIERA;2.3 Gastos de Inversión;23.1.1.1 - Transformación de la estructura académica y curricular para la excelencia académica;2.3.2.02.01.004;Productos metálicos, maquinaria y equipo;12 - Estampillas Otras Universidades;$ 0.00;$ 110,744.14;$ 110,744.14;$ 0.00;31/08/2026
01 - ADMINISTRATIVA Y FINANCIERA;2.3 Gastos de Inversión;23.1.2.1 - Implementación y modernización de las capacidades institucionales de investigación al servicio de las comunidades;2.3.2.02.01.000;Agricultura, silvicultura y productos de la pesca;12 - Estampillas Otras Universidades;$ 5,000,000.00;$ 5,000,000.00;$ 0.00;$ 0.00;31/08/2026
01 - ADMINISTRATIVA Y FINANCIERA;2.3 Gastos de Inversión;23.1.2.1 - Implementación y modernización de las capacidades institucionales de investigación al servicio de las comunidades;2.3.2.02.01.002;"Productos alimenticios, bebidas y tabaco; textiles, prendas de vestir y productos de cuero";12 - Estampillas Otras Universidades;$ 10,000,000.00;$ 8,500,000.00;$ 0.00;$ 0.00;31/08/2026
01 - ADMINISTRATIVA Y FINANCIERA;2.3 Gastos de Inversión;23.1.2.1 - Implementación y modernización de las capacidades institucionales de investigación al servicio de las comunidades;2.3.2.02.01.003;Otros bienes transportables (excepto productos metálicos, maquinaria y equipo);12 - Estampillas Otras Universidades;$ 100,000,000.00;$ 97,528,670.00;$ 31,606,628.77;$ 0.00;31/08/2026
01 - ADMINISTRATIVA Y FINANCIERA;2.3 Gastos de Inversión;23.1.2.1 - Implementación y modernización de las capacidades institucionales de investigación al servicio de las comunidades;2.3.2.02.01.004;Productos metálicos, maquinaria y equipo;12 - Estampillas Otras Universidades;$ 100,000,000.00;$ 132,097,400.18;$ 30,024,376.99;$ 0.00;31/08/2026
01 - ADMINISTRATIVA Y FINANCIERA;2.3 Gastos de Inversión;23.1.2.2 - Fortalecimiento e implementación de capacidades institucionales para el desarrollo tecnológico, la innovación,  creación y el emprendimiento como mecanismo para la generación de valor;2.3.2.02.01.003;Otros bienes transportables (excepto productos metálicos, maquinaria y equipo);12 - Estampillas Otras Universidades;$ 60,000,000.00;$ 76,295,600.00;$ 0.00;$ 0.00;31/08/2026
01 - ADMINISTRATIVA Y FINANCIERA;2.3 Gastos de Inversión;23.1.2.2 - Fortalecimiento e implementación de capacidades institucionales para el desarrollo tecnológico, la innovación,  creación y el emprendimiento como mecanismo para la generación de valor;2.3.2.02.01.004;Productos metálicos, maquinaria y equipo;12 - Estampillas Otras Universidades;$ 60,000,000.00;$ 217,078,786.76;$ 42,497,118.23;$ 0.00;31/08/2026
01 - ADMINISTRATIVA Y FINANCIERA;2.3 Gastos de Inversión;"23.2.4.1 - Contribuir con la formación integral, calidad de vida y construcción de
comunidad, a través de proyectos que respondan
a necesidades e intereses de los estamentos, en el marco de una universidad saludable.";2.3.2.02.01.002;"Productos alimenticios, bebidas y tabaco; textiles, prendas de vestir y productos de cuero";12 - Estampillas Otras Universidades;$ 0.00;$ 230,868.00;$ 0.00;$ 0.00;31/08/2026
01 - ADMINISTRATIVA Y FINANCIERA;2.3 Gastos de Inversión;"23.2.4.1 - Contribuir con la formación integral, calidad de vida y construcción de
comunidad, a través de proyectos que respondan
a necesidades e intereses de los estamentos, en el marco de una universidad saludable.";2.3.2.02.01.003;Otros bienes transportables (excepto productos metálicos, maquinaria y equipo);12 - Estampillas Otras Universidades;$ 0.00;$ 669,920,442.93;$ 666,028,368.73;$ 199,574,249.33;31/08/2026
01 - ADMINISTRATIVA Y FINANCIERA;2.3 Gastos de Inversión;23.3.1.1 - Mejoramiento del nivel de conectividad y acceso a la red de datos para los servicios de tecnología e información ;2.3.2.02.01.004;Productos metálicos, maquinaria y equipo;12 - Estampillas Otras Universidades;$ 514,935,610.00;$ 1,116,049,864.36;$ 1,056,251,040.85;$ 0.00;31/08/2026
01 - ADMINISTRATIVA Y FINANCIERA;2.3 Gastos de Inversión;23.3.3.1 - Fortalecimiento de la infraestructura física para el campus amigable;2.3.2.02.01.003;Otros bienes transportables (excepto productos metálicos, maquinaria y equipo);12 - Estampillas Otras Universidades;$ 639,670,164.00;$ 811,031,537.74;$ 34,308,159.80;$ 0.00;31/08/2026
01 - ADMINISTRATIVA Y FINANCIERA;2.3 Gastos de Inversión;23.3.3.1 - Fortalecimiento de la infraestructura física para el campus amigable;2.3.2.02.01.004;Productos metálicos, maquinaria y equipo;12 - Estampillas Otras Universidades;$ 0.00;$ 1,507,270,892.79;$ 988,049,892.79;$ 155,624,000.00;31/08/2026
01 - ADMINISTRATIVA Y FINANCIERA;2.3 Gastos de Inversión;23.1.1.1 - Transformación de la estructura académica y curricular para la excelencia académica;2.3.2.02.02.005;Construcción y servicios de la construcción;12 - Estampillas Otras Universidades;$ 0.00;$ 0.00;$ 0.00;$ 0.00;31/08/2026
01 - ADMINISTRATIVA Y FINANCIERA;2.3 Gastos de Inversión;23.1.1.1 - Transformación de la estructura académica y curricular para la excelencia académica;2.3.2.02.02.008;Servicios prestados a las empresas y servicios de producción ;12 - Estampillas Otras Universidades;$ 448,338,195.00;$ 478,608,595.00;$ 28,746,667.00;$ 13,720,000.00;31/08/2026
01 - ADMINISTRATIVA Y FINANCIERA;2.3 Gastos de Inversión;23.1.1.1 - Transformación de la estructura académica y curricular para la excelencia académica;2.3.2.02.02.009.00;Servicios para la comunidad, sociales y personales;12 - Estampillas Otras Universidades;$ 0.00;$ 234,086.60;$ 0.00;$ 0.00;31/08/2026
01 - ADMINISTRATIVA Y FINANCIERA;2.3 Gastos de Inversión;23.1.2.1 - Implementación y modernización de las capacidades institucionales de investigación al servicio de las comunidades;2.3.2.02.02.006.00;"Comercio y distribución; alojamiento; servicios de suministro de comidas y bebidas; servicios de transporte; y servicios de distribución de electricidad, gas y agua";12 - Estampillas Otras Universidades;$ 100,000,000.00;$ 113,890,543.00;$ 0.00;$ 0.00;31/08/2026
01 - ADMINISTRATIVA Y FINANCIERA;2.3 Gastos de Inversión;23.1.2.1 - Implementación y modernización de las capacidades institucionales de investigación al servicio de las comunidades;2.3.2.02.02.007;"Servicios financieros y servicios conexos; servicios inmobiliarios; y servicios de arrendamiento y leasing";12 - Estampillas Otras Universidades;$ 5,000,000.00;$ 0.00;$ 0.00;$ 0.00;31/08/2026
01 - ADMINISTRATIVA Y FINANCIERA;2.3 Gastos de Inversión;23.1.2.1 - Implementación y modernización de las capacidades institucionales de investigación al servicio de las comunidades;2.3.2.02.02.008;Servicios prestados a las empresas y servicios de producción ;12 - Estampillas Otras Universidades;$ 1,983,177,794.00;$ 2,820,243,465.45;$ 2,454,502,112.10;$ 1,129,587,645.40;31/08/2026
01 - ADMINISTRATIVA Y FINANCIERA;2.3 Gastos de Inversión;23.1.2.1 - Implementación y modernización de las capacidades institucionales de investigación al servicio de las comunidades;2.3.2.02.02.009.00;Servicios para la comunidad, sociales y personales;12 - Estampillas Otras Universidades;$ 155,000,000.00;$ 164,280,578.70;$ 21,034,664.30;$ 10,172,760.30;31/08/2026
01 - ADMINISTRATIVA Y FINANCIERA;2.3 Gastos de Inversión;23.1.2.1 - Implementación y modernización de las capacidades institucionales de investigación al servicio de las comunidades;2.3.2.02.02.010;Viáticos de los funcionarios en comisión;12 - Estampillas Otras Universidades;$ 250,000,000.00;$ 248,891,398.50;$ 198,694,869.47;$ 198,694,869.47;31/08/2026
01 - ADMINISTRATIVA Y FINANCIERA;2.3 Gastos de Inversión;23.1.2.2 - Fortalecimiento e implementación de capacidades institucionales para el desarrollo tecnológico, la innovación,  creación y el emprendimiento como mecanismo para la generación de valor;2.3.2.02.02.008;Servicios prestados a las empresas y servicios de producción ;12 - Estampillas Otras Universidades;$ 254,474,166.00;$ 573,069,766.00;$ 431,811,280.00;$ 174,139,670.00;31/08/2026
01 - ADMINISTRATIVA Y FINANCIERA;2.3 Gastos de Inversión;23.1.2.2 - Fortalecimiento e implementación de capacidades institucionales para el desarrollo tecnológico, la innovación,  creación y el emprendimiento como mecanismo para la generación de valor;2.3.2.02.02.009.00;Servicios para la comunidad, sociales y personales;12 - Estampillas Otras Universidades;$ 0.00;$ 15,066,819.00;$ 0.00;$ 0.00;31/08/2026
01 - ADMINISTRATIVA Y FINANCIERA;2.3 Gastos de Inversión;23.1.2.2 - Fortalecimiento e implementación de capacidades institucionales para el desarrollo tecnológico, la innovación,  creación y el emprendimiento como mecanismo para la generación de valor;2.3.2.02.02.010;Viáticos de los funcionarios en comisión;12 - Estampillas Otras Universidades;$ 10,000,000.00;$ 10,000,000.00;$ 0.00;$ 0.00;31/08/2026
01 - ADMINISTRATIVA Y FINANCIERA;2.3 Gastos de Inversión;23.1.2.3 - Extensión y proyección social como estrategia para el desarrollo en los territorios;2.3.2.02.02.009.00;Servicios para la comunidad, sociales y personales;12 - Estampillas Otras Universidades;$ 0.00;$ 0.60;$ 0.00;$ 0.00;31/08/2026
01 - ADMINISTRATIVA Y FINANCIERA;2.3 Gastos de Inversión;23.2.2.1 - Modernización de la gestión y eficiencia administrativa;2.3.2.02.02.008;Servicios prestados a las empresas y servicios de producción ;12 - Estampillas Otras Universidades;$ 0.00;$ 29,895,525.13;$ 29,783,961.57;$ 27,627,975.04;31/08/2026
01 - ADMINISTRATIVA Y FINANCIERA;2.3 Gastos de Inversión;"23.2.4.1 - Contribuir con la formación integral, calidad de vida y construcción de
comunidad, a través de proyectos que respondan
a necesidades e intereses de los estamentos, en el marco de una universidad saludable.";2.3.2.02.02.005;Construcción y servicios de la construcción;12 - Estampillas Otras Universidades;$ 0.00;$ 833,948,565.07;$ 828,731,590.56;$ 73,446,641.93;31/08/2026
01 - ADMINISTRATIVA Y FINANCIERA;2.3 Gastos de Inversión;"23.2.4.1 - Contribuir con la formación integral, calidad de vida y construcción de
comunidad, a través de proyectos que respondan
a necesidades e intereses de los estamentos, en el marco de una universidad saludable.";2.3.2.02.02.008;Servicios prestados a las empresas y servicios de producción ;12 - Estampillas Otras Universidades;$ 0.00;$ 1,501,264,400.00;$ 0.00;$ 0.00;31/08/2026
01 - ADMINISTRATIVA Y FINANCIERA;2.3 Gastos de Inversión;"23.2.4.1 - Contribuir con la formación integral, calidad de vida y construcción de
comunidad, a través de proyectos que respondan
a necesidades e intereses de los estamentos, en el marco de una universidad saludable.";2.3.2.02.02.010;Viáticos de los funcionarios en comisión;12 - Estampillas Otras Universidades;$ 0.00;$ 800.00;$ 0.00;$ 0.00;31/08/2026
01 - ADMINISTRATIVA Y FINANCIERA;2.3 Gastos de Inversión;23.3.1.1 - Mejoramiento del nivel de conectividad y acceso a la red de datos para los servicios de tecnología e información ;2.3.2.02.02.008;Servicios prestados a las empresas y servicios de producción ;12 - Estampillas Otras Universidades;$ 160,000,000.00;$ 636,573,027.81;$ 560,759,663.24;$ 233,531,706.74;31/08/2026
01 - ADMINISTRATIVA Y FINANCIERA;2.3 Gastos de Inversión;23.3.2.1 - Transformación digital;2.3.2.02.02.008;Servicios prestados a las empresas y servicios de producción ;12 - Estampillas Otras Universidades;$ 0.00;$ 67,959,749.00;$ 38,667,660.00;$ 22,688,280.00;31/08/2026
01 - ADMINISTRATIVA Y FINANCIERA;2.3 Gastos de Inversión;23.3.3.1 - Fortalecimiento de la infraestructura física para el campus amigable;2.3.2.02.02.005;Construcción y servicios de la construcción;12 - Estampillas Otras Universidades;$ 300,000,000.00;$ 4,038,489,196.23;$ 472,632,859.13;$ 107,217,821.10;31/08/2026
01 - ADMINISTRATIVA Y FINANCIERA;2.3 Gastos de Inversión;23.3.3.1 - Fortalecimiento de la infraestructura física para el campus amigable;2.3.2.02.02.008;Servicios prestados a las empresas y servicios de producción ;12 - Estampillas Otras Universidades;$ 0.00;$ 327,680,448.03;$ 270,183,730.00;$ 160,703,538.00;31/08/2026
01 - ADMINISTRATIVA Y FINANCIERA;2.3 Gastos de Inversión;23.3.4.1 - Fortalecimiento del Patrimonio Arqueológico, Histórico y Cultural articulación con el campus amigable;2.3.2.02.02.005;Construcción y servicios de la construcción;12 - Estampillas Otras Universidades;$ 0.00;$ 15,577.92;$ 0.00;$ 0.00;31/08/2026
01 - ADMINISTRATIVA Y FINANCIERA;2.3 Gastos de Inversión;23.1.1.3 - Fortalecimiento estudiantil;2.3.3.06.03;Beneficios educativos a la comunidad universitaria;12 - Estampillas Otras Universidades;$ 0.00;$ 62,163,838.00;$ 0.00;$ 0.00;31/08/2026
01 - ADMINISTRATIVA Y FINANCIERA;2.3 Gastos de Inversión;23.1.1.3 - Fortalecimiento estudiantil;2.3.3.08.02;Apoyo socieconómico a estudiantes;12 - Estampillas Otras Universidades;$ 273,591,989.00;$ 408,544,789.00;$ 134,952,800.00;$ 124,542,085.30;31/08/2026
01 - ADMINISTRATIVA Y FINANCIERA;2.3 Gastos de Inversión;23.1.2.1 - Implementación y modernización de las capacidades institucionales de investigación al servicio de las comunidades;2.3.3.03.03.001;Membresías;12 - Estampillas Otras Universidades;$ 0.00;$ 0.00;$ 0.00;$ 0.00;31/08/2026
01 - ADMINISTRATIVA Y FINANCIERA;2.3 Gastos de Inversión;23.1.2.1 - Implementación y modernización de las capacidades institucionales de investigación al servicio de las comunidades;2.3.3.04.05.001;Membresías;12 - Estampillas Otras Universidades;$ 0.00;$ 1,900,000.00;$ 900,000.00;$ 0.00;31/08/2026
01 - ADMINISTRATIVA Y FINANCIERA;2.3 Gastos de Inversión;23.1.2.2 - Fortalecimiento e implementación de capacidades institucionales para el desarrollo tecnológico, la innovación,  creación y el emprendimiento como mecanismo para la generación de valor;2.3.8.03;Tasas y derechos administrativos;12 - Estampillas Otras Universidades;$ 18,000,000.00;$ 22,786,550.00;$ 6,574,500.00;$ 5,367,500.00;31/08/2026
01 - ADMINISTRATIVA Y FINANCIERA;2.3 Gastos de Inversión;"23.2.4.1 - Contribuir con la formación integral, calidad de vida y construcción de
comunidad, a través de proyectos que respondan
a necesidades e intereses de los estamentos, en el marco de una universidad saludable.";2.3.8.03;Tasas y derechos administrativos;12 - Estampillas Otras Universidades;$ 0.00;$ 486,099.51;$ 0.00;$ 0.00;31/08/2026
01 - ADMINISTRATIVA Y FINANCIERA;2.1.1 Gastos de Personal; - N/A;2.1.1.01.02.006;Aportes al ICBF;13 - Cooperativas;$ 1,330,468,203.00;$ 1,330,468,203.00;$ 0.00;$ 0.00;31/08/2026
01 - ADMINISTRATIVA Y FINANCIERA;2.1.2 Gastos de Funcionamiento; - N/A;2.1.2.02.01.002;"Productos alimenticios, bebidas y tabaco; textiles, prendas de vestir y productos de cuero";13 - Cooperativas;$ 17,961,500.00;$ 17,961,500.00;$ 0.00;$ 0.00;31/08/2026
01 - ADMINISTRATIVA Y FINANCIERA;2.1.2 Gastos de Funcionamiento; - N/A;2.1.2.02.01.004;Productos metálicos, maquinaria y equipo;13 - Cooperativas;$ 9,770,686.00;$ 9,770,686.00;$ 0.00;$ 0.00;31/08/2026
01 - ADMINISTRATIVA Y FINANCIERA;2.1.2 Gastos de Funcionamiento; - N/A;2.1.2.02.02.007;"Servicios financieros y servicios conexos; servicios inmobiliarios; y servicios de arrendamiento y leasing";13 - Cooperativas;$ 350,718,517.00;$ 350,718,517.00;$ 345,793,800.00;$ 188,614,800.00;31/08/2026
01 - ADMINISTRATIVA Y FINANCIERA;2.1.2 Gastos de Funcionamiento; - N/A;2.1.2.02.02.008;Servicios prestados a las empresas y servicios de producción ;13 - Cooperativas;$ 74,047,225.00;$ 74,047,225.00;$ 54,454,698.53;$ 26,351,300.81;31/08/2026
01 - ADMINISTRATIVA Y FINANCIERA;2.1.2 Gastos de Funcionamiento; - N/A;2.1.2.02.02.009.00;Servicios para la comunidad, sociales y personales;13 - Cooperativas;$ 0.00;$ 1,887,697.00;$ 0.00;$ 0.00;31/08/2026
01 - ADMINISTRATIVA Y FINANCIERA;2.1.8 Tasas y Multas; - N/A;2.1.8.04.01;Cuota de fiscalización y auditaje;13 - Cooperativas;$ 284,513,027.00;$ 284,513,027.00;$ 0.00;$ 0.00;31/08/2026
01 - ADMINISTRATIVA Y FINANCIERA;2.1.3 Transferencias Corrientes; - N/A;2.1.3.04.00;A organizaciones nacionales;13 - Cooperativas;$ 58,805,577.00;$ 58,805,577.00;$ 0.00;$ 0.00;31/08/2026
01 - ADMINISTRATIVA Y FINANCIERA;2.1.1 Gastos de Personal; - N/A;2.1.1.01.03.009;Prima técnica no salarial;14 - Matriculas FSE;$ 117,191,208.00;$ 17,191,208.00;$ 0.00;$ 0.00;31/08/2026
01 - ADMINISTRATIVA Y FINANCIERA;2.1.1 Gastos de Personal; - N/A;2.1.1.02.01.001.01.01;Sueldo básico supernumerarios;14 - Matriculas FSE;$ 224,826,228.00;$ 0.00;$ 0.00;$ 0.00;31/08/2026
01 - ADMINISTRATIVA Y FINANCIERA;2.1.1 Gastos de Personal; - N/A;2.1.1.02.01.001.01.02;Sueldo básico docentes ocasionales;14 - Matriculas FSE;$ 10,498,231,833.00;$ 1,234,266,819.50;$ 0.00;$ 0.00;31/08/2026
01 - ADMINISTRATIVA Y FINANCIERA;2.1.1 Gastos de Personal; - N/A;2.1.1.02.01.001.01.03;Sueldo básico docentes catédraticos;14 - Matriculas FSE;$ 3,658,885,439.00;$ 0.00;$ 0.00;$ 0.00;31/08/2026
01 - ADMINISTRATIVA Y FINANCIERA;2.1.1 Gastos de Personal; - N/A;2.1.1.02.01.001.04;Subsidio de alimentación;14 - Matriculas FSE;$ 2,910,983.00;$ 735,376.00;$ 735,376.00;$ 735,376.00;31/08/2026
01 - ADMINISTRATIVA Y FINANCIERA;2.1.1 Gastos de Personal; - N/A;2.1.1.02.01.001.05;Auxilio de transporte;14 - Matriculas FSE;$ 6,296,877.00;$ 0.00;$ 0.00;$ 0.00;31/08/2026
01 - ADMINISTRATIVA Y FINANCIERA;2.1.1 Gastos de Personal; - N/A;2.1.1.02.01.001.06.01;Prima de servicio supernumerarios;14 - Matriculas FSE;$ 84,622,345.00;$ 0.00;$ 0.00;$ 0.00;31/08/2026
01 - ADMINISTRATIVA Y FINANCIERA;2.1.1 Gastos de Personal; - N/A;2.1.1.02.01.001.06.02;Prima de servicio docentes ocasionales;14 - Matriculas FSE;$ 1,924,811,532.00;$ 143,218,317.72;$ 0.00;$ 0.00;31/08/2026
01 - ADMINISTRATIVA Y FINANCIERA;2.1.1 Gastos de Personal; - N/A;2.1.1.02.01.001.07;Bonificación por servicios prestados;14 - Matriculas FSE;$ 288,294.00;$ 0.00;$ 0.00;$ 0.00;31/08/2026
01 - ADMINISTRATIVA Y FINANCIERA;2.1.1 Gastos de Personal; - N/A;2.1.1.02.01.001.08.01.01;Prima de navidad supernumerarios;14 - Matriculas FSE;$ 1,893,153.00;$ 0.00;$ 0.00;$ 0.00;31/08/2026
01 - ADMINISTRATIVA Y FINANCIERA;2.1.1 Gastos de Personal; - N/A;2.1.1.02.01.001.08.01.02;Prima de navidad docentes ocasionales;14 - Matriculas FSE;$ 783,951,397.00;$ 0.00;$ 0.00;$ 0.00;31/08/2026
01 - ADMINISTRATIVA Y FINANCIERA;2.1.1 Gastos de Personal; - N/A;2.1.1.02.01.001.08.01.03;Prima de navidad docentes catedráticos;14 - Matriculas FSE;$ 217,768,492.00;$ 217,768,492.00;$ 2,388,226.00;$ 2,388,226.00;31/08/2026
01 - ADMINISTRATIVA Y FINANCIERA;2.1.1 Gastos de Personal; - N/A;2.1.1.02.01.001.08.02.01;Prima de vacaciones supernumerarios;14 - Matriculas FSE;$ 1,807,116.00;$ 1,490,939.00;$ 1,490,939.00;$ 1,490,939.00;31/08/2026
01 - ADMINISTRATIVA Y FINANCIERA;2.1.1 Gastos de Personal; - N/A;2.1.1.02.01.001.08.02.02;Prima de vacaciones docentes ocasionales;14 - Matriculas FSE;$ 752,735,216.00;$ 192,563,145.00;$ 49,720,519.00;$ 49,720,519.00;31/08/2026
01 - ADMINISTRATIVA Y FINANCIERA;2.1.1 Gastos de Personal; - N/A;2.1.1.02.01.001.08.03;Prima de vacaciones docentes catedráticos;14 - Matriculas FSE;$ 2,728,635.00;$ 0.00;$ 0.00;$ 0.00;31/08/2026
01 - ADMINISTRATIVA Y FINANCIERA;2.1.1 Gastos de Personal; - N/A;2.1.1.02.03.001.01.01;Vacaciones supernumerarios;14 - Matriculas FSE;$ 1,114,553.00;$ 0.00;$ 0.00;$ 0.00;31/08/2026
01 - ADMINISTRATIVA Y FINANCIERA;2.1.1 Gastos de Personal; - N/A;2.1.1.02.03.001.01.02;Vacaciones docentes ocasionales;14 - Matriculas FSE;$ 457,158,560.00;$ 0.00;$ 0.00;$ 0.00;31/08/2026
01 - ADMINISTRATIVA Y FINANCIERA;2.1.1 Gastos de Personal; - N/A;2.1.1.02.03.001.03;Bonificación especial de recreación;14 - Matriculas FSE;$ 105,622.00;$ 0.00;$ 0.00;$ 0.00;31/08/2026
01 - ADMINISTRATIVA Y FINANCIERA;2.1.2 Gastos de Funcionamiento; - N/A;2.1.2.02.01.002;"Productos alimenticios, bebidas y tabaco; textiles, prendas de vestir y productos de cuero";14 - Matriculas FSE;$ 0.00;$ 2,012,200,000.00;$ 211,165,744.21;$ 122,625,842.96;31/08/2026
01 - ADMINISTRATIVA Y FINANCIERA;2.1.2 Gastos de Funcionamiento; - N/A;2.1.2.02.01.003;Otros bienes transportables (excepto productos metálicos, maquinaria y equipo);14 - Matriculas FSE;$ 0.00;$ 111,740,860.00;$ 110,175,220.11;$ 69,669,205.14;31/08/2026
01 - ADMINISTRATIVA Y FINANCIERA;2.1.2 Gastos de Funcionamiento; - N/A;2.1.2.02.01.004;Productos metálicos, maquinaria y equipo;14 - Matriculas FSE;$ 0.00;$ 0.00;$ 0.00;$ 0.00;31/08/2026
01 - ADMINISTRATIVA Y FINANCIERA;2.1.2 Gastos de Funcionamiento; - N/A;2.1.2.02.02.006.00;"Comercio y distribución; alojamiento; servicios de suministro de comidas y bebidas; servicios de transporte; y servicios de distribución de electricidad, gas y agua";14 - Matriculas FSE;$ 0.00;$ 7,689,834,894.17;$ 7,689,652,788.00;$ 4,428,333,502.71;31/08/2026
01 - ADMINISTRATIVA Y FINANCIERA;2.1.2 Gastos de Funcionamiento; - N/A;2.1.2.02.02.007;"Servicios financieros y servicios conexos; servicios inmobiliarios; y servicios de arrendamiento y leasing";14 - Matriculas FSE;$ 0.00;$ 3,818,223,214.28;$ 3,780,214,245.12;$ 3,159,630,530.17;31/08/2026
01 - ADMINISTRATIVA Y FINANCIERA;2.1.2 Gastos de Funcionamiento; - N/A;2.1.2.02.02.008;Servicios prestados a las empresas y servicios de producción ;14 - Matriculas FSE;$ 0.00;$ 3,685,628,152.67;$ 3,460,641,962.00;$ 2,623,194,804.00;31/08/2026
01 - ADMINISTRATIVA Y FINANCIERA;2.1.3 Transferencias Corrientes; - N/A;2.1.3.04.05.002;Distintas a membresías;14 - Matriculas FSE;$ 0.00;$ 45,000,000.00;$ 44,458,639.00;$ 44,458,639.00;31/08/2026
01 - ADMINISTRATIVA Y FINANCIERA;2.1.3 Transferencias Corrientes; - N/A;2.1.3.06.03;Beneficios educativos a la comunidad universitaria;14 - Matriculas FSE;$ 0.00;$ 130,000,000.00;$ 104,612,099.00;$ 104,612,099.00;31/08/2026
01 - ADMINISTRATIVA Y FINANCIERA;2.1.3 Transferencias Corrientes; - N/A;2.1.3.07.02.011;Devolución de Dotación;14 - Matriculas FSE;$ 0.00;$ 50,000,000.00;$ 50,000,000.00;$ 50,000,000.00;31/08/2026
01 - ADMINISTRATIVA Y FINANCIERA;2.1.3 Transferencias Corrientes; - N/A;2.1.3.07.02.094;Auxilios Salud Visual;14 - Matriculas FSE;$ 0.00;$ 2,674,791.00;$ 240,000.00;$ 240,000.00;31/08/2026
01 - ADMINISTRATIVA Y FINANCIERA;2.1.8 Tasas y Multas; - N/A;2.1.8.01.14;Gravamen a los movimientos financieros;14 - Matriculas FSE;$ 0.00;$ 272,974,728.00;$ 259,168,874.00;$ 258,550,346.97;31/08/2026
01 - ADMINISTRATIVA Y FINANCIERA;2.3 Gastos de Inversión;23. - PEI - 2023-2026 ?UPTC Somos Todos?;2.3.2.02.01.003;Otros bienes transportables (excepto productos metálicos, maquinaria y equipo);16.0 - Aportes inversion;$ 0.00;$ 0.00;$ 0.00;$ 0.00;31/08/2026
01 - ADMINISTRATIVA Y FINANCIERA;2.3 Gastos de Inversión;23.1.1.1 - Transformación de la estructura académica y curricular para la excelencia académica;2.3.2.02.01.003;Otros bienes transportables (excepto productos metálicos, maquinaria y equipo);16.0 - Aportes inversion;$ 150,000,000.00;$ 100,000,000.00;$ 0.00;$ 0.00;31/08/2026
01 - ADMINISTRATIVA Y FINANCIERA;2.3 Gastos de Inversión;23.1.1.1 - Transformación de la estructura académica y curricular para la excelencia académica;2.3.2.02.01.004;Productos metálicos, maquinaria y equipo;16.0 - Aportes inversion;$ 90,000,000.00;$ 86,877,451.77;$ 13,877,451.77;$ 0.00;31/08/2026
01 - ADMINISTRATIVA Y FINANCIERA;2.3 Gastos de Inversión;23.1.2.1 - Implementación y modernización de las capacidades institucionales de investigación al servicio de las comunidades;2.3.2.02.01.002;"Productos alimenticios, bebidas y tabaco; textiles, prendas de vestir y productos de cuero";16.0 - Aportes inversion;$ 0.00;$ 8,476.00;$ 0.00;$ 0.00;31/08/2026
01 - ADMINISTRATIVA Y FINANCIERA;2.3 Gastos de Inversión;23.1.2.1 - Implementación y modernización de las capacidades institucionales de investigación al servicio de las comunidades;2.3.2.02.01.003;Otros bienes transportables (excepto productos metálicos, maquinaria y equipo);16.0 - Aportes inversion;$ 100,000,000.00;$ 60,000,000.00;$ 3,780,300.00;$ 0.00;31/08/2026
01 - ADMINISTRATIVA Y FINANCIERA;2.3 Gastos de Inversión;23.1.2.1 - Implementación y modernización de las capacidades institucionales de investigación al servicio de las comunidades;2.3.2.02.01.004;Productos metálicos, maquinaria y equipo;16.0 - Aportes inversion;$ 100,000,000.00;$ 63,437,082.00;$ 5,910,000.00;$ 926,028.75;31/08/2026
01 - ADMINISTRATIVA Y FINANCIERA;2.3 Gastos de Inversión;23.1.2.3 - Extensión y proyección social como estrategia para el desarrollo en los territorios;2.3.2.02.01.002;"Productos alimenticios, bebidas y tabaco; textiles, prendas de vestir y productos de cuero";16.0 - Aportes inversion;$ 0.00;$ 2,545,428.00;$ 1,785,000.00;$ 1,785,000.00;31/08/2026
01 - ADMINISTRATIVA Y FINANCIERA;2.3 Gastos de Inversión;23.1.2.3 - Extensión y proyección social como estrategia para el desarrollo en los territorios;2.3.2.02.01.003;Otros bienes transportables (excepto productos metálicos, maquinaria y equipo);16.0 - Aportes inversion;$ 30,879,810.00;$ 29,089,860.00;$ 0.00;$ 0.00;31/08/2026
01 - ADMINISTRATIVA Y FINANCIERA;2.3 Gastos de Inversión;23.1.2.3 - Extensión y proyección social como estrategia para el desarrollo en los territorios;2.3.2.02.01.004;Productos metálicos, maquinaria y equipo;16.0 - Aportes inversion;$ 60,000,000.00;$ 123,128,630.06;$ 0.00;$ 0.00;31/08/2026
01 - ADMINISTRATIVA Y FINANCIERA;2.3 Gastos de Inversión;23.2.2.3 - Fortalecer el Sistema de Comunicaciones;2.3.2.02.01.004;Productos metálicos, maquinaria y equipo;16.0 - Aportes inversion;$ 0.00;$ 146,842,138.86;$ 146,842,138.86;$ 146,842,138.86;31/08/2026
01 - ADMINISTRATIVA Y FINANCIERA;2.3 Gastos de Inversión;"23.2.4.1 - Contribuir con la formación integral, calidad de vida y construcción de
comunidad, a través de proyectos que respondan
a necesidades e intereses de los estamentos, en el marco de una universidad saludable.";2.3.2.02.01.002;"Productos alimenticios, bebidas y tabaco; textiles, prendas de vestir y productos de cuero";16.0 - Aportes inversion;$ 0.00;$ 481,880.00;$ 0.00;$ 0.00;31/08/2026
01 - ADMINISTRATIVA Y FINANCIERA;2.3 Gastos de Inversión;"23.2.4.1 - Contribuir con la formación integral, calidad de vida y construcción de
comunidad, a través de proyectos que respondan
a necesidades e intereses de los estamentos, en el marco de una universidad saludable.";2.3.2.02.01.003;Otros bienes transportables (excepto productos metálicos, maquinaria y equipo);16.0 - Aportes inversion;$ 0.00;$ 265,136,802.17;$ 207,826,988.41;$ 111,973,000.41;31/08/2026
01 - ADMINISTRATIVA Y FINANCIERA;2.3 Gastos de Inversión;"23.2.4.1 - Contribuir con la formación integral, calidad de vida y construcción de
comunidad, a través de proyectos que respondan
a necesidades e intereses de los estamentos, en el marco de una universidad saludable.";2.3.2.02.01.004;Productos metálicos, maquinaria y equipo;16.0 - Aportes inversion;$ 0.00;$ 115,300,654.05;$ 96,262,230.00;$ 45,664,430.00;31/08/2026
01 - ADMINISTRATIVA Y FINANCIERA;2.3 Gastos de Inversión;23.3.1.1 - Mejoramiento del nivel de conectividad y acceso a la red de datos para los servicios de tecnología e información ;2.3.2.02.01.003;Otros bienes transportables (excepto productos metálicos, maquinaria y equipo);16.0 - Aportes inversion;$ 0.00;$ 2,400,000.00;$ 2,250,000.00;$ 0.00;31/08/2026
01 - ADMINISTRATIVA Y FINANCIERA;2.3 Gastos de Inversión;23.3.1.1 - Mejoramiento del nivel de conectividad y acceso a la red de datos para los servicios de tecnología e información ;2.3.2.02.01.004;Productos metálicos, maquinaria y equipo;16.0 - Aportes inversion;$ 600,276,688.00;$ 1,026,701,422.44;$ 196,213,864.00;$ 64,355,200.00;31/08/2026
01 - ADMINISTRATIVA Y FINANCIERA;2.3 Gastos de Inversión;23.3.3.1 - Fortalecimiento de la infraestructura física para el campus amigable;2.3.2.02.01.002;"Productos alimenticios, bebidas y tabaco; textiles, prendas de vestir y productos de cuero";16.0 - Aportes inversion;$ 0.00;$ 5,000,000.00;$ 0.00;$ 0.00;31/08/2026
01 - ADMINISTRATIVA Y FINANCIERA;2.3 Gastos de Inversión;23.3.3.1 - Fortalecimiento de la infraestructura física para el campus amigable;2.3.2.02.01.003;Otros bienes transportables (excepto productos metálicos, maquinaria y equipo);16.0 - Aportes inversion;$ 452,231,266.00;$ 1,161,660,270.10;$ 182,601,999.00;$ 20,587,000.00;31/08/2026
01 - ADMINISTRATIVA Y FINANCIERA;2.3 Gastos de Inversión;23.3.3.1 - Fortalecimiento de la infraestructura física para el campus amigable;2.3.2.02.01.004;Productos metálicos, maquinaria y equipo;16.0 - Aportes inversion;$ 500,612,435.00;$ 3,389,572,959.27;$ 750,210,374.21;$ 0.00;31/08/2026
01 - ADMINISTRATIVA Y FINANCIERA;2.3 Gastos de Inversión;23.1.1.1 - Transformación de la estructura académica y curricular para la excelencia académica;2.3.2.02.02.008;Servicios prestados a las empresas y servicios de producción ;16.0 - Aportes inversion;$ 802,587,999.00;$ 1,133,119,357.65;$ 857,061,391.50;$ 568,360,968.00;31/08/2026
01 - ADMINISTRATIVA Y FINANCIERA;2.3 Gastos de Inversión;23.1.1.1 - Transformación de la estructura académica y curricular para la excelencia académica;2.3.2.02.02.009.00;Servicios para la comunidad, sociales y personales;16.0 - Aportes inversion;$ 200,000,000.00;$ 123,836,800.00;$ 120,836,800.00;$ 70,000,000.00;31/08/2026
01 - ADMINISTRATIVA Y FINANCIERA;2.3 Gastos de Inversión;23.1.1.2 - Fortalecimiento docente;2.3.2.02.02.009.00;Servicios para la comunidad, sociales y personales;16.0 - Aportes inversion;$ 0.00;$ 23,358,537.17;$ 17,220,000.00;$ 5,619,404.56;31/08/2026
01 - ADMINISTRATIVA Y FINANCIERA;2.3 Gastos de Inversión;23.1.2.1 - Implementación y modernización de las capacidades institucionales de investigación al servicio de las comunidades;2.3.2.02.02.006.00;"Comercio y distribución; alojamiento; servicios de suministro de comidas y bebidas; servicios de transporte; y servicios de distribución de electricidad, gas y agua";16.0 - Aportes inversion;$ 200,000,000.00;$ 273,879,860.15;$ 3,000,000.00;$ 0.00;31/08/2026
01 - ADMINISTRATIVA Y FINANCIERA;2.3 Gastos de Inversión;23.1.2.1 - Implementación y modernización de las capacidades institucionales de investigación al servicio de las comunidades;2.3.2.02.02.007;"Servicios financieros y servicios conexos; servicios inmobiliarios; y servicios de arrendamiento y leasing";16.0 - Aportes inversion;$ 55,917,326.00;$ 35,917,326.00;$ 32,514,032.00;$ 32,514,031.57;31/08/2026
01 - ADMINISTRATIVA Y FINANCIERA;2.3 Gastos de Inversión;23.1.2.1 - Implementación y modernización de las capacidades institucionales de investigación al servicio de las comunidades;2.3.2.02.02.008;Servicios prestados a las empresas y servicios de producción ;16.0 - Aportes inversion;$ 2,076,429,674.00;$ 2,553,882,053.39;$ 1,780,331,752.79;$ 846,610,407.20;31/08/2026
01 - ADMINISTRATIVA Y FINANCIERA;2.3 Gastos de Inversión;23.1.2.1 - Implementación y modernización de las capacidades institucionales de investigación al servicio de las comunidades;2.3.2.02.02.009.00;Servicios para la comunidad, sociales y personales;16.0 - Aportes inversion;$ 135,000,000.00;$ 164,868,631.00;$ 67,899,999.99;$ 54,999,999.99;31/08/2026
01 - ADMINISTRATIVA Y FINANCIERA;2.3 Gastos de Inversión;23.1.2.1 - Implementación y modernización de las capacidades institucionales de investigación al servicio de las comunidades;2.3.2.02.02.010;Viáticos de los funcionarios en comisión;16.0 - Aportes inversion;$ 335,000,000.00;$ 119,000,000.00;$ 33,824,058.50;$ 27,207,913.50;31/08/2026
01 - ADMINISTRATIVA Y FINANCIERA;2.3 Gastos de Inversión;23.1.2.2 - Fortalecimiento e implementación de capacidades institucionales para el desarrollo tecnológico, la innovación,  creación y el emprendimiento como mecanismo para la generación de valor;2.3.2.02.02.008;Servicios prestados a las empresas y servicios de producción ;16.0 - Aportes inversion;$ 782,969,593.00;$ 782,969,593.00;$ 782,969,593.00;$ 782,969,593.00;31/08/2026
01 - ADMINISTRATIVA Y FINANCIERA;2.3 Gastos de Inversión;23.1.2.3 - Extensión y proyección social como estrategia para el desarrollo en los territorios;2.3.2.02.02.008;Servicios prestados a las empresas y servicios de producción ;16.0 - Aportes inversion;$ 120,000,000.00;$ 147,932,646.34;$ 111,045,640.00;$ 12,425,420.00;31/08/2026
01 - ADMINISTRATIVA Y FINANCIERA;2.3 Gastos de Inversión;23.1.2.3 - Extensión y proyección social como estrategia para el desarrollo en los territorios;2.3.2.02.02.009.00;Servicios para la comunidad, sociales y personales;16.0 - Aportes inversion;$ 0.00;$ 18,818,750.00;$ 0.00;$ 0.00;31/08/2026
01 - ADMINISTRATIVA Y FINANCIERA;2.3 Gastos de Inversión;"23.2.4.1 - Contribuir con la formación integral, calidad de vida y construcción de
comunidad, a través de proyectos que respondan
a necesidades e intereses de los estamentos, en el marco de una universidad saludable.";2.3.2.02.02.005;Construcción y servicios de la construcción;16.0 - Aportes inversion;$ 0.00;$ 1,489,388,670.77;$ 1,004,968,884.43;$ 0.00;31/08/2026
01 - ADMINISTRATIVA Y FINANCIERA;2.3 Gastos de Inversión;"23.2.4.1 - Contribuir con la formación integral, calidad de vida y construcción de
comunidad, a través de proyectos que respondan
a necesidades e intereses de los estamentos, en el marco de una universidad saludable.";2.3.2.02.02.006.00;"Comercio y distribución; alojamiento; servicios de suministro de comidas y bebidas; servicios de transporte; y servicios de distribución de electricidad, gas y agua";16.0 - Aportes inversion;$ 0.00;$ 1,858,547.68;$ 0.00;$ 0.00;31/08/2026
01 - ADMINISTRATIVA Y FINANCIERA;2.3 Gastos de Inversión;"23.2.4.1 - Contribuir con la formación integral, calidad de vida y construcción de
comunidad, a través de proyectos que respondan
a necesidades e intereses de los estamentos, en el marco de una universidad saludable.";2.3.2.02.02.008;Servicios prestados a las empresas y servicios de producción ;16.0 - Aportes inversion;$ 0.00;$ 119,013,224.79;$ 10,136,651.20;$ 2,033,608.00;31/08/2026
01 - ADMINISTRATIVA Y FINANCIERA;2.3 Gastos de Inversión;"23.2.4.1 - Contribuir con la formación integral, calidad de vida y construcción de
comunidad, a través de proyectos que respondan
a necesidades e intereses de los estamentos, en el marco de una universidad saludable.";2.3.2.02.02.009.00;Servicios para la comunidad, sociales y personales;16.0 - Aportes inversion;$ 0.00;$ 105,230,686.45;$ 70,429,333.00;$ 40,474,000.00;31/08/2026
01 - ADMINISTRATIVA Y FINANCIERA;2.3 Gastos de Inversión;"23.2.4.1 - Contribuir con la formación integral, calidad de vida y construcción de
comunidad, a través de proyectos que respondan
a necesidades e intereses de los estamentos, en el marco de una universidad saludable.";2.3.2.02.02.010;Viáticos de los funcionarios en comisión;16.0 - Aportes inversion;$ 0.00;$ 2,576,052.35;$ 0.00;$ 0.00;31/08/2026
01 - ADMINISTRATIVA Y FINANCIERA;2.3 Gastos de Inversión;23.2.5.1 - Modelo de gestión integral y transversal de Internacionalización en la Uptc;2.3.2.02.02.006.00;"Comercio y distribución; alojamiento; servicios de suministro de comidas y bebidas; servicios de transporte; y servicios de distribución de electricidad, gas y agua";16.0 - Aportes inversion;$ 296,543,967.00;$ 419,914,992.00;$ 319,914,992.00;$ 28,547,379.00;31/08/2026
01 - ADMINISTRATIVA Y FINANCIERA;2.3 Gastos de Inversión;23.2.5.1 - Modelo de gestión integral y transversal de Internacionalización en la Uptc;2.3.2.02.02.008;Servicios prestados a las empresas y servicios de producción ;16.0 - Aportes inversion;$ 15,000,000.00;$ 10,000,000.01;$ 9,999,999.99;$ 0.00;31/08/2026
01 - ADMINISTRATIVA Y FINANCIERA;2.3 Gastos de Inversión;23.2.5.1 - Modelo de gestión integral y transversal de Internacionalización en la Uptc;2.3.2.02.02.009.00;Servicios para la comunidad, sociales y personales;16.0 - Aportes inversion;$ 0.00;$ 7,680,000.00;$ 5,120,000.00;$ 5,120,000.00;31/08/2026
01 - ADMINISTRATIVA Y FINANCIERA;2.3 Gastos de Inversión;23.3.1.1 - Mejoramiento del nivel de conectividad y acceso a la red de datos para los servicios de tecnología e información ;2.3.2.02.02.008;Servicios prestados a las empresas y servicios de producción ;16.0 - Aportes inversion;$ 0.00;$ 266,974.70;$ 0.00;$ 0.00;31/08/2026
01 - ADMINISTRATIVA Y FINANCIERA;2.3 Gastos de Inversión;23.3.2.1 - Transformación digital;2.3.2.02.02.008;Servicios prestados a las empresas y servicios de producción ;16.0 - Aportes inversion;$ 0.00;$ 19,284,902.97;$ 0.00;$ 0.00;31/08/2026
01 - ADMINISTRATIVA Y FINANCIERA;2.3 Gastos de Inversión;23.3.3.1 - Fortalecimiento de la infraestructura física para el campus amigable;2.3.2.02.02.005;Construcción y servicios de la construcción;16.0 - Aportes inversion;$ 0.00;$ 3,837,165,822.11;$ 42,585,418.26;$ 0.00;31/08/2026
01 - ADMINISTRATIVA Y FINANCIERA;2.3 Gastos de Inversión;23.3.3.1 - Fortalecimiento de la infraestructura física para el campus amigable;2.3.2.02.02.008;Servicios prestados a las empresas y servicios de producción ;16.0 - Aportes inversion;$ 300,000,000.00;$ 518,687,856.72;$ 183,806,830.00;$ 48,204,683.44;31/08/2026
01 - ADMINISTRATIVA Y FINANCIERA;2.3 Gastos de Inversión;23.1.2.1 - Implementación y modernización de las capacidades institucionales de investigación al servicio de las comunidades;2.3.3.03.03.001;Membresías;16.0 - Aportes inversion;$ 0.00;$ 0.00;$ 0.00;$ 0.00;31/08/2026
01 - ADMINISTRATIVA Y FINANCIERA;2.3 Gastos de Inversión;23.1.2.1 - Implementación y modernización de las capacidades institucionales de investigación al servicio de las comunidades;2.3.3.04.05.001;Membresías;16.0 - Aportes inversion;$ 0.00;$ 29,600,000.00;$ 28,014,480.00;$ 28,014,480.00;31/08/2026
01 - ADMINISTRATIVA Y FINANCIERA;2.3 Gastos de Inversión;23.1.2.1 - Implementación y modernización de las capacidades institucionales de investigación al servicio de las comunidades;2.3.3.07.03.013;Afiliación Riesgos Laborales contratistas Grado IV y V;16.0 - Aportes inversion;$ 0.00;$ 100,000.00;$ 0.00;$ 0.00;31/08/2026
01 - ADMINISTRATIVA Y FINANCIERA;2.3 Gastos de Inversión;23.1.2.1 - Implementación y modernización de las capacidades institucionales de investigación al servicio de las comunidades;2.3.3.08.02;Apoyo socieconómico a estudiantes;16.0 - Aportes inversion;$ 0.00;$ 42,473,000.00;$ 0.00;$ 0.00;31/08/2026
01 - ADMINISTRATIVA Y FINANCIERA;2.3 Gastos de Inversión;23.2.5.1 - Modelo de gestión integral y transversal de Internacionalización en la Uptc;2.3.3.03.03.001;Membresías;16.0 - Aportes inversion;$ 9,000,000.00;$ 7,000,000.00;$ 6,976,605.00;$ 6,976,605.00;31/08/2026
01 - ADMINISTRATIVA Y FINANCIERA;2.3 Gastos de Inversión;23.2.5.1 - Modelo de gestión integral y transversal de Internacionalización en la Uptc;2.3.3.04.05.001;Membresías;16.0 - Aportes inversion;$ 12,978,400.00;$ 12,978,400.00;$ 12,978,400.00;$ 12,978,400.00;31/08/2026
01 - ADMINISTRATIVA Y FINANCIERA;2.3 Gastos de Inversión;23.2.5.1 - Modelo de gestión integral y transversal de Internacionalización en la Uptc;2.3.3.08.02;Apoyo socieconómico a estudiantes;16.0 - Aportes inversion;$ 303,292,902.00;$ 284,935,877.00;$ 126,872,067.00;$ 74,794,665.00;31/08/2026
01 - ADMINISTRATIVA Y FINANCIERA;2.3 Gastos de Inversión;23.3.3.1 - Fortalecimiento de la infraestructura física para el campus amigable;2.3.3.03.03.001;Membresías;16.0 - Aportes inversion;$ 0.00;$ 0.00;$ 0.00;$ 0.00;31/08/2026
01 - ADMINISTRATIVA Y FINANCIERA;2.3 Gastos de Inversión;23.3.3.1 - Fortalecimiento de la infraestructura física para el campus amigable;2.3.8.03;Tasas y derechos administrativos;16.0 - Aportes inversion;$ 0.00;$ 21,001,496.00;$ 6,764,549.42;$ 6,764,549.42;31/08/2026
01 - ADMINISTRATIVA Y FINANCIERA;2.3 Gastos de Inversión;"23.2.4.1 - Contribuir con la formación integral, calidad de vida y construcción de
comunidad, a través de proyectos que respondan
a necesidades e intereses de los estamentos, en el marco de una universidad saludable.";2.3.2.02.01.002;"Productos alimenticios, bebidas y tabaco; textiles, prendas de vestir y productos de cuero";16.1 - Inversion PFB;$ 0.00;$ 80,039,621.00;$ 0.00;$ 0.00;31/08/2026
01 - ADMINISTRATIVA Y FINANCIERA;2.3 Gastos de Inversión;"23.2.4.1 - Contribuir con la formación integral, calidad de vida y construcción de
comunidad, a través de proyectos que respondan
a necesidades e intereses de los estamentos, en el marco de una universidad saludable.";2.3.2.02.01.003;Otros bienes transportables (excepto productos metálicos, maquinaria y equipo);16.1 - Inversion PFB;$ 0.00;$ 585,000,000.00;$ 0.00;$ 0.00;31/08/2026
01 - ADMINISTRATIVA Y FINANCIERA;2.3 Gastos de Inversión;"23.2.4.1 - Contribuir con la formación integral, calidad de vida y construcción de
comunidad, a través de proyectos que respondan
a necesidades e intereses de los estamentos, en el marco de una universidad saludable.";2.3.2.02.02.005;Construcción y servicios de la construcción;16.1 - Inversion PFB;$ 0.00;$ 405,480,044.00;$ 0.00;$ 0.00;31/08/2026
01 - ADMINISTRATIVA Y FINANCIERA;2.3 Gastos de Inversión;"23.2.4.1 - Contribuir con la formación integral, calidad de vida y construcción de
comunidad, a través de proyectos que respondan
a necesidades e intereses de los estamentos, en el marco de una universidad saludable.";2.3.2.02.02.006.00;"Comercio y distribución; alojamiento; servicios de suministro de comidas y bebidas; servicios de transporte; y servicios de distribución de electricidad, gas y agua";16.1 - Inversion PFB;$ 0.00;$ 186,308,058.00;$ 76,827,895.20;$ 0.00;31/08/2026
01 - ADMINISTRATIVA Y FINANCIERA;2.3 Gastos de Inversión;"23.2.4.1 - Contribuir con la formación integral, calidad de vida y construcción de
comunidad, a través de proyectos que respondan
a necesidades e intereses de los estamentos, en el marco de una universidad saludable.";2.3.2.02.02.008;Servicios prestados a las empresas y servicios de producción ;16.1 - Inversion PFB;$ 0.00;$ 83,700,000.00;$ 68,452,699.00;$ 0.00;31/08/2026
01 - ADMINISTRATIVA Y FINANCIERA;2.3 Gastos de Inversión;"23.2.4.1 - Contribuir con la formación integral, calidad de vida y construcción de
comunidad, a través de proyectos que respondan
a necesidades e intereses de los estamentos, en el marco de una universidad saludable.";2.3.2.02.02.009.00;Servicios para la comunidad, sociales y personales;16.1 - Inversion PFB;$ 0.00;$ 42,981,222.00;$ 11,258,860.00;$ 0.00;31/08/2026
01 - ADMINISTRATIVA Y FINANCIERA;2.3 Gastos de Inversión;"23.2.4.1 - Contribuir con la formación integral, calidad de vida y construcción de
comunidad, a través de proyectos que respondan
a necesidades e intereses de los estamentos, en el marco de una universidad saludable.";2.3.2.02.02.010;Viáticos de los funcionarios en comisión;16.1 - Inversion PFB;$ 0.00;$ 23,971,099.00;$ 0.00;$ 0.00;31/08/2026
01 - ADMINISTRATIVA Y FINANCIERA;2.1.1 Gastos de Personal; - N/A;2.1.1.01.01.001.01.01;Sueldo básico administrativos;17 - Devolucion descuento electoral;$ 0.00;$ 500,000,000.00;$ 343,918,685.22;$ 343,918,685.22;31/08/2026
01 - ADMINISTRATIVA Y FINANCIERA;2.1.1 Gastos de Personal; - N/A;2.1.1.01.01.001.03;Gastos de representación;17 - Devolucion descuento electoral;$ 0.00;$ 3,167,000,000.00;$ 3,141,756,961.00;$ 3,141,756,961.00;31/08/2026
01 - ADMINISTRATIVA Y FINANCIERA;2.1.1 Gastos de Personal; - N/A;2.1.1.01.01.001.04.01;Subsidio de alimentación administrativos;17 - Devolucion descuento electoral;$ 0.00;$ 60,000,000.00;$ 39,752,829.00;$ 39,752,829.00;31/08/2026
01 - ADMINISTRATIVA Y FINANCIERA;2.1.1 Gastos de Personal; - N/A;2.1.1.01.01.001.04.02;Subsidio de alimentación trabajadores oficiales;17 - Devolucion descuento electoral;$ 0.00;$ 60,000,000.00;$ 31,961,496.00;$ 31,961,496.00;31/08/2026
01 - ADMINISTRATIVA Y FINANCIERA;2.1.1 Gastos de Personal; - N/A;2.1.1.01.01.001.05.01;Auxilio de transporte administrativos;17 - Devolucion descuento electoral;$ 0.00;$ 160,000,000.00;$ 128,259,016.00;$ 128,259,016.00;31/08/2026
01 - ADMINISTRATIVA Y FINANCIERA;2.1.1 Gastos de Personal; - N/A;2.1.1.01.01.001.05.02;Auxilio de transporte trabajadores oficiales;17 - Devolucion descuento electoral;$ 0.00;$ 33,000,000.00;$ 32,496,792.00;$ 32,496,792.00;31/08/2026
01 - ADMINISTRATIVA Y FINANCIERA;2.1.1 Gastos de Personal; - N/A;2.1.1.01.01.001.07.03;Bonificación por servicios prestados trabajadores oficiales;17 - Devolucion descuento electoral;$ 0.00;$ 20,000,000.00;$ 17,395,346.00;$ 17,395,346.00;31/08/2026
01 - ADMINISTRATIVA Y FINANCIERA;2.1.1 Gastos de Personal; - N/A;2.1.1.01.01.001.09;Prima técnica salarial;17 - Devolucion descuento electoral;$ 0.00;$ 0.00;$ 0.00;$ 0.00;31/08/2026
01 - ADMINISTRATIVA Y FINANCIERA;2.1.1 Gastos de Personal; - N/A;2.1.1.01.01.001.10;Viáticos de los funcionarios en comisión;17 - Devolucion descuento electoral;$ 4,258,029,166.00;$ 254,829,166.00;$ 118,873,564.00;$ 118,873,564.00;31/08/2026
01 - ADMINISTRATIVA Y FINANCIERA;2.1.1 Gastos de Personal; - N/A;2.1.1.01.03.009;Prima técnica no salarial;17 - Devolucion descuento electoral;$ 0.00;$ 0.00;$ 0.00;$ 0.00;31/08/2026
01 - ADMINISTRATIVA Y FINANCIERA;2.1.1 Gastos de Personal; - N/A;2.1.1.02.01.001.01.02;Sueldo básico docentes ocasionales;17 - Devolucion descuento electoral;$ 0.00;$ 0.00;$ 0.00;$ 0.00;31/08/2026
01 - ADMINISTRATIVA Y FINANCIERA;2.1.1 Gastos de Personal; - N/A;2.1.1.02.01.001.01.03;Sueldo básico docentes catédraticos;17 - Devolucion descuento electoral;$ 0.00;$ 68,408,324.00;$ 59,474,240.00;$ 59,474,240.00;31/08/2026
01 - ADMINISTRATIVA Y FINANCIERA;2.1.1 Gastos de Personal; - N/A;2.1.1.02.01.001.04;Subsidio de alimentación;17 - Devolucion descuento electoral;$ 0.00;$ 3,009,867.00;$ 0.00;$ 0.00;31/08/2026
01 - ADMINISTRATIVA Y FINANCIERA;2.1.1 Gastos de Personal; - N/A;2.1.1.02.01.001.05;Auxilio de transporte;17 - Devolucion descuento electoral;$ 0.00;$ 7,082,601.00;$ 7,082,601.00;$ 7,082,601.00;31/08/2026
01 - ADMINISTRATIVA Y FINANCIERA;2.1.1 Gastos de Personal; - N/A;2.1.1.02.01.001.07;Bonificación por servicios prestados;17 - Devolucion descuento electoral;$ 0.00;$ 1,200,000.00;$ 1,048,884.00;$ 1,048,884.00;31/08/2026
01 - ADMINISTRATIVA Y FINANCIERA;2.1.1 Gastos de Personal; - N/A;2.1.1.02.01.001.08.01.01;Prima de navidad supernumerarios;17 - Devolucion descuento electoral;$ 878,584,558.00;$ 178,618,258.00;$ 0.00;$ 0.00;31/08/2026
01 - ADMINISTRATIVA Y FINANCIERA;2.1.1 Gastos de Personal; - N/A;2.1.1.02.01.001.08.02.01;Prima de vacaciones supernumerarios;17 - Devolucion descuento electoral;$ 310,922,285.00;$ 310,922,285.00;$ 0.00;$ 0.00;31/08/2026
01 - ADMINISTRATIVA Y FINANCIERA;2.1.1 Gastos de Personal; - N/A;2.1.1.02.01.001.08.02.02;Prima de vacaciones docentes ocasionales;17 - Devolucion descuento electoral;$ 0.00;$ 9,674,358.00;$ 9,674,358.00;$ 9,674,358.00;31/08/2026
01 - ADMINISTRATIVA Y FINANCIERA;2.1.1 Gastos de Personal; - N/A;2.1.1.02.02.001;Aportes a la seguridad social en pensiones;17 - Devolucion descuento electoral;$ 0.00;$ 609,966,300.00;$ 609,966,300.00;$ 609,966,300.00;31/08/2026
01 - ADMINISTRATIVA Y FINANCIERA;2.1.1 Gastos de Personal; - N/A;2.1.1.02.03.001.01.01;Vacaciones supernumerarios;17 - Devolucion descuento electoral;$ 0.00;$ 624,850.00;$ 0.00;$ 0.00;31/08/2026
01 - ADMINISTRATIVA Y FINANCIERA;2.1.2 Gastos de Funcionamiento; - N/A;2.1.2.02.01.003;Otros bienes transportables (excepto productos metálicos, maquinaria y equipo);17 - Devolucion descuento electoral;$ 0.00;$ 2,000,000.00;$ 2,000,000.00;$ 0.00;31/08/2026
01 - ADMINISTRATIVA Y FINANCIERA;2.1.2 Gastos de Funcionamiento; - N/A;2.1.2.02.02.006.00;"Comercio y distribución; alojamiento; servicios de suministro de comidas y bebidas; servicios de transporte; y servicios de distribución de electricidad, gas y agua";17 - Devolucion descuento electoral;$ 0.00;$ 500,000.00;$ 500,000.00;$ 0.00;31/08/2026
01 - ADMINISTRATIVA Y FINANCIERA;2.1.2 Gastos de Funcionamiento; - N/A;2.1.2.02.02.008;Servicios prestados a las empresas y servicios de producción ;17 - Devolucion descuento electoral;$ 0.00;$ 500,000.00;$ 500,000.00;$ 0.00;31/08/2026
01 - ADMINISTRATIVA Y FINANCIERA;2.1.8 Tasas y Multas; - N/A;2.1.8.03;Tasas y derechos administrativos;17 - Devolucion descuento electoral;$ 0.00;$ 200,000.00;$ 200,000.00;$ 0.00;31/08/2026
01 - ADMINISTRATIVA Y FINANCIERA;2.1.1 Gastos de Personal; - N/A;2.1.1.01.02.001;Aportes a la seguridad social en pensiones;18 - Articulo 87 CESU;$ 427,778,274.00;$ 427,778,274.00;$ 306,283,712.00;$ 306,283,712.00;31/08/2026
01 - ADMINISTRATIVA Y FINANCIERA;2.1.1 Gastos de Personal; - N/A;2.1.1.01.01.001.01.01;Sueldo básico administrativos;20 - Propios;$ 684,671,930.00;$ 684,671,930.00;$ 0.00;$ 0.00;31/08/2026
01 - ADMINISTRATIVA Y FINANCIERA;2.1.1 Gastos de Personal; - N/A;2.1.1.01.01.001.02;Horas extras, dominicales, festivos y recargos;20 - Propios;$ 9,447,910.00;$ 9,447,910.00;$ 0.00;$ 0.00;31/08/2026
01 - ADMINISTRATIVA Y FINANCIERA;2.1.1 Gastos de Personal; - N/A;2.1.1.01.01.001.03;Gastos de representación;20 - Propios;$ 291,674,528.00;$ 291,674,528.00;$ 291,630,324.00;$ 291,630,324.00;31/08/2026
01 - ADMINISTRATIVA Y FINANCIERA;2.1.1 Gastos de Personal; - N/A;2.1.1.01.01.001.04.01;Subsidio de alimentación administrativos;20 - Propios;$ 2,952,957.00;$ 2,952,957.00;$ 0.00;$ 0.00;31/08/2026
01 - ADMINISTRATIVA Y FINANCIERA;2.1.1 Gastos de Personal; - N/A;2.1.1.01.01.001.05.01;Auxilio de transporte administrativos;20 - Propios;$ 3,002,414.00;$ 3,002,414.00;$ 2,454,671.00;$ 2,454,671.00;31/08/2026
01 - ADMINISTRATIVA Y FINANCIERA;2.1.1 Gastos de Personal; - N/A;2.1.1.01.01.001.06.01;Prima de servicio administrativos;20 - Propios;$ 112,740,543.00;$ 112,740,543.00;$ 0.00;$ 0.00;31/08/2026
01 - ADMINISTRATIVA Y FINANCIERA;2.1.1 Gastos de Personal; - N/A;2.1.1.01.01.001.07.01;Bonificación por servicios prestados administrativos;20 - Propios;$ 34,706,404.00;$ 34,706,404.00;$ 0.00;$ 0.00;31/08/2026
01 - ADMINISTRATIVA Y FINANCIERA;2.1.1 Gastos de Personal; - N/A;2.1.1.01.01.001.08.01.01;Prima de navidad administrativos;20 - Propios;$ 99,131,177.00;$ 99,131,177.00;$ 0.00;$ 0.00;31/08/2026
01 - ADMINISTRATIVA Y FINANCIERA;2.1.1 Gastos de Personal; - N/A;2.1.1.01.01.001.08.02.01;Prima de vacaciones administrativos;20 - Propios;$ 94,568,259.00;$ 94,568,259.00;$ 0.00;$ 0.00;31/08/2026
01 - ADMINISTRATIVA Y FINANCIERA;2.1.1 Gastos de Personal; - N/A;2.1.1.01.01.001.09;Prima técnica salarial;20 - Propios;$ 6,677,092.00;$ 6,677,092.00;$ 0.00;$ 0.00;31/08/2026
01 - ADMINISTRATIVA Y FINANCIERA;2.1.1 Gastos de Personal; - N/A;2.1.1.01.01.001.10;Viáticos de los funcionarios en comisión;20 - Propios;$ 833,720.00;$ 833,720.00;$ 0.00;$ 0.00;31/08/2026
01 - ADMINISTRATIVA Y FINANCIERA;2.1.1 Gastos de Personal; - N/A;2.1.1.01.01.002.12.02.01;Beneficios a los empleados a largo plazo administrativos;20 - Propios;$ 9,794,878.00;$ 9,794,878.00;$ 1,116,555.00;$ 1,116,555.00;31/08/2026
01 - ADMINISTRATIVA Y FINANCIERA;2.1.1 Gastos de Personal; - N/A;2.1.1.01.02.001;Aportes a la seguridad social en pensiones;20 - Propios;$ 136,548,838.00;$ 136,548,838.00;$ 0.00;$ 0.00;31/08/2026
01 - ADMINISTRATIVA Y FINANCIERA;2.1.1 Gastos de Personal; - N/A;2.1.1.01.02.002;Aportes a la seguridad social en salud;20 - Propios;$ 96,343,708.00;$ 96,343,708.00;$ 0.00;$ 0.00;31/08/2026
01 - ADMINISTRATIVA Y FINANCIERA;2.1.1 Gastos de Personal; - N/A;2.1.1.01.02.003;Aportes de cesantías ;20 - Propios;$ 117,664,899.00;$ 117,664,899.00;$ 0.00;$ 0.00;31/08/2026
01 - ADMINISTRATIVA Y FINANCIERA;2.1.1 Gastos de Personal; - N/A;2.1.1.01.02.004;Aportes a cajas de compensación familiar;20 - Propios;$ 56,671,439.00;$ 56,671,439.00;$ 0.00;$ 0.00;31/08/2026
01 - ADMINISTRATIVA Y FINANCIERA;2.1.1 Gastos de Personal; - N/A;2.1.1.01.02.005;Aportes generales al sistema de riesgos laborales;20 - Propios;$ 8,876,487.00;$ 8,876,487.00;$ 0.00;$ 0.00;31/08/2026
01 - ADMINISTRATIVA Y FINANCIERA;2.1.1 Gastos de Personal; - N/A;2.1.1.01.02.006;Aportes al ICBF;20 - Propios;$ 42,503,560.00;$ 42,503,560.00;$ 0.00;$ 0.00;31/08/2026
01 - ADMINISTRATIVA Y FINANCIERA;2.1.1 Gastos de Personal; - N/A;2.1.1.01.03.001.01.01;Vacaciones administrativos;20 - Propios;$ 60,696,072.00;$ 60,696,072.00;$ 0.00;$ 0.00;31/08/2026
01 - ADMINISTRATIVA Y FINANCIERA;2.1.1 Gastos de Personal; - N/A;2.1.1.01.03.001.03.01;Bonificación especial de recreación administrativos;20 - Propios;$ 1,273,119.00;$ 1,273,119.00;$ 0.00;$ 0.00;31/08/2026
01 - ADMINISTRATIVA Y FINANCIERA;2.1.1 Gastos de Personal; - N/A;2.1.1.01.03.001.04;Subsidio Familiar;20 - Propios;$ 246,060.00;$ 246,060.00;$ 0.00;$ 0.00;31/08/2026
01 - ADMINISTRATIVA Y FINANCIERA;2.1.1 Gastos de Personal; - N/A;2.1.1.01.03.009;Prima técnica no salarial;20 - Propios;$ 4,806,995.00;$ 4,806,995.00;$ 0.00;$ 0.00;31/08/2026
01 - ADMINISTRATIVA Y FINANCIERA;2.1.1 Gastos de Personal; - N/A;2.1.1.02.01.001.01.01;Sueldo básico supernumerarios;20 - Propios;$ 657,382,631.00;$ 657,382,631.00;$ 0.00;$ 0.00;31/08/2026
01 - ADMINISTRATIVA Y FINANCIERA;2.1.1 Gastos de Personal; - N/A;2.1.1.02.01.001.05;Auxilio de transporte;20 - Propios;$ 497,437.00;$ 497,437.00;$ 0.00;$ 0.00;31/08/2026
01 - ADMINISTRATIVA Y FINANCIERA;2.1.1 Gastos de Personal; - N/A;2.1.1.02.01.001.06.01;Prima de servicio supernumerarios;20 - Propios;$ 23,109,676.00;$ 23,109,676.00;$ 0.00;$ 0.00;31/08/2026
01 - ADMINISTRATIVA Y FINANCIERA;2.1.1 Gastos de Personal; - N/A;2.1.1.02.01.001.07;Bonificación por servicios prestados;20 - Propios;$ 254,439.00;$ 254,439.00;$ 0.00;$ 0.00;31/08/2026
01 - ADMINISTRATIVA Y FINANCIERA;2.1.1 Gastos de Personal; - N/A;2.1.1.02.01.001.08.01.01;Prima de navidad supernumerarios;20 - Propios;$ 45,864,299.00;$ 45,864,299.00;$ 289,962.00;$ 289,962.00;31/08/2026
01 - ADMINISTRATIVA Y FINANCIERA;2.1.1 Gastos de Personal; - N/A;2.1.1.02.01.001.08.02.01;Prima de vacaciones supernumerarios;20 - Propios;$ 53,232,018.00;$ 53,232,018.00;$ 0.00;$ 0.00;31/08/2026
01 - ADMINISTRATIVA Y FINANCIERA;2.1.1 Gastos de Personal; - N/A;2.1.1.02.02.002;Aportes a la seguridad social en salud;20 - Propios;$ 157,003,156.00;$ 157,003,156.00;$ 0.00;$ 0.00;31/08/2026
01 - ADMINISTRATIVA Y FINANCIERA;2.1.1 Gastos de Personal; - N/A;2.1.1.02.02.003;Aportes de cesantías ;20 - Propios;$ 67,853,876.00;$ 67,853,876.00;$ 0.00;$ 0.00;31/08/2026
01 - ADMINISTRATIVA Y FINANCIERA;2.1.1 Gastos de Personal; - N/A;2.1.1.02.02.004;Aportes a cajas de compensación familiar;20 - Propios;$ 34,699,135.00;$ 34,699,135.00;$ 0.00;$ 0.00;31/08/2026
01 - ADMINISTRATIVA Y FINANCIERA;2.1.1 Gastos de Personal; - N/A;2.1.1.02.02.005;Aportes generales al sistema de riesgos laborales;20 - Propios;$ 5,016,637.00;$ 5,016,637.00;$ 0.00;$ 0.00;31/08/2026
01 - ADMINISTRATIVA Y FINANCIERA;2.1.1 Gastos de Personal; - N/A;2.1.1.02.02.006;Aportes al ICBF;20 - Propios;$ 26,024,344.00;$ 26,024,344.00;$ 0.00;$ 0.00;31/08/2026
01 - ADMINISTRATIVA Y FINANCIERA;2.1.1 Gastos de Personal; - N/A;2.1.1.02.03.001.01.01;Vacaciones supernumerarios;20 - Propios;$ 31,919,582.00;$ 31,919,582.00;$ 0.00;$ 0.00;31/08/2026
01 - ADMINISTRATIVA Y FINANCIERA;2.1.1 Gastos de Personal; - N/A;2.1.1.02.03.001.03;Bonificación especial de recreación;20 - Propios;$ 37,831.00;$ 37,831.00;$ 0.00;$ 0.00;31/08/2026
01 - ADMINISTRATIVA Y FINANCIERA;2.1.1 Gastos de Personal; - N/A;2.1.1.02.03.090;Bonificación por productividad académica;20 - Propios;$ 2,774,422.00;$ 2,774,422.00;$ 2,550,842.00;$ 2,550,842.00;31/08/2026
01 - ADMINISTRATIVA Y FINANCIERA;2.1.2 Gastos de Funcionamiento; - N/A;2.1.2.02.01.000;Agricultura, silvicultura y productos de la pesca;20 - Propios;$ 1,732,393.00;$ 1,732,393.00;$ 0.00;$ 0.00;31/08/2026
01 - ADMINISTRATIVA Y FINANCIERA;2.1.2 Gastos de Funcionamiento; - N/A;2.1.2.02.01.001;"Minerales; electricidad, gas y agua";20 - Propios;$ 3,732,393.00;$ 3,732,393.00;$ 3,732,393.00;$ 3,732,393.00;31/08/2026
01 - ADMINISTRATIVA Y FINANCIERA;2.1.2 Gastos de Funcionamiento; - N/A;2.1.2.02.01.002;"Productos alimenticios, bebidas y tabaco; textiles, prendas de vestir y productos de cuero";20 - Propios;$ 163,146,523.00;$ 1,185,860,154.00;$ 5,769,429.00;$ 1,095,109.00;31/08/2026
01 - ADMINISTRATIVA Y FINANCIERA;2.1.2 Gastos de Funcionamiento; - N/A;2.1.2.02.01.003;Otros bienes transportables (excepto productos metálicos, maquinaria y equipo);20 - Propios;$ 1,402,567,594.00;$ 366,609,000.00;$ 341,683,360.61;$ 154,679,010.88;31/08/2026
01 - ADMINISTRATIVA Y FINANCIERA;2.1.2 Gastos de Funcionamiento; - N/A;2.1.2.02.01.004;Productos metálicos, maquinaria y equipo;20 - Propios;$ 611,084,055.00;$ 518,883,254.00;$ 339,086,407.58;$ 284,030,967.98;31/08/2026
01 - ADMINISTRATIVA Y FINANCIERA;2.1.2 Gastos de Funcionamiento;102140049 - Vicerrectoría Administrativa y Financiera;2.1.2.02.02.007;"Servicios financieros y servicios conexos; servicios inmobiliarios; y servicios de arrendamiento y leasing";20 - Propios;$ 0.00;$ 0.00;$ 0.00;$ 0.00;31/08/2026
01 - ADMINISTRATIVA Y FINANCIERA;2.1.2 Gastos de Funcionamiento; - N/A;2.1.2.02.02.008;Servicios prestados a las empresas y servicios de producción ;20 - Propios;$ 0.00;$ 3,708,058.40;$ 0.00;$ 0.00;31/08/2026
01 - ADMINISTRATIVA Y FINANCIERA;2.1.2 Gastos de Funcionamiento; - N/A;2.1.2.02.02.007;"Servicios financieros y servicios conexos; servicios inmobiliarios; y servicios de arrendamiento y leasing";20 - Propios;$ 0.00;$ 3,239,963.00;$ 0.00;$ 0.00;31/08/2026
01 - ADMINISTRATIVA Y FINANCIERA;2.1.2 Gastos de Funcionamiento; - N/A;2.1.2.02.02.006.00;"Comercio y distribución; alojamiento; servicios de suministro de comidas y bebidas; servicios de transporte; y servicios de distribución de electricidad, gas y agua";20 - Propios;$ 941,334,018.00;$ 825,434,018.00;$ 691,138,818.00;$ 349,315,334.25;31/08/2026
01 - ADMINISTRATIVA Y FINANCIERA;2.1.2 Gastos de Funcionamiento; - N/A;2.1.2.02.02.006.03;Viaticos y gastos de viaje;20 - Propios;$ 85,000,000.00;$ 0.00;$ 0.00;$ 0.00;31/08/2026
01 - ADMINISTRATIVA Y FINANCIERA;2.1.2 Gastos de Funcionamiento; - N/A;2.1.2.02.02.007;"Servicios financieros y servicios conexos; servicios inmobiliarios; y servicios de arrendamiento y leasing";20 - Propios;$ 30,318,455.00;$ 33,808,418.00;$ 250,000.00;$ 250,000.00;31/08/2026
01 - ADMINISTRATIVA Y FINANCIERA;2.1.2 Gastos de Funcionamiento; - N/A;2.1.2.02.02.008;Servicios prestados a las empresas y servicios de producción ;20 - Propios;$ 1,723,429,472.00;$ 1,740,281,413.60;$ 1,680,998,609.00;$ 622,781,310.73;31/08/2026
01 - ADMINISTRATIVA Y FINANCIERA;2.1.2 Gastos de Funcionamiento; - N/A;2.1.2.02.02.009.00;Servicios para la comunidad, sociales y personales;20 - Propios;$ 222,840,616.00;$ 1,379,153,529.26;$ 27,927,216.00;$ 23,537,216.00;31/08/2026
01 - ADMINISTRATIVA Y FINANCIERA;2.1.2 Gastos de Funcionamiento; - N/A;2.1.2.02.02.010;Viáticos de los funcionarios en comisión;20 - Propios;$ 140,868,839.00;$ 213,673,839.00;$ 167,611,919.90;$ 165,397,342.90;31/08/2026
01 - ADMINISTRATIVA Y FINANCIERA;2.1.3 Transferencias Corrientes;102120052 - Dirección de Bienestar Universitario - Tunja;2.1.3.08.02;Apoyo socieconómico a estudiantes;20 - Propios;$ 0.00;$ 66,000,000.00;$ 46,490,480.00;$ 46,490,480.00;31/08/2026
01 - ADMINISTRATIVA Y FINANCIERA;2.1.3 Transferencias Corrientes;102120052 - Dirección de Bienestar Universitario - Tunja;2.1.3.08.02;Apoyo socieconómico a estudiantes;20 - Propios;$ 0.00;$ 0.00;$ 0.00;$ 0.00;31/08/2026
01 - ADMINISTRATIVA Y FINANCIERA;2.1.3 Transferencias Corrientes; - N/A;2.1.3.03.03.001;Membresías internacionales;20 - Propios;$ 10,000,000.00;$ 10,000,000.00;$ 0.00;$ 0.00;31/08/2026
01 - ADMINISTRATIVA Y FINANCIERA;2.1.3 Transferencias Corrientes; - N/A;2.1.3.03.03.002;Distintas a membresías;20 - Propios;$ 4,920,789.00;$ 4,920,789.00;$ 0.00;$ 0.00;31/08/2026
01 - ADMINISTRATIVA Y FINANCIERA;2.1.3 Transferencias Corrientes; - N/A;2.1.3.04.05.001;Membresías nacionales;20 - Propios;$ 15,000,000.00;$ 15,000,000.00;$ 0.00;$ 0.00;31/08/2026
01 - ADMINISTRATIVA Y FINANCIERA;2.1.3 Transferencias Corrientes; - N/A;2.1.3.04.05.002;Distintas a membresías;20 - Propios;$ 53,003,917.00;$ 65,973,917.00;$ 11,244,050.00;$ 11,244,050.00;31/08/2026
01 - ADMINISTRATIVA Y FINANCIERA;2.1.3 Transferencias Corrientes; - N/A;2.1.3.06.03;Beneficios educativos a la comunidad universitaria;20 - Propios;$ 0.00;$ 143,775,838.00;$ 41,873,266.00;$ 9,663,500.00;31/08/2026
01 - ADMINISTRATIVA Y FINANCIERA;2.1.3 Transferencias Corrientes; - N/A;2.1.3.07.02.010.01;Incapacidades (no de pensiones);20 - Propios;$ 0.00;$ 1,736,000.00;$ 474,500.00;$ 474,500.00;31/08/2026
01 - ADMINISTRATIVA Y FINANCIERA;2.1.3 Transferencias Corrientes; - N/A;2.1.3.08.02;Apoyo socieconómico a estudiantes;20 - Propios;$ 12,666,261.00;$ 12,666,261.00;$ 0.00;$ 0.00;31/08/2026
01 - ADMINISTRATIVA Y FINANCIERA;2.1.8 Tasas y Multas; - N/A;2.1.8.01.14;Gravamen a los movimientos financieros;20 - Propios;$ 0.00;$ 25,000,000.00;$ 1,649,442.00;$ 1,637,942.00;31/08/2026
01 - ADMINISTRATIVA Y FINANCIERA;2.1.8 Tasas y Multas; - N/A;2.1.8.01.14;Gravamen a los movimientos financieros;20 - Propios;$ 2,025,272.00;$ 32,025,272.00;$ 28,427,587.00;$ 28,427,587.00;31/08/2026
01 - ADMINISTRATIVA Y FINANCIERA;2.1.8 Tasas y Multas; - N/A;2.1.8.01.53;Impuesto de registro;20 - Propios;$ 1,860,199.00;$ 6,860,199.00;$ 831,000.00;$ 831,000.00;31/08/2026
01 - ADMINISTRATIVA Y FINANCIERA;2.1.8 Tasas y Multas; - N/A;2.1.8.03;Tasas y derechos administrativos;20 - Propios;$ 0.00;$ 5,680,000.00;$ 5,255,000.00;$ 5,255,000.00;31/08/2026
01 - ADMINISTRATIVA Y FINANCIERA;2.1.8 Tasas y Multas; - N/A;2.1.8.06;Gastos por tributos, tasas, contribuciones, multas, sanciones e intereses de mora;20 - Propios;$ 2,818,483.00;$ 2,818,483.00;$ 1,140,000.00;$ 1,140,000.00;31/08/2026
01 - ADMINISTRATIVA Y FINANCIERA;2.3 Gastos de Inversión;23.1.2.3 - Extensión y proyección social como estrategia para el desarrollo en los territorios;2.3.2.02.02.008;Servicios prestados a las empresas y servicios de producción ;20 - Propios;$ 0.00;$ 625,193.00;$ 0.00;$ 0.00;31/08/2026
01 - ADMINISTRATIVA Y FINANCIERA;2.3 Gastos de Inversión;23.3.3.1 - Fortalecimiento de la infraestructura física para el campus amigable;2.3.2.02.02.005;Construcción y servicios de la construcción;20 - Propios;$ 0.00;$ 247,727,180.16;$ 0.00;$ 0.00;31/08/2026
01 - ADMINISTRATIVA Y FINANCIERA;2.3 Gastos de Inversión;23.3.3.1 - Fortalecimiento de la infraestructura física para el campus amigable;2.3.2.02.02.008;Servicios prestados a las empresas y servicios de producción ;20 - Propios;$ 0.00;$ 90,509,421.38;$ 0.00;$ 0.00;31/08/2026
04 - CIENCIAS DE LA EDUCACION;2.1.2 Gastos de Funcionamiento; - N/A;2.1.2.02.01.002;"Productos alimenticios, bebidas y tabaco; textiles, prendas de vestir y productos de cuero";20 - Propios;$ 6,627,000.00;$ 6,627,000.00;$ 627,000.00;$ 627,000.00;31/08/2026
04 - CIENCIAS DE LA EDUCACION;2.1.2 Gastos de Funcionamiento; - N/A;2.1.2.02.01.003;Otros bienes transportables (excepto productos metálicos, maquinaria y equipo);20 - Propios;$ 127,687,116.00;$ 132,450,206.00;$ 104,070,100.20;$ 63,910,100.19;31/08/2026
04 - CIENCIAS DE LA EDUCACION;2.1.2 Gastos de Funcionamiento; - N/A;2.1.2.02.01.004;Productos metálicos, maquinaria y equipo;20 - Propios;$ 143,617,000.00;$ 155,617,000.00;$ 84,730,000.00;$ 84,730,000.00;31/08/2026
04 - CIENCIAS DE LA EDUCACION;2.1.2 Gastos de Funcionamiento; - N/A;2.1.2.02.02.006.00;"Comercio y distribución; alojamiento; servicios de suministro de comidas y bebidas; servicios de transporte; y servicios de distribución de electricidad, gas y agua";20 - Propios;$ 9,000,000.00;$ 115,540,525.06;$ 106,540,525.06;$ 81,204,336.00;31/08/2026
04 - CIENCIAS DE LA EDUCACION;2.1.2 Gastos de Funcionamiento; - N/A;2.1.2.02.02.006.01;Practicas academicas;20 - Propios;$ 573,738,452.00;$ 596,305,909.30;$ 375,010,472.00;$ 375,010,472.00;31/08/2026
04 - CIENCIAS DE LA EDUCACION;2.1.2 Gastos de Funcionamiento; - N/A;2.1.2.02.02.006.03;Viaticos y gastos de viaje;20 - Propios;$ 200,775,433.00;$ 7,729,320.90;$ 0.00;$ 0.00;31/08/2026
04 - CIENCIAS DE LA EDUCACION;2.1.2 Gastos de Funcionamiento; - N/A;2.1.2.02.02.008;Servicios prestados a las empresas y servicios de producción ;20 - Propios;$ 42,000,000.00;$ 44,000,000.00;$ 6,499,994.20;$ 0.00;31/08/2026
04 - CIENCIAS DE LA EDUCACION;2.1.2 Gastos de Funcionamiento; - N/A;2.1.2.02.02.009.00;Servicios para la comunidad, sociales y personales;20 - Propios;$ 20,000,000.00;$ 10,800,000.00;$ 2,999,000.00;$ 2,999,000.00;31/08/2026
04 - CIENCIAS DE LA EDUCACION;2.1.2 Gastos de Funcionamiento; - N/A;2.1.2.02.02.010;Viáticos de los funcionarios en comisión;20 - Propios;$ 0.00;$ 54,375,039.74;$ 30,275,462.60;$ 27,458,101.35;31/08/2026
04 - CIENCIAS DE LA EDUCACION;2.1.3 Transferencias Corrientes; - N/A;2.1.3.04.05.001;Membresías nacionales;20 - Propios;$ 6,300,000.00;$ 6,300,000.00;$ 6,128,168.00;$ 6,128,168.00;31/08/2026
05 - CIENCIAS BASICAS;2.1.2 Gastos de Funcionamiento; - N/A;2.1.2.02.01.002;"Productos alimenticios, bebidas y tabaco; textiles, prendas de vestir y productos de cuero";20 - Propios;$ 1,328,000.00;$ 1,448,000.00;$ 1,418,113.51;$ 1,418,113.47;31/08/2026
05 - CIENCIAS BASICAS;2.1.2 Gastos de Funcionamiento; - N/A;2.1.2.02.01.003;Otros bienes transportables (excepto productos metálicos, maquinaria y equipo);20 - Propios;$ 95,229,500.00;$ 95,819,500.00;$ 81,087,655.07;$ 72,095,666.92;31/08/2026
05 - CIENCIAS BASICAS;2.1.2 Gastos de Funcionamiento; - N/A;2.1.2.02.01.004;Productos metálicos, maquinaria y equipo;20 - Propios;$ 98,787,714.00;$ 97,249,666.00;$ 66,713,184.15;$ 41,920,495.67;31/08/2026
05 - CIENCIAS BASICAS;2.1.2 Gastos de Funcionamiento;205090003 - CIEC - Centro de Gestión de Investigación y Extensión de la Facultad de Ciencias;2.1.2.02.02.009.00;Servicios para la comunidad, sociales y personales;20 - Propios;$ 0.00;$ 25,044,900.00;$ 14,362,560.00;$ 14,362,560.00;31/08/2026
05 - CIENCIAS BASICAS;2.1.2 Gastos de Funcionamiento; - N/A;2.1.2.02.02.006.00;"Comercio y distribución; alojamiento; servicios de suministro de comidas y bebidas; servicios de transporte; y servicios de distribución de electricidad, gas y agua";20 - Propios;$ 0.00;$ 28,000,000.00;$ 28,000,000.00;$ 7,031,738.00;31/08/2026
05 - CIENCIAS BASICAS;2.1.2 Gastos de Funcionamiento; - N/A;2.1.2.02.02.006.01;Practicas academicas;20 - Propios;$ 119,695,014.00;$ 150,195,014.00;$ 125,776,781.00;$ 100,702,949.00;31/08/2026
05 - CIENCIAS BASICAS;2.1.2 Gastos de Funcionamiento; - N/A;2.1.2.02.02.006.03;Viaticos y gastos de viaje;20 - Propios;$ 144,288,030.00;$ 10,787,746.00;$ 462,603.00;$ 219,243.00;31/08/2026
05 - CIENCIAS BASICAS;2.1.2 Gastos de Funcionamiento; - N/A;2.1.2.02.02.008;Servicios prestados a las empresas y servicios de producción ;20 - Propios;$ 58,501,742.00;$ 41,591,742.00;$ 9,783,263.00;$ 0.00;31/08/2026
05 - CIENCIAS BASICAS;2.1.2 Gastos de Funcionamiento; - N/A;2.1.2.02.02.009.00;Servicios para la comunidad, sociales y personales;20 - Propios;$ 15,000,000.00;$ 18,950,000.00;$ 6,350,000.00;$ 2,400,000.00;31/08/2026
05 - CIENCIAS BASICAS;2.1.2 Gastos de Funcionamiento; - N/A;2.1.2.02.02.010;Viáticos de los funcionarios en comisión;20 - Propios;$ 0.00;$ 88,700,284.00;$ 65,404,434.06;$ 54,229,905.36;31/08/2026
05 - CIENCIAS BASICAS;2.1.3 Transferencias Corrientes; - N/A;2.1.3.04.05.001;Membresías nacionales;20 - Propios;$ 21,000,000.00;$ 21,088,048.00;$ 16,963,501.00;$ 16,963,501.00;31/08/2026
06 - CIENCIAS ECONOMICAS, ADMINISTRATIVAS Y CONTABLES;2.1.2 Gastos de Funcionamiento; - N/A;2.1.2.02.01.003;Otros bienes transportables (excepto productos metálicos, maquinaria y equipo);20 - Propios;$ 18,268,000.00;$ 19,268,000.00;$ 12,816,000.00;$ 743,000.00;31/08/2026
06 - CIENCIAS ECONOMICAS, ADMINISTRATIVAS Y CONTABLES;2.1.2 Gastos de Funcionamiento; - N/A;2.1.2.02.01.004;Productos metálicos, maquinaria y equipo;20 - Propios;$ 8,900,000.00;$ 8,900,000.00;$ 8,221,000.00;$ 8,221,000.00;31/08/2026
06 - CIENCIAS ECONOMICAS, ADMINISTRATIVAS Y CONTABLES;2.1.2 Gastos de Funcionamiento;207090001 - CENES - Centro de Gestión de Investigación y Extensión de la Facultad de Ciencias Económicas, Administrativas y Contables;2.1.2.02.02.009.00;Servicios para la comunidad, sociales y personales;20 - Propios;$ 0.00;$ 11,310,600.00;$ 9,575,040.00;$ 4,787,520.00;31/08/2026
06 - CIENCIAS ECONOMICAS, ADMINISTRATIVAS Y CONTABLES;2.1.2 Gastos de Funcionamiento; - N/A;2.1.2.02.02.006.00;"Comercio y distribución; alojamiento; servicios de suministro de comidas y bebidas; servicios de transporte; y servicios de distribución de electricidad, gas y agua";20 - Propios;$ 0.00;$ 2,700,000.00;$ 0.00;$ 0.00;31/08/2026
06 - CIENCIAS ECONOMICAS, ADMINISTRATIVAS Y CONTABLES;2.1.2 Gastos de Funcionamiento; - N/A;2.1.2.02.02.006.01;Practicas academicas;20 - Propios;$ 154,514,698.00;$ 154,514,698.00;$ 129,256,352.00;$ 59,236,753.00;31/08/2026
06 - CIENCIAS ECONOMICAS, ADMINISTRATIVAS Y CONTABLES;2.1.2 Gastos de Funcionamiento; - N/A;2.1.2.02.02.006.03;Viaticos y gastos de viaje;20 - Propios;$ 61,696,949.00;$ 14,033,776.00;$ 0.00;$ 0.00;31/08/2026
06 - CIENCIAS ECONOMICAS, ADMINISTRATIVAS Y CONTABLES;2.1.2 Gastos de Funcionamiento; - N/A;2.1.2.02.02.008;Servicios prestados a las empresas y servicios de producción ;20 - Propios;$ 31,478,041.00;$ 31,478,041.00;$ 1,547,000.00;$ 0.00;31/08/2026
06 - CIENCIAS ECONOMICAS, ADMINISTRATIVAS Y CONTABLES;2.1.2 Gastos de Funcionamiento; - N/A;2.1.2.02.02.009.00;Servicios para la comunidad, sociales y personales;20 - Propios;$ 91,143,312.00;$ 77,443,312.00;$ 12,558,336.50;$ 11,136,708.80;31/08/2026
06 - CIENCIAS ECONOMICAS, ADMINISTRATIVAS Y CONTABLES;2.1.2 Gastos de Funcionamiento; - N/A;2.1.2.02.02.010;Viáticos de los funcionarios en comisión;20 - Propios;$ 0.00;$ 57,663,173.00;$ 36,789,009.75;$ 22,908,898.35;31/08/2026
06 - CIENCIAS ECONOMICAS, ADMINISTRATIVAS Y CONTABLES;2.1.3 Transferencias Corrientes; - N/A;2.1.3.04.05.001;Membresías nacionales;20 - Propios;$ 17,000,000.00;$ 17,000,000.00;$ 14,424,001.00;$ 14,424,001.00;31/08/2026
07 - CIENCIAS DE LA SALUD;2.1.2 Gastos de Funcionamiento; - N/A;2.1.2.02.01.000;Agricultura, silvicultura y productos de la pesca;20 - Propios;$ 1,000,000.00;$ 1,000,000.00;$ 0.00;$ 0.00;31/08/2026
07 - CIENCIAS DE LA SALUD;2.1.2 Gastos de Funcionamiento; - N/A;2.1.2.02.01.002;"Productos alimenticios, bebidas y tabaco; textiles, prendas de vestir y productos de cuero";20 - Propios;$ 1,939,000.00;$ 1,939,000.00;$ 889,000.00;$ 889,000.00;31/08/2026
07 - CIENCIAS DE LA SALUD;2.1.2 Gastos de Funcionamiento; - N/A;2.1.2.02.01.003;Otros bienes transportables (excepto productos metálicos, maquinaria y equipo);20 - Propios;$ 61,744,500.00;$ 71,744,500.00;$ 32,986,496.34;$ 15,935,000.00;31/08/2026
07 - CIENCIAS DE LA SALUD;2.1.2 Gastos de Funcionamiento; - N/A;2.1.2.02.01.004;Productos metálicos, maquinaria y equipo;20 - Propios;$ 84,086,192.00;$ 74,086,192.00;$ 33,140,000.00;$ 33,140,000.00;31/08/2026
07 - CIENCIAS DE LA SALUD;2.1.2 Gastos de Funcionamiento; - N/A;2.1.2.02.02.006.00;"Comercio y distribución; alojamiento; servicios de suministro de comidas y bebidas; servicios de transporte; y servicios de distribución de electricidad, gas y agua";20 - Propios;$ 26,880,636.00;$ 31,880,636.00;$ 14,000,000.00;$ 6,324,156.00;31/08/2026
07 - CIENCIAS DE LA SALUD;2.1.2 Gastos de Funcionamiento; - N/A;2.1.2.02.02.006.01;Practicas academicas;20 - Propios;$ 43,194,342.00;$ 43,194,342.00;$ 37,118,673.00;$ 18,749,077.00;31/08/2026
07 - CIENCIAS DE LA SALUD;2.1.2 Gastos de Funcionamiento; - N/A;2.1.2.02.02.006.03;Viaticos y gastos de viaje;20 - Propios;$ 155,216,830.00;$ 65,607,106.00;$ 0.00;$ 0.00;31/08/2026
07 - CIENCIAS DE LA SALUD;2.1.2 Gastos de Funcionamiento; - N/A;2.1.2.02.02.008;Servicios prestados a las empresas y servicios de producción ;20 - Propios;$ 59,500,000.00;$ 47,500,000.00;$ 12,999,900.00;$ 0.00;31/08/2026
07 - CIENCIAS DE LA SALUD;2.1.2 Gastos de Funcionamiento; - N/A;2.1.2.02.02.009.00;Servicios para la comunidad, sociales y personales;20 - Propios;$ 25,000,000.00;$ 20,000,000.00;$ 7,150,000.00;$ 3,200,000.00;31/08/2026
07 - CIENCIAS DE LA SALUD;2.1.2 Gastos de Funcionamiento; - N/A;2.1.2.02.02.010;Viáticos de los funcionarios en comisión;20 - Propios;$ 0.00;$ 89,609,724.00;$ 47,854,462.80;$ 35,573,685.30;31/08/2026
07 - CIENCIAS DE LA SALUD;2.1.3 Transferencias Corrientes; - N/A;2.1.3.04.05.001;Membresías nacionales;20 - Propios;$ 25,372,500.00;$ 37,372,500.00;$ 13,000,000.00;$ 13,000,000.00;31/08/2026
08 - CIENCIAS AGROPECUARIAS;2.1.2 Gastos de Funcionamiento; - N/A;2.1.2.02.01.002;"Productos alimenticios, bebidas y tabaco; textiles, prendas de vestir y productos de cuero";20 - Propios;$ 257,000.00;$ 257,000.00;$ 257,000.00;$ 257,000.00;31/08/2026
08 - CIENCIAS AGROPECUARIAS;2.1.2 Gastos de Funcionamiento; - N/A;2.1.2.02.01.003;Otros bienes transportables (excepto productos metálicos, maquinaria y equipo);20 - Propios;$ 70,435,496.00;$ 70,435,496.00;$ 11,696,000.00;$ 2,354,000.00;31/08/2026
08 - CIENCIAS AGROPECUARIAS;2.1.2 Gastos de Funcionamiento; - N/A;2.1.2.02.01.004;Productos metálicos, maquinaria y equipo;20 - Propios;$ 51,709,500.00;$ 51,709,500.00;$ 39,815,500.00;$ 39,815,500.00;31/08/2026
08 - CIENCIAS AGROPECUARIAS;2.1.2 Gastos de Funcionamiento; - N/A;2.1.2.02.02.006.01;Practicas academicas;20 - Propios;$ 324,636,004.00;$ 324,636,004.00;$ 189,579,984.00;$ 139,281,442.00;31/08/2026
08 - CIENCIAS AGROPECUARIAS;2.1.2 Gastos de Funcionamiento; - N/A;2.1.2.02.02.006.03;Viaticos y gastos de viaje;20 - Propios;$ 16,295,000.00;$ 0.00;$ 0.00;$ 0.00;31/08/2026
08 - CIENCIAS AGROPECUARIAS;2.1.2 Gastos de Funcionamiento; - N/A;2.1.2.02.02.008;Servicios prestados a las empresas y servicios de producción ;20 - Propios;$ 11,000,000.00;$ 11,000,000.00;$ 0.00;$ 0.00;31/08/2026
08 - CIENCIAS AGROPECUARIAS;2.1.2 Gastos de Funcionamiento; - N/A;2.1.2.02.02.010;Viáticos de los funcionarios en comisión;20 - Propios;$ 0.00;$ 16,295,000.00;$ 15,692,683.36;$ 15,692,683.36;31/08/2026
09 - INGENIERIA;2.1.2 Gastos de Funcionamiento;210040052 - Técnico Laboral en Procesos Siderúrgicos Esenciales - Presencial;2.1.2.02.01.003;Otros bienes transportables (excepto productos metálicos, maquinaria y equipo);20 - Propios;$ 0.00;$ 844,595.20;$ 0.00;$ 0.00;31/08/2026
09 - INGENIERIA;2.1.2 Gastos de Funcionamiento;210040052 - Técnico Laboral en Procesos Siderúrgicos Esenciales - Presencial;2.1.2.02.01.004;Productos metálicos, maquinaria y equipo;20 - Propios;$ 0.00;$ 4,000,000.00;$ 0.00;$ 0.00;31/08/2026
09 - INGENIERIA;2.1.2 Gastos de Funcionamiento; - N/A;2.1.2.02.01.002;"Productos alimenticios, bebidas y tabaco; textiles, prendas de vestir y productos de cuero";20 - Propios;$ 335,000.00;$ 335,000.00;$ 335,000.00;$ 335,000.00;31/08/2026
09 - INGENIERIA;2.1.2 Gastos de Funcionamiento; - N/A;2.1.2.02.01.003;Otros bienes transportables (excepto productos metálicos, maquinaria y equipo);20 - Propios;$ 39,338,202.00;$ 54,338,202.00;$ 21,789,656.67;$ 4,022,656.92;31/08/2026
09 - INGENIERIA;2.1.2 Gastos de Funcionamiento; - N/A;2.1.2.02.01.004;Productos metálicos, maquinaria y equipo;20 - Propios;$ 178,474,371.00;$ 171,974,371.00;$ 60,564,997.85;$ 50,340,500.00;31/08/2026
09 - INGENIERIA;2.1.2 Gastos de Funcionamiento;210040052 - Técnico Laboral en Procesos Siderúrgicos Esenciales - Presencial;2.1.2.02.02.006.01;Practicas academicas;20 - Propios;$ 0.00;$ 6,000,000.00;$ 0.00;$ 0.00;31/08/2026
09 - INGENIERIA;2.1.2 Gastos de Funcionamiento;210040052 - Técnico Laboral en Procesos Siderúrgicos Esenciales - Presencial;2.1.2.02.02.008;Servicios prestados a las empresas y servicios de producción ;20 - Propios;$ 0.00;$ 10,000,000.00;$ 0.00;$ 0.00;31/08/2026
09 - INGENIERIA;2.1.2 Gastos de Funcionamiento;210090002 - CEDEC - Centro de Gestión de Investigación y Extensión de la Facultad de Ingeniería;2.1.2.02.02.009.00;Servicios para la comunidad, sociales y personales;20 - Propios;$ 0.00;$ 73,009,680.00;$ 73,009,680.00;$ 73,009,680.00;31/08/2026
09 - INGENIERIA;2.1.2 Gastos de Funcionamiento; - N/A;2.1.2.02.02.006.00;"Comercio y distribución; alojamiento; servicios de suministro de comidas y bebidas; servicios de transporte; y servicios de distribución de electricidad, gas y agua";20 - Propios;$ 6,000,000.00;$ 25,620,276.70;$ 25,620,276.70;$ 0.00;31/08/2026
09 - INGENIERIA;2.1.2 Gastos de Funcionamiento; - N/A;2.1.2.02.02.006.01;Practicas academicas;20 - Propios;$ 346,017,962.00;$ 346,017,962.00;$ 308,324,306.00;$ 168,773,804.00;31/08/2026
09 - INGENIERIA;2.1.2 Gastos de Funcionamiento; - N/A;2.1.2.02.02.006.03;Viaticos y gastos de viaje;20 - Propios;$ 171,792,000.00;$ 1,049,087.00;$ 0.00;$ 0.00;31/08/2026
09 - INGENIERIA;2.1.2 Gastos de Funcionamiento; - N/A;2.1.2.02.02.008;Servicios prestados a las empresas y servicios de producción ;20 - Propios;$ 34,500,000.00;$ 32,000,000.00;$ 0.00;$ 0.00;31/08/2026
09 - INGENIERIA;2.1.2 Gastos de Funcionamiento; - N/A;2.1.2.02.02.009.00;Servicios para la comunidad, sociales y personales;20 - Propios;$ 5,028,926.00;$ 66,154,649.30;$ 13,104,717.18;$ 13,104,717.18;31/08/2026
09 - INGENIERIA;2.1.2 Gastos de Funcionamiento; - N/A;2.1.2.02.02.010;Viáticos de los funcionarios en comisión;20 - Propios;$ 0.00;$ 150,542,913.00;$ 71,492,253.82;$ 47,225,124.57;31/08/2026
09 - INGENIERIA;2.1.3 Transferencias Corrientes;210040052 - Técnico Laboral en Procesos Siderúrgicos Esenciales - Presencial;2.1.3.03.03.002;Distintas a membresías;20 - Propios;$ 0.00;$ 0.00;$ 0.00;$ 0.00;31/08/2026
09 - INGENIERIA;2.1.3 Transferencias Corrientes;210040052 - Técnico Laboral en Procesos Siderúrgicos Esenciales - Presencial;2.1.3.04.05.002;Distintas a membresías;20 - Propios;$ 0.00;$ 583,065.60;$ 583,065.60;$ 583,065.60;31/08/2026
09 - INGENIERIA;2.1.3 Transferencias Corrientes; - N/A;2.1.3.03.03.001;Membresías internacionales;20 - Propios;$ 18,000,000.00;$ 15,000,000.00;$ 0.00;$ 0.00;31/08/2026
09 - INGENIERIA;2.1.3 Transferencias Corrientes; - N/A;2.1.3.04.05.001;Membresías nacionales;20 - Propios;$ 105,429,539.00;$ 41,648,539.00;$ 11,135,000.00;$ 11,135,000.00;31/08/2026
09 - INGENIERIA;2.1.3 Transferencias Corrientes; - N/A;2.1.3.06.03;Beneficios educativos a la comunidad universitaria;20 - Propios;$ 0.00;$ 235,000.00;$ 234,000.00;$ 234,000.00;31/08/2026
10 - DERECHO Y CIENCIAS SOCIALES;2.1.2 Gastos de Funcionamiento; - N/A;2.1.2.02.01.002;"Productos alimenticios, bebidas y tabaco; textiles, prendas de vestir y productos de cuero";20 - Propios;$ 55,500.00;$ 55,500.00;$ 55,500.00;$ 55,500.00;31/08/2026
10 - DERECHO Y CIENCIAS SOCIALES;2.1.2 Gastos de Funcionamiento; - N/A;2.1.2.02.01.003;Otros bienes transportables (excepto productos metálicos, maquinaria y equipo);20 - Propios;$ 4,541,000.00;$ 11,248,300.00;$ 9,301,800.00;$ 110,000.00;31/08/2026
10 - DERECHO Y CIENCIAS SOCIALES;2.1.2 Gastos de Funcionamiento; - N/A;2.1.2.02.01.004;Productos metálicos, maquinaria y equipo;20 - Propios;$ 14,102,500.00;$ 14,102,500.00;$ 13,510,500.00;$ 13,510,500.00;31/08/2026
10 - DERECHO Y CIENCIAS SOCIALES;2.1.2 Gastos de Funcionamiento;208090001 - CIEDE - Centro de Gestión de Investigación y Extensión de la Facultad de Derecho y Ciencias Sociales;2.1.2.02.02.009.00;Servicios para la comunidad, sociales y personales;20 - Propios;$ 0.00;$ 43,357,500.00;$ 23,937,575.00;$ 23,937,575.00;31/08/2026
10 - DERECHO Y CIENCIAS SOCIALES;2.1.2 Gastos de Funcionamiento; - N/A;2.1.2.02.02.006.00;"Comercio y distribución; alojamiento; servicios de suministro de comidas y bebidas; servicios de transporte; y servicios de distribución de electricidad, gas y agua";20 - Propios;$ 0.00;$ 17,000,000.00;$ 17,000,000.00;$ 6,844,840.00;31/08/2026
10 - DERECHO Y CIENCIAS SOCIALES;2.1.2 Gastos de Funcionamiento; - N/A;2.1.2.02.02.006.01;Practicas academicas;20 - Propios;$ 122,127,324.00;$ 122,127,324.00;$ 117,937,222.00;$ 47,557,534.00;31/08/2026
10 - DERECHO Y CIENCIAS SOCIALES;2.1.2 Gastos de Funcionamiento; - N/A;2.1.2.02.02.006.03;Viaticos y gastos de viaje;20 - Propios;$ 105,512,176.00;$ 21,778,772.00;$ 0.00;$ 0.00;31/08/2026
10 - DERECHO Y CIENCIAS SOCIALES;2.1.2 Gastos de Funcionamiento; - N/A;2.1.2.02.02.008;Servicios prestados a las empresas y servicios de producción ;20 - Propios;$ 58,559,500.00;$ 41,631,120.00;$ 0.00;$ 0.00;31/08/2026
10 - DERECHO Y CIENCIAS SOCIALES;2.1.2 Gastos de Funcionamiento; - N/A;2.1.2.02.02.009.00;Servicios para la comunidad, sociales y personales;20 - Propios;$ 0.00;$ 1,500,000.00;$ 500,000.00;$ 500,000.00;31/08/2026
10 - DERECHO Y CIENCIAS SOCIALES;2.1.2 Gastos de Funcionamiento; - N/A;2.1.2.02.02.010;Viáticos de los funcionarios en comisión;20 - Propios;$ 0.00;$ 66,733,404.00;$ 24,229,675.50;$ 23,142,510.50;31/08/2026
10 - DERECHO Y CIENCIAS SOCIALES;2.1.3 Transferencias Corrientes; - N/A;2.1.3.04.05.001;Membresías nacionales;20 - Propios;$ 0.00;$ 8,721,080.00;$ 8,721,080.00;$ 8,721,080.00;31/08/2026
12 - SECCIONAL DUITAMA;2.1.2 Gastos de Funcionamiento; - N/A;2.1.2.02.01.001;"Minerales; electricidad, gas y agua";20 - Propios;$ 550,000.00;$ 330,790.00;$ 330,790.00;$ 330,532.00;31/08/2026
12 - SECCIONAL DUITAMA;2.1.2 Gastos de Funcionamiento; - N/A;2.1.2.02.01.002;"Productos alimenticios, bebidas y tabaco; textiles, prendas de vestir y productos de cuero";20 - Propios;$ 5,069,874.00;$ 3,535,050.80;$ 3,535,050.80;$ 3,061,050.80;31/08/2026
12 - SECCIONAL DUITAMA;2.1.2 Gastos de Funcionamiento; - N/A;2.1.2.02.01.003;Otros bienes transportables (excepto productos metálicos, maquinaria y equipo);20 - Propios;$ 205,353,794.00;$ 167,107,827.20;$ 121,140,881.44;$ 66,685,503.78;31/08/2026
12 - SECCIONAL DUITAMA;2.1.2 Gastos de Funcionamiento; - N/A;2.1.2.02.01.004;Productos metálicos, maquinaria y equipo;20 - Propios;$ 275,996,244.00;$ 248,996,244.00;$ 180,397,140.13;$ 170,001,775.93;31/08/2026
12 - SECCIONAL DUITAMA;2.1.2 Gastos de Funcionamiento;212090007 - CIFAD - Centro de Gestión de Investigación y Extensión de la Facultad Seccional Duitama;2.1.2.02.02.009.00;Servicios para la comunidad, sociales y personales;20 - Propios;$ 0.00;$ 38,874,617.00;$ 34,709,484.00;$ 29,921,969.00;31/08/2026
12 - SECCIONAL DUITAMA;2.1.2 Gastos de Funcionamiento; - N/A;2.1.2.02.02.006.00;"Comercio y distribución; alojamiento; servicios de suministro de comidas y bebidas; servicios de transporte; y servicios de distribución de electricidad, gas y agua";20 - Propios;$ 0.00;$ 12,000,000.00;$ 10,200,000.00;$ 1,200,000.00;31/08/2026
12 - SECCIONAL DUITAMA;2.1.2 Gastos de Funcionamiento; - N/A;2.1.2.02.02.006.01;Practicas academicas;20 - Propios;$ 509,013,609.00;$ 509,013,609.00;$ 383,651,836.00;$ 263,392,776.00;31/08/2026
12 - SECCIONAL DUITAMA;2.1.2 Gastos de Funcionamiento; - N/A;2.1.2.02.02.006.03;Viaticos y gastos de viaje;20 - Propios;$ 54,806,967.00;$ 0.00;$ 0.00;$ 0.00;31/08/2026
12 - SECCIONAL DUITAMA;2.1.2 Gastos de Funcionamiento; - N/A;2.1.2.02.02.008;Servicios prestados a las empresas y servicios de producción ;20 - Propios;$ 90,083,512.00;$ 101,783,512.00;$ 50,480,359.25;$ 35,051,331.00;31/08/2026
12 - SECCIONAL DUITAMA;2.1.2 Gastos de Funcionamiento; - N/A;2.1.2.02.02.009.00;Servicios para la comunidad, sociales y personales;20 - Propios;$ 28,500,000.00;$ 37,500,000.00;$ 0.00;$ 0.00;31/08/2026
12 - SECCIONAL DUITAMA;2.1.2 Gastos de Funcionamiento; - N/A;2.1.2.02.02.010;Viáticos de los funcionarios en comisión;20 - Propios;$ 0.00;$ 88,606,967.00;$ 33,032,420.47;$ 30,526,484.47;31/08/2026
12 - SECCIONAL DUITAMA;2.1.3 Transferencias Corrientes; - N/A;2.1.3.03.03.001;Membresías internacionales;20 - Propios;$ 3,000,000.00;$ 3,000,000.00;$ 0.00;$ 0.00;31/08/2026
12 - SECCIONAL DUITAMA;2.1.3 Transferencias Corrientes; - N/A;2.1.3.04.05.001;Membresías nacionales;20 - Propios;$ 8,000,000.00;$ 8,000,000.00;$ 5,124,600.00;$ 5,124,600.00;31/08/2026
12 - SECCIONAL DUITAMA;2.1.8 Tasas y Multas; - N/A;2.1.8.06;Gastos por tributos, tasas, contribuciones, multas, sanciones e intereses de mora;20 - Propios;$ 0.00;$ 500,000.00;$ 500,000.00;$ 500,000.00;31/08/2026
13 - SECCIONAL SOGAMOSO;2.1.2 Gastos de Funcionamiento; - N/A;2.1.2.02.01.001;"Minerales; electricidad, gas y agua";20 - Propios;$ 1,000,000.00;$ 1,000,000.00;$ 464,100.00;$ 464,100.00;31/08/2026
13 - SECCIONAL SOGAMOSO;2.1.2 Gastos de Funcionamiento; - N/A;2.1.2.02.01.002;"Productos alimenticios, bebidas y tabaco; textiles, prendas de vestir y productos de cuero";20 - Propios;$ 12,663,200.00;$ 12,663,200.00;$ 12,478,210.00;$ 12,478,210.00;31/08/2026
13 - SECCIONAL SOGAMOSO;2.1.2 Gastos de Funcionamiento; - N/A;2.1.2.02.01.003;Otros bienes transportables (excepto productos metálicos, maquinaria y equipo);20 - Propios;$ 139,458,500.00;$ 139,458,500.00;$ 92,882,122.32;$ 35,561,644.25;31/08/2026
13 - SECCIONAL SOGAMOSO;2.1.2 Gastos de Funcionamiento; - N/A;2.1.2.02.01.004;Productos metálicos, maquinaria y equipo;20 - Propios;$ 86,469,709.00;$ 106,469,709.00;$ 67,490,994.68;$ 59,629,175.68;31/08/2026
13 - SECCIONAL SOGAMOSO;2.1.2 Gastos de Funcionamiento;213090003 - CIFAS - Centro de Gestión de Investigación y Extensión de la Facultad Seccional Sogamoso;2.1.2.02.02.009.00;Servicios para la comunidad, sociales y personales;20 - Propios;$ 0.00;$ 39,540,000.00;$ 29,921,969.00;$ 5,984,394.00;31/08/2026
13 - SECCIONAL SOGAMOSO;2.1.2 Gastos de Funcionamiento; - N/A;2.1.2.02.02.006.00;"Comercio y distribución; alojamiento; servicios de suministro de comidas y bebidas; servicios de transporte; y servicios de distribución de electricidad, gas y agua";20 - Propios;$ 0.00;$ 6,500,000.00;$ 500,000.00;$ 500,000.00;31/08/2026
13 - SECCIONAL SOGAMOSO;2.1.2 Gastos de Funcionamiento; - N/A;2.1.2.02.02.006.01;Practicas academicas;20 - Propios;$ 750,569,173.00;$ 750,569,173.00;$ 558,337,831.00;$ 544,621,520.00;31/08/2026
13 - SECCIONAL SOGAMOSO;2.1.2 Gastos de Funcionamiento; - N/A;2.1.2.02.02.006.03;Viaticos y gastos de viaje;20 - Propios;$ 150,289,117.00;$ 2,000,000.00;$ 0.00;$ 0.00;31/08/2026
13 - SECCIONAL SOGAMOSO;2.1.2 Gastos de Funcionamiento; - N/A;2.1.2.02.02.007;"Servicios financieros y servicios conexos; servicios inmobiliarios; y servicios de arrendamiento y leasing";20 - Propios;$ 0.00;$ 500,000.00;$ 500,000.00;$ 500,000.00;31/08/2026
13 - SECCIONAL SOGAMOSO;2.1.2 Gastos de Funcionamiento; - N/A;2.1.2.02.02.008;Servicios prestados a las empresas y servicios de producción ;20 - Propios;$ 124,426,985.00;$ 98,647,985.00;$ 29,546,439.08;$ 16,461,430.00;31/08/2026
13 - SECCIONAL SOGAMOSO;2.1.2 Gastos de Funcionamiento; - N/A;2.1.2.02.02.009.00;Servicios para la comunidad, sociales y personales;20 - Propios;$ 23,800,000.00;$ 25,160,000.00;$ 0.00;$ 0.00;31/08/2026
13 - SECCIONAL SOGAMOSO;2.1.2 Gastos de Funcionamiento; - N/A;2.1.2.02.02.010;Viáticos de los funcionarios en comisión;20 - Propios;$ 0.00;$ 147,858,033.00;$ 74,970,219.65;$ 59,803,610.65;31/08/2026
13 - SECCIONAL SOGAMOSO;2.1.3 Transferencias Corrientes; - N/A;2.1.3.03.03.001;Membresías internacionales;20 - Propios;$ 5,000,000.00;$ 4,000,000.00;$ 3,999,952.00;$ 3,999,952.00;31/08/2026
13 - SECCIONAL SOGAMOSO;2.1.3 Transferencias Corrientes; - N/A;2.1.3.04.05.001;Membresías nacionales;20 - Propios;$ 16,129,316.00;$ 11,824,600.00;$ 11,797,644.00;$ 11,797,644.00;31/08/2026
13 - SECCIONAL SOGAMOSO;2.1.3 Transferencias Corrientes; - N/A;2.1.3.07.03.013;Afiliación Riesgos Laborales contratistas Grado IV y V;20 - Propios;$ 0.00;$ 1,454,800.00;$ 1,454,800.00;$ 1,454,800.00;31/08/2026
13 - SECCIONAL SOGAMOSO;2.1.8 Tasas y Multas; - N/A;2.1.8.03;Tasas y derechos administrativos;20 - Propios;$ 0.00;$ 1,000,000.00;$ 1,000,000.00;$ 1,000,000.00;31/08/2026
13 - SECCIONAL SOGAMOSO;2.1.8 Tasas y Multas; - N/A;2.1.8.06;Gastos por tributos, tasas, contribuciones, multas, sanciones e intereses de mora;20 - Propios;$ 0.00;$ 700,000.00;$ 700,000.00;$ 700,000.00;31/08/2026
14 - SECCIONAL CHIQUINQUIRA;2.1.2 Gastos de Funcionamiento; - N/A;2.1.2.02.01.002;"Productos alimenticios, bebidas y tabaco; textiles, prendas de vestir y productos de cuero";20 - Propios;$ 5,180,500.00;$ 5,180,500.00;$ 2,388,000.00;$ 2,388,000.00;31/08/2026
14 - SECCIONAL CHIQUINQUIRA;2.1.2 Gastos de Funcionamiento; - N/A;2.1.2.02.01.003;Otros bienes transportables (excepto productos metálicos, maquinaria y equipo);20 - Propios;$ 118,451,864.00;$ 119,451,864.00;$ 28,483,500.00;$ 6,746,500.00;31/08/2026
14 - SECCIONAL CHIQUINQUIRA;2.1.2 Gastos de Funcionamiento; - N/A;2.1.2.02.01.004;Productos metálicos, maquinaria y equipo;20 - Propios;$ 81,234,000.00;$ 82,234,000.00;$ 47,685,000.00;$ 47,685,000.00;31/08/2026
14 - SECCIONAL CHIQUINQUIRA;2.1.2 Gastos de Funcionamiento; - N/A;2.1.2.02.02.005;Construcción y servicios de la construcción;20 - Propios;$ 44,089,735.00;$ 16,279,735.00;$ 0.00;$ 0.00;31/08/2026
14 - SECCIONAL CHIQUINQUIRA;2.1.2 Gastos de Funcionamiento; - N/A;2.1.2.02.02.006.00;"Comercio y distribución; alojamiento; servicios de suministro de comidas y bebidas; servicios de transporte; y servicios de distribución de electricidad, gas y agua";20 - Propios;$ 6,000,000.00;$ 6,000,000.00;$ 3,000,000.00;$ 500,000.00;31/08/2026
14 - SECCIONAL CHIQUINQUIRA;2.1.2 Gastos de Funcionamiento; - N/A;2.1.2.02.02.006.01;Practicas academicas;20 - Propios;$ 102,434,330.00;$ 106,884,330.00;$ 99,361,823.00;$ 45,489,042.00;31/08/2026
14 - SECCIONAL CHIQUINQUIRA;2.1.2 Gastos de Funcionamiento; - N/A;2.1.2.02.02.006.03;Viaticos y gastos de viaje;20 - Propios;$ 41,422,406.00;$ 0.00;$ 0.00;$ 0.00;31/08/2026
14 - SECCIONAL CHIQUINQUIRA;2.1.2 Gastos de Funcionamiento; - N/A;2.1.2.02.02.007;"Servicios financieros y servicios conexos; servicios inmobiliarios; y servicios de arrendamiento y leasing";20 - Propios;$ 3,000,000.00;$ 3,000,000.00;$ 500,000.00;$ 500,000.00;31/08/2026
14 - SECCIONAL CHIQUINQUIRA;2.1.2 Gastos de Funcionamiento; - N/A;2.1.2.02.02.008;Servicios prestados a las empresas y servicios de producción ;20 - Propios;$ 75,493,165.00;$ 89,803,165.00;$ 19,700,000.00;$ 19,700,000.00;31/08/2026
14 - SECCIONAL CHIQUINQUIRA;2.1.2 Gastos de Funcionamiento; - N/A;2.1.2.02.02.009.00;Servicios para la comunidad, sociales y personales;20 - Propios;$ 12,500,000.00;$ 19,050,000.00;$ 2,930,000.00;$ 430,000.00;31/08/2026
14 - SECCIONAL CHIQUINQUIRA;2.1.2 Gastos de Funcionamiento; - N/A;2.1.2.02.02.010;Viáticos de los funcionarios en comisión;20 - Propios;$ 0.00;$ 41,302,406.00;$ 18,036,391.00;$ 16,483,046.00;31/08/2026
14 - SECCIONAL CHIQUINQUIRA;2.1.3 Transferencias Corrientes; - N/A;2.1.3.04.05.001;Membresías nacionales;20 - Propios;$ 2,507,000.00;$ 2,627,000.00;$ 2,626,358.00;$ 2,626,358.00;31/08/2026
14 - SECCIONAL CHIQUINQUIRA;2.1.8 Tasas y Multas; - N/A;2.1.8.06;Gastos por tributos, tasas, contribuciones, multas, sanciones e intereses de mora;20 - Propios;$ 0.00;$ 500,000.00;$ 500,000.00;$ 500,000.00;31/08/2026
11 - ESTUDIOS TECNOLOGICOS Y A DISTANCIA;2.1.2 Gastos de Funcionamiento; - N/A;2.1.2.02.01.002;"Productos alimenticios, bebidas y tabaco; textiles, prendas de vestir y productos de cuero";20 - Propios;$ 212,000.00;$ 212,000.00;$ 212,000.00;$ 212,000.00;31/08/2026
11 - ESTUDIOS TECNOLOGICOS Y A DISTANCIA;2.1.2 Gastos de Funcionamiento; - N/A;2.1.2.02.01.003;Otros bienes transportables (excepto productos metálicos, maquinaria y equipo);20 - Propios;$ 72,188,275.00;$ 72,188,275.00;$ 30,283,000.00;$ 451,000.00;31/08/2026
11 - ESTUDIOS TECNOLOGICOS Y A DISTANCIA;2.1.2 Gastos de Funcionamiento; - N/A;2.1.2.02.01.004;Productos metálicos, maquinaria y equipo;20 - Propios;$ 225,452,000.00;$ 225,452,000.00;$ 199,265,500.00;$ 179,986,500.00;31/08/2026
11 - ESTUDIOS TECNOLOGICOS Y A DISTANCIA;2.1.2 Gastos de Funcionamiento; - N/A;2.1.2.02.02.006.00;"Comercio y distribución; alojamiento; servicios de suministro de comidas y bebidas; servicios de transporte; y servicios de distribución de electricidad, gas y agua";20 - Propios;$ 0.00;$ 65,000,000.00;$ 65,000,000.00;$ 2,535,396.00;31/08/2026
11 - ESTUDIOS TECNOLOGICOS Y A DISTANCIA;2.1.2 Gastos de Funcionamiento; - N/A;2.1.2.02.02.006.01;Practicas academicas;20 - Propios;$ 431,827,247.00;$ 431,827,247.00;$ 395,565,505.00;$ 84,799,019.00;31/08/2026
11 - ESTUDIOS TECNOLOGICOS Y A DISTANCIA;2.1.2 Gastos de Funcionamiento; - N/A;2.1.2.02.02.006.03;Viaticos y gastos de viaje;20 - Propios;$ 754,415,816.00;$ 0.00;$ 0.00;$ 0.00;31/08/2026
11 - ESTUDIOS TECNOLOGICOS Y A DISTANCIA;2.1.2 Gastos de Funcionamiento; - N/A;2.1.2.02.02.007;"Servicios financieros y servicios conexos; servicios inmobiliarios; y servicios de arrendamiento y leasing";20 - Propios;$ 30,000,000.00;$ 30,000,000.00;$ 0.00;$ 0.00;31/08/2026
11 - ESTUDIOS TECNOLOGICOS Y A DISTANCIA;2.1.2 Gastos de Funcionamiento; - N/A;2.1.2.02.02.008;Servicios prestados a las empresas y servicios de producción ;20 - Propios;$ 152,422,662.00;$ 152,422,662.00;$ 0.00;$ 0.00;31/08/2026
11 - ESTUDIOS TECNOLOGICOS Y A DISTANCIA;2.1.2 Gastos de Funcionamiento; - N/A;2.1.2.02.02.010;Viáticos de los funcionarios en comisión;20 - Propios;$ 0.00;$ 689,415,816.00;$ 171,384,871.00;$ 152,342,156.00;31/08/2026
11 - ESTUDIOS TECNOLOGICOS Y A DISTANCIA;2.1.3 Transferencias Corrientes; - N/A;2.1.3.04.05.001;Membresías nacionales;20 - Propios;$ 6,000,000.00;$ 6,000,000.00;$ 4,488,295.00;$ 4,488,295.00;31/08/2026
01 - ADMINISTRATIVA Y FINANCIERA;2.1.1 Gastos de Personal; - N/A;2.1.1.01.02.001;Aportes a la seguridad social en pensiones;21 - Devolucion IVA;$ 1,254,481,890.00;$ 1,254,481,890.00;$ 0.00;$ 0.00;31/08/2026
01 - ADMINISTRATIVA Y FINANCIERA;2.1.1 Gastos de Personal; - N/A;2.1.1.01.02.002;Aportes a la seguridad social en salud;21 - Devolucion IVA;$ 1,070,114,921.00;$ 1,070,114,921.00;$ 0.00;$ 0.00;31/08/2026
01 - ADMINISTRATIVA Y FINANCIERA;2.1.1 Gastos de Personal; - N/A;2.1.1.01.02.003;Aportes de cesantías ;21 - Devolucion IVA;$ 1,229,175,954.00;$ 1,229,175,954.00;$ 0.00;$ 0.00;31/08/2026
01 - ADMINISTRATIVA Y FINANCIERA;2.1.1 Gastos de Personal; - N/A;2.1.1.01.02.004;Aportes a cajas de compensación familiar;21 - Devolucion IVA;$ 558,344,914.00;$ 558,344,914.00;$ 0.00;$ 0.00;31/08/2026
01 - ADMINISTRATIVA Y FINANCIERA;2.1.1 Gastos de Personal; - N/A;2.1.1.01.02.005;Aportes generales al sistema de riesgos laborales;21 - Devolucion IVA;$ 101,632,474.00;$ 101,632,474.00;$ 0.00;$ 0.00;31/08/2026
01 - ADMINISTRATIVA Y FINANCIERA;2.1.1 Gastos de Personal; - N/A;2.1.1.01.02.006;Aportes al ICBF;21 - Devolucion IVA;$ 374,247,672.00;$ 374,247,672.00;$ 0.00;$ 0.00;31/08/2026
01 - ADMINISTRATIVA Y FINANCIERA;2.1.2 Gastos de Funcionamiento; - N/A;2.1.2.02.01.004;Productos metálicos, maquinaria y equipo;21 - Devolucion IVA;$ 0.00;$ 321,214,068.76;$ 0.00;$ 0.00;31/08/2026
01 - ADMINISTRATIVA Y FINANCIERA;2.1.2 Gastos de Funcionamiento; - N/A;2.1.2.02.02.006.00;"Comercio y distribución; alojamiento; servicios de suministro de comidas y bebidas; servicios de transporte; y servicios de distribución de electricidad, gas y agua";21 - Devolucion IVA;$ 0.00;$ 632,179,204.24;$ 632,179,204.24;$ 136,933,810.00;31/08/2026
01 - ADMINISTRATIVA Y FINANCIERA;2.1.1 Gastos de Personal;102140049 - Vicerrectoría Administrativa y Financiera;2.1.1.01.01.001.01.01;Sueldo básico administrativos;31 - Posgrados;$ 0.00;$ 0.00;$ 0.00;$ 0.00;31/08/2026
01 - ADMINISTRATIVA Y FINANCIERA;2.1.1 Gastos de Personal;102140049 - Vicerrectoría Administrativa y Financiera;2.1.1.01.01.001.01.02;Sueldo básico docentes;31 - Posgrados;$ 0.00;$ 0.00;$ 0.00;$ 0.00;31/08/2026
01 - ADMINISTRATIVA Y FINANCIERA;2.1.1 Gastos de Personal;102140049 - Vicerrectoría Administrativa y Financiera;2.1.1.01.01.001.03;Gastos de representación;31 - Posgrados;$ 0.00;$ 0.00;$ 0.00;$ 0.00;31/08/2026
01 - ADMINISTRATIVA Y FINANCIERA;2.1.1 Gastos de Personal;102140049 - Vicerrectoría Administrativa y Financiera;2.1.1.01.01.001.04.01;Subsidio de alimentación administrativos;31 - Posgrados;$ 0.00;$ 0.00;$ 0.00;$ 0.00;31/08/2026
01 - ADMINISTRATIVA Y FINANCIERA;2.1.1 Gastos de Personal;102140049 - Vicerrectoría Administrativa y Financiera;2.1.1.01.01.001.04.02;Subsidio de alimentación trabajadores oficiales;31 - Posgrados;$ 0.00;$ 0.00;$ 0.00;$ 0.00;31/08/2026
01 - ADMINISTRATIVA Y FINANCIERA;2.1.1 Gastos de Personal;102140049 - Vicerrectoría Administrativa y Financiera;2.1.1.01.01.001.05.01;Auxilio de transporte administrativos;31 - Posgrados;$ 0.00;$ 0.00;$ 0.00;$ 0.00;31/08/2026
01 - ADMINISTRATIVA Y FINANCIERA;2.1.1 Gastos de Personal;102140049 - Vicerrectoría Administrativa y Financiera;2.1.1.01.01.001.07.03;Bonificación por servicios prestados trabajadores oficiales;31 - Posgrados;$ 0.00;$ 0.00;$ 0.00;$ 0.00;31/08/2026
01 - ADMINISTRATIVA Y FINANCIERA;2.1.1 Gastos de Personal;102140049 - Vicerrectoría Administrativa y Financiera;2.1.1.01.01.001.08.01.03;Prima de navidad trabajadores oficiales;31 - Posgrados;$ 0.00;$ 0.00;$ 0.00;$ 0.00;31/08/2026
01 - ADMINISTRATIVA Y FINANCIERA;2.1.1 Gastos de Personal;102140049 - Vicerrectoría Administrativa y Financiera;2.1.1.02.01.001.01.02;Sueldo básico docentes ocasionales;31 - Posgrados;$ 5,838,884,952.00;$ 1,838,884,952.00;$ 0.00;$ 0.00;31/08/2026
01 - ADMINISTRATIVA Y FINANCIERA;2.1.1 Gastos de Personal;102140049 - Vicerrectoría Administrativa y Financiera;2.1.1.02.01.001.01.03;Sueldo básico docentes catédraticos;31 - Posgrados;$ 1,231,648,529.00;$ 231,648,529.00;$ 0.00;$ 0.00;31/08/2026
01 - ADMINISTRATIVA Y FINANCIERA;2.1.1 Gastos de Personal;102140049 - Vicerrectoría Administrativa y Financiera;2.1.1.02.01.001.04;Subsidio de alimentación;31 - Posgrados;$ 0.00;$ 0.00;$ 0.00;$ 0.00;31/08/2026
01 - ADMINISTRATIVA Y FINANCIERA;2.1.1 Gastos de Personal;102140049 - Vicerrectoría Administrativa y Financiera;2.1.1.02.01.001.08.02.01;Prima de vacaciones supernumerarios;31 - Posgrados;$ 0.00;$ 0.00;$ 0.00;$ 0.00;31/08/2026
01 - ADMINISTRATIVA Y FINANCIERA;2.1.1 Gastos de Personal;102140049 - Vicerrectoría Administrativa y Financiera;2.1.1.02.01.001.08.02.02;Prima de vacaciones docentes ocasionales;31 - Posgrados;$ 0.00;$ 0.00;$ 0.00;$ 0.00;31/08/2026
01 - ADMINISTRATIVA Y FINANCIERA;2.1.1 Gastos de Personal;102140049 - Vicerrectoría Administrativa y Financiera;2.1.1.02.03.001.01.02;Vacaciones docentes ocasionales;31 - Posgrados;$ 0.00;$ 0.00;$ 0.00;$ 0.00;31/08/2026
01 - ADMINISTRATIVA Y FINANCIERA;2.1.1 Gastos de Personal;102140049 - Vicerrectoría Administrativa y Financiera;2.1.1.02.03.090;Bonificación por productividad académica;31 - Posgrados;$ 0.00;$ 0.00;$ 0.00;$ 0.00;31/08/2026
01 - ADMINISTRATIVA Y FINANCIERA;2.1.2 Gastos de Funcionamiento;102140049 - Vicerrectoría Administrativa y Financiera;2.1.2.02.01.001;"Minerales; electricidad, gas y agua";31 - Posgrados;$ 0.00;$ 1,807,050,000.00;$ 1,685,604,060.66;$ 1,685,604,060.66;31/08/2026
01 - ADMINISTRATIVA Y FINANCIERA;2.1.2 Gastos de Funcionamiento;102140049 - Vicerrectoría Administrativa y Financiera;2.1.2.02.01.002;"Productos alimenticios, bebidas y tabaco; textiles, prendas de vestir y productos de cuero";31 - Posgrados;$ 0.00;$ 1,800,000,000.00;$ 0.00;$ 0.00;31/08/2026
01 - ADMINISTRATIVA Y FINANCIERA;2.1.2 Gastos de Funcionamiento;102140049 - Vicerrectoría Administrativa y Financiera;2.1.2.02.01.003;Otros bienes transportables (excepto productos metálicos, maquinaria y equipo);31 - Posgrados;$ 0.00;$ 164,000,000.00;$ 0.00;$ 0.00;31/08/2026
01 - ADMINISTRATIVA Y FINANCIERA;2.1.2 Gastos de Funcionamiento;102140049 - Vicerrectoría Administrativa y Financiera;2.1.2.02.01.004;Productos metálicos, maquinaria y equipo;31 - Posgrados;$ 1,138,353,358.00;$ 2,416,681,519.29;$ 889,498,993.76;$ 823,837,000.00;31/08/2026
01 - ADMINISTRATIVA Y FINANCIERA;2.1.2 Gastos de Funcionamiento;102060016 - Departamento de Posgrados;2.1.2.02.02.008;Servicios prestados a las empresas y servicios de producción ;31 - Posgrados;$ 219,403,669.00;$ 145,630,147.75;$ 77,019,525.00;$ 77,019,525.00;31/08/2026
01 - ADMINISTRATIVA Y FINANCIERA;2.1.2 Gastos de Funcionamiento;102060016 - Departamento de Posgrados;2.1.2.02.02.009.00;Servicios para la comunidad, sociales y personales;31 - Posgrados;$ 0.00;$ 73,773,521.25;$ 65,482,259.00;$ 43,103,879.00;31/08/2026
01 - ADMINISTRATIVA Y FINANCIERA;2.1.2 Gastos de Funcionamiento;102140049 - Vicerrectoría Administrativa y Financiera;2.1.2.02.02.006.00;"Comercio y distribución; alojamiento; servicios de suministro de comidas y bebidas; servicios de transporte; y servicios de distribución de electricidad, gas y agua";31 - Posgrados;$ 132,381,616.00;$ 132,381,616.00;$ 0.00;$ 0.00;31/08/2026
01 - ADMINISTRATIVA Y FINANCIERA;2.1.2 Gastos de Funcionamiento;102140049 - Vicerrectoría Administrativa y Financiera;2.1.2.02.02.008;Servicios prestados a las empresas y servicios de producción ;31 - Posgrados;$ 9,349,094,336.00;$ 9,292,207,562.71;$ 646,264,735.00;$ 361,877,675.00;31/08/2026
01 - ADMINISTRATIVA Y FINANCIERA;2.1.2 Gastos de Funcionamiento;102140049 - Vicerrectoría Administrativa y Financiera;2.1.2.02.02.009.00;Servicios para la comunidad, sociales y personales;31 - Posgrados;$ 12,897,392.00;$ 12,897,392.00;$ 0.00;$ 0.00;31/08/2026
01 - ADMINISTRATIVA Y FINANCIERA;2.1.3 Transferencias Corrientes;102140049 - Vicerrectoría Administrativa y Financiera;2.1.3.06.03;Beneficios educativos a la comunidad universitaria;31 - Posgrados;$ 8,166,385.00;$ 15,674,997.00;$ 7,508,612.00;$ 7,508,612.00;31/08/2026
04 - CIENCIAS DE LA EDUCACION;2.1.2 Gastos de Funcionamiento;203060038 - Especialización en Necesidades de Aprendizaje en Lectura, Escritura y Matemáticas;2.1.2.02.01.003;Otros bienes transportables (excepto productos metálicos, maquinaria y equipo);31 - Posgrados;$ 20,000,000.00;$ 11,000,000.00;$ 0.00;$ 0.00;31/08/2026
04 - CIENCIAS DE LA EDUCACION;2.1.2 Gastos de Funcionamiento;203060046 - Especialización en Gerencia Educacional - Tunja;2.1.2.02.01.003;Otros bienes transportables (excepto productos metálicos, maquinaria y equipo);31 - Posgrados;$ 65,000,000.00;$ 36,000,000.00;$ 0.00;$ 0.00;31/08/2026
04 - CIENCIAS DE LA EDUCACION;2.1.2 Gastos de Funcionamiento;203060046 - Especialización en Gerencia Educacional - Tunja;2.1.2.02.01.004;Productos metálicos, maquinaria y equipo;31 - Posgrados;$ 80,000,000.00;$ 74,731,372.00;$ 0.00;$ 0.00;31/08/2026
04 - CIENCIAS DE LA EDUCACION;2.1.2 Gastos de Funcionamiento;203060018 - Maestría en Lingüística;2.1.2.02.01.003;Otros bienes transportables (excepto productos metálicos, maquinaria y equipo);31 - Posgrados;$ 3,268,423.00;$ 3,268,423.00;$ 0.00;$ 0.00;31/08/2026
04 - CIENCIAS DE LA EDUCACION;2.1.2 Gastos de Funcionamiento;203060021 - Maestría en Pedagogía de la Cultura Física;2.1.2.02.01.003;Otros bienes transportables (excepto productos metálicos, maquinaria y equipo);31 - Posgrados;$ 4,000,000.00;$ 4,000,000.00;$ 0.00;$ 0.00;31/08/2026
04 - CIENCIAS DE LA EDUCACION;2.1.2 Gastos de Funcionamiento;203060021 - Maestría en Pedagogía de la Cultura Física;2.1.2.02.01.004;Productos metálicos, maquinaria y equipo;31 - Posgrados;$ 31,060,000.00;$ 31,060,000.00;$ 0.00;$ 0.00;31/08/2026
04 - CIENCIAS DE LA EDUCACION;2.1.2 Gastos de Funcionamiento;203060056 - Maestría en Filosofía;2.1.2.02.01.003;Otros bienes transportables (excepto productos metálicos, maquinaria y equipo);31 - Posgrados;$ 2,000,000.00;$ 2,000,000.00;$ 0.00;$ 0.00;31/08/2026
04 - CIENCIAS DE LA EDUCACION;2.1.2 Gastos de Funcionamiento;203060056 - Maestría en Filosofía;2.1.2.02.01.004;Productos metálicos, maquinaria y equipo;31 - Posgrados;$ 3,999,646.00;$ 3,999,646.00;$ 0.00;$ 0.00;31/08/2026
04 - CIENCIAS DE LA EDUCACION;2.1.2 Gastos de Funcionamiento;203060030 - Maestría en Ambientes Educativos mediados por TIC;2.1.2.02.01.003;Otros bienes transportables (excepto productos metálicos, maquinaria y equipo);31 - Posgrados;$ 4,000,000.00;$ 4,000,000.00;$ 0.00;$ 0.00;31/08/2026
04 - CIENCIAS DE LA EDUCACION;2.1.2 Gastos de Funcionamiento;203060030 - Maestría en Ambientes Educativos mediados por TIC;2.1.2.02.01.004;Productos metálicos, maquinaria y equipo;31 - Posgrados;$ 6,073,087.00;$ 6,073,087.00;$ 0.00;$ 0.00;31/08/2026
04 - CIENCIAS DE LA EDUCACION;2.1.2 Gastos de Funcionamiento;203060031 - Maestría en Educación Matemática;2.1.2.02.01.003;Otros bienes transportables (excepto productos metálicos, maquinaria y equipo);31 - Posgrados;$ 9,000,000.00;$ 5,450,000.00;$ 0.00;$ 0.00;31/08/2026
04 - CIENCIAS DE LA EDUCACION;2.1.2 Gastos de Funcionamiento;203060031 - Maestría en Educación Matemática;2.1.2.02.01.004;Productos metálicos, maquinaria y equipo;31 - Posgrados;$ 9,506,900.00;$ 3,802,760.00;$ 0.00;$ 0.00;31/08/2026
04 - CIENCIAS DE LA EDUCACION;2.1.2 Gastos de Funcionamiento;203060032 - Maestría en Gestión Educativa;2.1.2.02.01.003;Otros bienes transportables (excepto productos metálicos, maquinaria y equipo);31 - Posgrados;$ 1,169,888.00;$ 1,169,888.00;$ 0.00;$ 0.00;31/08/2026
04 - CIENCIAS DE LA EDUCACION;2.1.2 Gastos de Funcionamiento;203060016 - Doctorado en Ciencias de la Educación;2.1.2.02.01.003;Otros bienes transportables (excepto productos metálicos, maquinaria y equipo);31 - Posgrados;$ 20,000,000.00;$ 20,000,000.00;$ 0.00;$ 0.00;31/08/2026
04 - CIENCIAS DE LA EDUCACION;2.1.2 Gastos de Funcionamiento;203060016 - Doctorado en Ciencias de la Educación;2.1.2.02.01.004;Productos metálicos, maquinaria y equipo;31 - Posgrados;$ 15,000,000.00;$ 20,000,000.00;$ 182,677.00;$ 0.00;31/08/2026
04 - CIENCIAS DE LA EDUCACION;2.1.2 Gastos de Funcionamiento;203060027 - Doctorado en Lenguaje y Cultura;2.1.2.02.01.003;Otros bienes transportables (excepto productos metálicos, maquinaria y equipo);31 - Posgrados;$ 20,336,106.00;$ 19,816,106.00;$ 0.00;$ 0.00;31/08/2026
04 - CIENCIAS DE LA EDUCACION;2.1.2 Gastos de Funcionamiento;203060033 - Doctorado en Pedagogía y Didáctica;2.1.2.02.01.003;Otros bienes transportables (excepto productos metálicos, maquinaria y equipo);31 - Posgrados;$ 10,000,000.00;$ 4,472,295.00;$ 0.00;$ 0.00;31/08/2026
04 - CIENCIAS DE LA EDUCACION;2.1.2 Gastos de Funcionamiento;203060033 - Doctorado en Pedagogía y Didáctica;2.1.2.02.01.004;Productos metálicos, maquinaria y equipo;31 - Posgrados;$ 45,000,000.00;$ 18,000,000.00;$ 0.00;$ 0.00;31/08/2026
04 - CIENCIAS DE LA EDUCACION;2.1.2 Gastos de Funcionamiento;201090008 - CIEFED - Centro de Gestión de Investigación y Extensión de la Facultad de Ciencias de la Educación;2.1.2.02.01.003;Otros bienes transportables (excepto productos metálicos, maquinaria y equipo);31 - Posgrados;$ 0.00;$ 6,500,000.00;$ 0.00;$ 0.00;31/08/2026
04 - CIENCIAS DE LA EDUCACION;2.1.2 Gastos de Funcionamiento;201090008 - CIEFED - Centro de Gestión de Investigación y Extensión de la Facultad de Ciencias de la Educación;2.1.2.02.01.004;Productos metálicos, maquinaria y equipo;31 - Posgrados;$ 50,000,000.00;$ 43,500,000.00;$ 0.00;$ 0.00;31/08/2026
04 - CIENCIAS DE LA EDUCACION;2.1.2 Gastos de Funcionamiento;203060023 - Especialización en Archivística;2.1.2.02.02.008;Servicios prestados a las empresas y servicios de producción ;31 - Posgrados;$ 69,895,600.00;$ 69,006,334.00;$ 39,521,520.00;$ 23,542,140.00;31/08/2026
04 - CIENCIAS DE LA EDUCACION;2.1.2 Gastos de Funcionamiento;203060023 - Especialización en Archivística;2.1.2.02.02.009.00;Servicios para la comunidad, sociales y personales;31 - Posgrados;$ 0.00;$ 889,266.00;$ 0.00;$ 0.00;31/08/2026
04 - CIENCIAS DE LA EDUCACION;2.1.2 Gastos de Funcionamiento;203060023 - Especialización en Archivística;2.1.2.02.02.009.01;Cátedras posgrados;31 - Posgrados;$ 122,880,000.00;$ 122,880,000.00;$ 86,741,808.00;$ 86,741,808.00;31/08/2026
04 - CIENCIAS DE LA EDUCACION;2.1.2 Gastos de Funcionamiento;203060023 - Especialización en Archivística;2.1.2.02.02.009.03;Parafiscales cátedras posgrados;31 - Posgrados;$ 17,420,000.00;$ 17,420,000.00;$ 0.00;$ 0.00;31/08/2026
04 - CIENCIAS DE LA EDUCACION;2.1.2 Gastos de Funcionamiento;203060038 - Especialización en Necesidades de Aprendizaje en Lectura, Escritura y Matemáticas;2.1.2.02.02.006.00;"Comercio y distribución; alojamiento; servicios de suministro de comidas y bebidas; servicios de transporte; y servicios de distribución de electricidad, gas y agua";31 - Posgrados;$ 0.00;$ 22,000,000.00;$ 22,000,000.00;$ 9,224,980.00;31/08/2026
04 - CIENCIAS DE LA EDUCACION;2.1.2 Gastos de Funcionamiento;203060038 - Especialización en Necesidades de Aprendizaje en Lectura, Escritura y Matemáticas;2.1.2.02.02.008;Servicios prestados a las empresas y servicios de producción ;31 - Posgrados;$ 248,883,079.00;$ 235,883,079.00;$ 113,867,993.00;$ 54,281,100.00;31/08/2026
04 - CIENCIAS DE LA EDUCACION;2.1.2 Gastos de Funcionamiento;203060038 - Especialización en Necesidades de Aprendizaje en Lectura, Escritura y Matemáticas;2.1.2.02.02.009.01;Cátedras posgrados;31 - Posgrados;$ 119,004,600.00;$ 119,004,600.00;$ 73,960,476.00;$ 73,960,476.00;31/08/2026
04 - CIENCIAS DE LA EDUCACION;2.1.2 Gastos de Funcionamiento;203060038 - Especialización en Necesidades de Aprendizaje en Lectura, Escritura y Matemáticas;2.1.2.02.02.009.03;Parafiscales cátedras posgrados;31 - Posgrados;$ 16,958,155.00;$ 16,958,155.00;$ 0.00;$ 0.00;31/08/2026
04 - CIENCIAS DE LA EDUCACION;2.1.2 Gastos de Funcionamiento;203060024 - Especialización en Gerencia Educacional - Bogotá;2.1.2.02.02.009.01;Cátedras posgrados;31 - Posgrados;$ 0.00;$ 15,972,934.12;$ 3,614,544.00;$ 3,614,544.00;31/08/2026
04 - CIENCIAS DE LA EDUCACION;2.1.2 Gastos de Funcionamiento;203060058 - Maestría en Gestión Educativa;2.1.2.02.02.006.00;"Comercio y distribución; alojamiento; servicios de suministro de comidas y bebidas; servicios de transporte; y servicios de distribución de electricidad, gas y agua";31 - Posgrados;$ 15,000,000.00;$ 15,000,000.00;$ 0.00;$ 0.00;31/08/2026
04 - CIENCIAS DE LA EDUCACION;2.1.2 Gastos de Funcionamiento;203060058 - Maestría en Gestión Educativa;2.1.2.02.02.008;Servicios prestados a las empresas y servicios de producción ;31 - Posgrados;$ 20,000,000.00;$ 20,437,987.00;$ 437,987.00;$ 437,987.00;31/08/2026
04 - CIENCIAS DE LA EDUCACION;2.1.2 Gastos de Funcionamiento;203060058 - Maestría en Gestión Educativa;2.1.2.02.02.009.01;Cátedras posgrados;31 - Posgrados;$ 140,265,000.00;$ 147,042,288.00;$ 88,205,268.00;$ 88,205,268.00;31/08/2026
04 - CIENCIAS DE LA EDUCACION;2.1.2 Gastos de Funcionamiento;203060058 - Maestría en Gestión Educativa;2.1.2.02.02.009.03;Parafiscales cátedras posgrados;31 - Posgrados;$ 23,003,460.00;$ 23,003,460.00;$ 0.00;$ 0.00;31/08/2026
04 - CIENCIAS DE LA EDUCACION;2.1.2 Gastos de Funcionamiento;203060058 - Maestría en Gestión Educativa;2.1.2.02.02.010;Viáticos de los funcionarios en comisión;31 - Posgrados;$ 19,852,966.00;$ 19,414,979.00;$ 0.00;$ 0.00;31/08/2026
04 - CIENCIAS DE LA EDUCACION;2.1.2 Gastos de Funcionamiento;203060046 - Especialización en Gerencia Educacional - Tunja;2.1.2.02.02.006.00;"Comercio y distribución; alojamiento; servicios de suministro de comidas y bebidas; servicios de transporte; y servicios de distribución de electricidad, gas y agua";31 - Posgrados;$ 65,000,000.00;$ 65,000,000.00;$ 39,000,000.00;$ 9,030,898.00;31/08/2026
04 - CIENCIAS DE LA EDUCACION;2.1.2 Gastos de Funcionamiento;203060046 - Especialización en Gerencia Educacional - Tunja;2.1.2.02.02.008;Servicios prestados a las empresas y servicios de producción ;31 - Posgrados;$ 319,311,258.00;$ 361,959,505.00;$ 218,915,247.00;$ 136,007,700.00;31/08/2026
04 - CIENCIAS DE LA EDUCACION;2.1.2 Gastos de Funcionamiento;203060046 - Especialización en Gerencia Educacional - Tunja;2.1.2.02.02.009.00;Servicios para la comunidad, sociales y personales;31 - Posgrados;$ 90,000,000.00;$ 89,580,841.00;$ 35,054,798.00;$ 20,751,430.00;31/08/2026
04 - CIENCIAS DE LA EDUCACION;2.1.2 Gastos de Funcionamiento;203060046 - Especialización en Gerencia Educacional - Tunja;2.1.2.02.02.009.01;Cátedras posgrados;31 - Posgrados;$ 420,806,400.00;$ 420,806,400.00;$ 230,885,616.00;$ 230,885,616.00;31/08/2026
04 - CIENCIAS DE LA EDUCACION;2.1.2 Gastos de Funcionamiento;203060046 - Especialización en Gerencia Educacional - Tunja;2.1.2.02.02.009.03;Parafiscales cátedras posgrados;31 - Posgrados;$ 69,012,250.00;$ 69,012,250.00;$ 0.00;$ 0.00;31/08/2026
04 - CIENCIAS DE LA EDUCACION;2.1.2 Gastos de Funcionamiento;203060046 - Especialización en Gerencia Educacional - Tunja;2.1.2.02.02.010;Viáticos de los funcionarios en comisión;31 - Posgrados;$ 55,000,000.00;$ 47,039,540.00;$ 18,578,993.00;$ 17,362,193.00;31/08/2026
04 - CIENCIAS DE LA EDUCACION;2.1.2 Gastos de Funcionamiento;203060051 - Especialización en Gestión del Patrimonio Cultural - Presencial;2.1.2.02.02.006.00;"Comercio y distribución; alojamiento; servicios de suministro de comidas y bebidas; servicios de transporte; y servicios de distribución de electricidad, gas y agua";31 - Posgrados;$ 8,000,000.00;$ 8,000,000.00;$ 4,800,000.00;$ 0.00;31/08/2026
04 - CIENCIAS DE LA EDUCACION;2.1.2 Gastos de Funcionamiento;203060051 - Especialización en Gestión del Patrimonio Cultural - Presencial;2.1.2.02.02.006.03;Viaticos y gastos de viaje;31 - Posgrados;$ 5,000,000.00;$ 2,000,000.00;$ 0.00;$ 0.00;31/08/2026
04 - CIENCIAS DE LA EDUCACION;2.1.2 Gastos de Funcionamiento;203060051 - Especialización en Gestión del Patrimonio Cultural - Presencial;2.1.2.02.02.008;Servicios prestados a las empresas y servicios de producción ;31 - Posgrados;$ 0.00;$ 0.00;$ 0.00;$ 0.00;31/08/2026
04 - CIENCIAS DE LA EDUCACION;2.1.2 Gastos de Funcionamiento;203060051 - Especialización en Gestión del Patrimonio Cultural - Presencial;2.1.2.02.02.009.00;Servicios para la comunidad, sociales y personales;31 - Posgrados;$ 12,575,000.00;$ 12,575,000.00;$ 0.00;$ 0.00;31/08/2026
04 - CIENCIAS DE LA EDUCACION;2.1.2 Gastos de Funcionamiento;203060051 - Especialización en Gestión del Patrimonio Cultural - Presencial;2.1.2.02.02.009.01;Cátedras posgrados;31 - Posgrados;$ 71,000,000.00;$ 71,000,000.00;$ 42,126,664.00;$ 42,126,664.00;31/08/2026
04 - CIENCIAS DE LA EDUCACION;2.1.2 Gastos de Funcionamiento;203060051 - Especialización en Gestión del Patrimonio Cultural - Presencial;2.1.2.02.02.009.03;Parafiscales cátedras posgrados;31 - Posgrados;$ 12,425,000.00;$ 12,425,000.00;$ 0.00;$ 0.00;31/08/2026
04 - CIENCIAS DE LA EDUCACION;2.1.2 Gastos de Funcionamiento;203060051 - Especialización en Gestión del Patrimonio Cultural - Presencial;2.1.2.02.02.010;Viáticos de los funcionarios en comisión;31 - Posgrados;$ 0.00;$ 3,000,000.00;$ 219,243.00;$ 219,243.00;31/08/2026
04 - CIENCIAS DE LA EDUCACION;2.1.2 Gastos de Funcionamiento;203060052 - Especialización en Gestión del Patrimonio Cultural - Combinada;2.1.2.02.02.006.00;"Comercio y distribución; alojamiento; servicios de suministro de comidas y bebidas; servicios de transporte; y servicios de distribución de electricidad, gas y agua";31 - Posgrados;$ 0.00;$ 5,800,000.00;$ 0.00;$ 0.00;31/08/2026
04 - CIENCIAS DE LA EDUCACION;2.1.2 Gastos de Funcionamiento;203060052 - Especialización en Gestión del Patrimonio Cultural - Combinada;2.1.2.02.02.008;Servicios prestados a las empresas y servicios de producción ;31 - Posgrados;$ 0.00;$ 8,660,580.00;$ 0.00;$ 0.00;31/08/2026
04 - CIENCIAS DE LA EDUCACION;2.1.2 Gastos de Funcionamiento;203060052 - Especialización en Gestión del Patrimonio Cultural - Combinada;2.1.2.02.02.009.01;Cátedras posgrados;31 - Posgrados;$ 0.00;$ 34,518,895.00;$ 34,518,895.00;$ 34,518,895.00;31/08/2026
04 - CIENCIAS DE LA EDUCACION;2.1.2 Gastos de Funcionamiento;203060052 - Especialización en Gestión del Patrimonio Cultural - Combinada;2.1.2.02.02.010;Viáticos de los funcionarios en comisión;31 - Posgrados;$ 0.00;$ 2,380,411.00;$ 2,273,731.00;$ 2,273,731.00;31/08/2026
04 - CIENCIAS DE LA EDUCACION;2.1.2 Gastos de Funcionamiento;203060018 - Maestría en Lingüística;2.1.2.02.02.006.00;"Comercio y distribución; alojamiento; servicios de suministro de comidas y bebidas; servicios de transporte; y servicios de distribución de electricidad, gas y agua";31 - Posgrados;$ 5,000,000.00;$ 5,000,000.00;$ 0.00;$ 0.00;31/08/2026
04 - CIENCIAS DE LA EDUCACION;2.1.2 Gastos de Funcionamiento;203060018 - Maestría en Lingüística;2.1.2.02.02.008;Servicios prestados a las empresas y servicios de producción ;31 - Posgrados;$ 59,581,580.00;$ 59,581,580.00;$ 37,569,840.00;$ 21,590,460.00;31/08/2026
04 - CIENCIAS DE LA EDUCACION;2.1.2 Gastos de Funcionamiento;203060018 - Maestría en Lingüística;2.1.2.02.02.009.00;Servicios para la comunidad, sociales y personales;31 - Posgrados;$ 10,000,000.00;$ 10,000,000.00;$ 1,750,000.00;$ 0.00;31/08/2026
04 - CIENCIAS DE LA EDUCACION;2.1.2 Gastos de Funcionamiento;203060018 - Maestría en Lingüística;2.1.2.02.02.009.01;Cátedras posgrados;31 - Posgrados;$ 27,929,070.00;$ 27,929,070.00;$ 18,482,727.00;$ 18,482,727.00;31/08/2026
04 - CIENCIAS DE LA EDUCACION;2.1.2 Gastos de Funcionamiento;203060018 - Maestría en Lingüística;2.1.2.02.02.009.03;Parafiscales cátedras posgrados;31 - Posgrados;$ 3,351,488.00;$ 3,351,488.00;$ 0.00;$ 0.00;31/08/2026
04 - CIENCIAS DE LA EDUCACION;2.1.2 Gastos de Funcionamiento;203060018 - Maestría en Lingüística;2.1.2.02.02.010;Viáticos de los funcionarios en comisión;31 - Posgrados;$ 3,000,000.00;$ 3,000,000.00;$ 0.00;$ 0.00;31/08/2026
04 - CIENCIAS DE LA EDUCACION;2.1.2 Gastos de Funcionamiento;203060037 - Maestría en Historia;2.1.2.02.02.008;Servicios prestados a las empresas y servicios de producción ;31 - Posgrados;$ 75,106,895.00;$ 70,106,895.00;$ 40,253,400.00;$ 24,274,020.00;31/08/2026
04 - CIENCIAS DE LA EDUCACION;2.1.2 Gastos de Funcionamiento;203060037 - Maestría en Historia;2.1.2.02.02.009.00;Servicios para la comunidad, sociales y personales;31 - Posgrados;$ 10,000,000.00;$ 15,000,000.00;$ 8,203,620.00;$ 8,203,620.00;31/08/2026
04 - CIENCIAS DE LA EDUCACION;2.1.2 Gastos de Funcionamiento;203060037 - Maestría en Historia;2.1.2.02.02.009.01;Cátedras posgrados;31 - Posgrados;$ 25,000,000.00;$ 25,000,000.00;$ 4,518,192.00;$ 4,518,192.00;31/08/2026
04 - CIENCIAS DE LA EDUCACION;2.1.2 Gastos de Funcionamiento;203060020 - Maestría en Docencia de Idiomas;2.1.2.02.02.008;Servicios prestados a las empresas y servicios de producción ;31 - Posgrados;$ 222,909,481.00;$ 200,151,567.00;$ 94,621,520.00;$ 59,842,140.00;31/08/2026
04 - CIENCIAS DE LA EDUCACION;2.1.2 Gastos de Funcionamiento;203060020 - Maestría en Docencia de Idiomas;2.1.2.02.02.009.00;Servicios para la comunidad, sociales y personales;31 - Posgrados;$ 0.00;$ 14,757,914.00;$ 1,500,000.00;$ 0.00;31/08/2026
04 - CIENCIAS DE LA EDUCACION;2.1.2 Gastos de Funcionamiento;203060020 - Maestría en Docencia de Idiomas;2.1.2.02.02.009.01;Cátedras posgrados;31 - Posgrados;$ 55,345,536.00;$ 55,345,536.00;$ 35,203,088.00;$ 35,203,088.00;31/08/2026
04 - CIENCIAS DE LA EDUCACION;2.1.2 Gastos de Funcionamiento;203060020 - Maestría en Docencia de Idiomas;2.1.2.02.02.009.03;Parafiscales cátedras posgrados;31 - Posgrados;$ 7,886,739.00;$ 7,886,739.00;$ 0.00;$ 0.00;31/08/2026
04 - CIENCIAS DE LA EDUCACION;2.1.2 Gastos de Funcionamiento;203060020 - Maestría en Docencia de Idiomas;2.1.2.02.02.010;Viáticos de los funcionarios en comisión;31 - Posgrados;$ 0.00;$ 8,000,000.00;$ 5,496,038.00;$ 4,106,571.00;31/08/2026
04 - CIENCIAS DE LA EDUCACION;2.1.2 Gastos de Funcionamiento;203060021 - Maestría en Pedagogía de la Cultura Física;2.1.2.02.02.006.00;"Comercio y distribución; alojamiento; servicios de suministro de comidas y bebidas; servicios de transporte; y servicios de distribución de electricidad, gas y agua";31 - Posgrados;$ 27,337,946.00;$ 16,616,828.60;$ 7,000,000.00;$ 0.00;31/08/2026
04 - CIENCIAS DE LA EDUCACION;2.1.2 Gastos de Funcionamiento;203060021 - Maestría en Pedagogía de la Cultura Física;2.1.2.02.02.008;Servicios prestados a las empresas y servicios de producción ;31 - Posgrados;$ 39,000,000.00;$ 51,345,158.00;$ 46,718,340.00;$ 23,542,140.00;31/08/2026
04 - CIENCIAS DE LA EDUCACION;2.1.2 Gastos de Funcionamiento;203060021 - Maestría en Pedagogía de la Cultura Física;2.1.2.02.02.009.00;Servicios para la comunidad, sociales y personales;31 - Posgrados;$ 15,720,583.00;$ 14,096,542.40;$ 11,306,124.00;$ 11,306,124.00;31/08/2026
04 - CIENCIAS DE LA EDUCACION;2.1.2 Gastos de Funcionamiento;203060021 - Maestría en Pedagogía de la Cultura Física;2.1.2.02.02.009.01;Cátedras posgrados;31 - Posgrados;$ 96,860,911.00;$ 96,860,911.00;$ 64,244,127.50;$ 64,244,127.50;31/08/2026
04 - CIENCIAS DE LA EDUCACION;2.1.2 Gastos de Funcionamiento;203060056 - Maestría en Filosofía;2.1.2.02.02.006.00;"Comercio y distribución; alojamiento; servicios de suministro de comidas y bebidas; servicios de transporte; y servicios de distribución de electricidad, gas y agua";31 - Posgrados;$ 7,857,000.00;$ 7,857,000.00;$ 0.00;$ 0.00;31/08/2026
04 - CIENCIAS DE LA EDUCACION;2.1.2 Gastos de Funcionamiento;203060056 - Maestría en Filosofía;2.1.2.02.02.006.03;Viaticos y gastos de viaje;31 - Posgrados;$ 2,000,000.00;$ 601,854.00;$ 0.00;$ 0.00;31/08/2026
04 - CIENCIAS DE LA EDUCACION;2.1.2 Gastos de Funcionamiento;203060056 - Maestría en Filosofía;2.1.2.02.02.008;Servicios prestados a las empresas y servicios de producción ;31 - Posgrados;$ 71,000,000.00;$ 62,000,000.00;$ 10,992,662.00;$ 2,916,195.00;31/08/2026
04 - CIENCIAS DE LA EDUCACION;2.1.2 Gastos de Funcionamiento;203060056 - Maestría en Filosofía;2.1.2.02.02.009.00;Servicios para la comunidad, sociales y personales;31 - Posgrados;$ 2,000,000.00;$ 11,000,000.00;$ 7,675,000.00;$ 0.00;31/08/2026
04 - CIENCIAS DE LA EDUCACION;2.1.2 Gastos de Funcionamiento;203060056 - Maestría en Filosofía;2.1.2.02.02.010;Viáticos de los funcionarios en comisión;31 - Posgrados;$ 0.00;$ 1,398,146.00;$ 203,208.00;$ 203,208.00;31/08/2026
04 - CIENCIAS DE LA EDUCACION;2.1.2 Gastos de Funcionamiento;203060022 - Maestría en Educación;2.1.2.02.02.008;Servicios prestados a las empresas y servicios de producción ;31 - Posgrados;$ 256,000,000.00;$ 244,407,757.00;$ 137,991,926.00;$ 87,093,720.00;31/08/2026
04 - CIENCIAS DE LA EDUCACION;2.1.2 Gastos de Funcionamiento;203060022 - Maestría en Educación;2.1.2.02.02.009.00;Servicios para la comunidad, sociales y personales;31 - Posgrados;$ 34,611,319.00;$ 41,109,319.00;$ 24,804,440.00;$ 20,189,194.00;31/08/2026
04 - CIENCIAS DE LA EDUCACION;2.1.2 Gastos de Funcionamiento;203060022 - Maestría en Educación;2.1.2.02.02.009.01;Cátedras posgrados;31 - Posgrados;$ 235,777,865.00;$ 185,777,865.00;$ 76,878,264.00;$ 76,878,264.00;31/08/2026
04 - CIENCIAS DE LA EDUCACION;2.1.2 Gastos de Funcionamiento;203060022 - Maestría en Educación;2.1.2.02.02.009.03;Parafiscales cátedras posgrados;31 - Posgrados;$ 21,197,694.00;$ 10,598,847.00;$ 0.00;$ 0.00;31/08/2026
04 - CIENCIAS DE LA EDUCACION;2.1.2 Gastos de Funcionamiento;203060022 - Maestría en Educación;2.1.2.02.02.010;Viáticos de los funcionarios en comisión;31 - Posgrados;$ 14,000,000.00;$ 19,094,243.00;$ 13,396,033.00;$ 8,978,255.00;31/08/2026
04 - CIENCIAS DE LA EDUCACION;2.1.2 Gastos de Funcionamiento;203060026 - Maestría en Literatura;2.1.2.02.02.008;Servicios prestados a las empresas y servicios de producción ;31 - Posgrados;$ 100,000,000.00;$ 100,000,000.00;$ 67,810,251.00;$ 49,580,716.00;31/08/2026
04 - CIENCIAS DE LA EDUCACION;2.1.2 Gastos de Funcionamiento;203060026 - Maestría en Literatura;2.1.2.02.02.009.00;Servicios para la comunidad, sociales y personales;31 - Posgrados;$ 29,587,297.00;$ 29,587,297.00;$ 5,150,926.00;$ 5,150,926.00;31/08/2026
04 - CIENCIAS DE LA EDUCACION;2.1.2 Gastos de Funcionamiento;203060026 - Maestría en Literatura;2.1.2.02.02.009.01;Cátedras posgrados;31 - Posgrados;$ 21,547,695.00;$ 21,547,695.00;$ 12,279,911.50;$ 12,279,911.50;31/08/2026
04 - CIENCIAS DE LA EDUCACION;2.1.2 Gastos de Funcionamiento;203060026 - Maestría en Literatura;2.1.2.02.02.009.03;Parafiscales cátedras posgrados;31 - Posgrados;$ 7,166,977.00;$ 7,166,977.00;$ 0.00;$ 0.00;31/08/2026
04 - CIENCIAS DE LA EDUCACION;2.1.2 Gastos de Funcionamiento;203060028 - Maestría en Patrimonio Cultural;2.1.2.02.02.008;Servicios prestados a las empresas y servicios de producción ;31 - Posgrados;$ 73,000,000.00;$ 73,059,925.00;$ 36,775,905.00;$ 36,763,501.00;31/08/2026
04 - CIENCIAS DE LA EDUCACION;2.1.2 Gastos de Funcionamiento;203060028 - Maestría en Patrimonio Cultural;2.1.2.02.02.009.00;Servicios para la comunidad, sociales y personales;31 - Posgrados;$ 3,757,500.00;$ 3,412,875.00;$ 0.00;$ 0.00;31/08/2026
04 - CIENCIAS DE LA EDUCACION;2.1.2 Gastos de Funcionamiento;203060028 - Maestría en Patrimonio Cultural;2.1.2.02.02.009.01;Cátedras posgrados;31 - Posgrados;$ 17,800,000.00;$ 17,800,000.00;$ 9,653,032.00;$ 9,653,032.00;31/08/2026
04 - CIENCIAS DE LA EDUCACION;2.1.2 Gastos de Funcionamiento;203060029 - Maestría en Educación con Énfasis en Profundización;2.1.2.02.02.009.01;Cátedras posgrados;31 - Posgrados;$ 0.00;$ 67,998,710.50;$ 67,998,710.50;$ 67,998,710.50;31/08/2026
04 - CIENCIAS DE LA EDUCACION;2.1.2 Gastos de Funcionamiento;203060029 - Maestría en Educación con Énfasis en Profundización;2.1.2.02.02.009.03;Parafiscales cátedras posgrados;31 - Posgrados;$ 0.00;$ 10,598,847.00;$ 0.00;$ 0.00;31/08/2026
04 - CIENCIAS DE LA EDUCACION;2.1.2 Gastos de Funcionamiento;203060030 - Maestría en Ambientes Educativos mediados por TIC;2.1.2.02.02.008;Servicios prestados a las empresas y servicios de producción ;31 - Posgrados;$ 78,249,600.00;$ 77,321,498.00;$ 41,477,575.00;$ 25,498,195.00;31/08/2026
04 - CIENCIAS DE LA EDUCACION;2.1.2 Gastos de Funcionamiento;203060030 - Maestría en Ambientes Educativos mediados por TIC;2.1.2.02.02.009.00;Servicios para la comunidad, sociales y personales;31 - Posgrados;$ 0.00;$ 928,102.00;$ 0.00;$ 0.00;31/08/2026
04 - CIENCIAS DE LA EDUCACION;2.1.2 Gastos de Funcionamiento;203060030 - Maestría en Ambientes Educativos mediados por TIC;2.1.2.02.02.009.01;Cátedras posgrados;31 - Posgrados;$ 111,033,000.00;$ 111,033,000.00;$ 82,625,652.00;$ 82,625,652.00;31/08/2026
04 - CIENCIAS DE LA EDUCACION;2.1.2 Gastos de Funcionamiento;203060030 - Maestría en Ambientes Educativos mediados por TIC;2.1.2.02.02.009.03;Parafiscales cátedras posgrados;31 - Posgrados;$ 16,654,800.00;$ 16,654,800.00;$ 0.00;$ 0.00;31/08/2026
04 - CIENCIAS DE LA EDUCACION;2.1.2 Gastos de Funcionamiento;203060031 - Maestría en Educación Matemática;2.1.2.02.02.006.00;"Comercio y distribución; alojamiento; servicios de suministro de comidas y bebidas; servicios de transporte; y servicios de distribución de electricidad, gas y agua";31 - Posgrados;$ 13,440,000.00;$ 9,376,000.00;$ 4,000,000.00;$ 0.00;31/08/2026
04 - CIENCIAS DE LA EDUCACION;2.1.2 Gastos de Funcionamiento;203060031 - Maestría en Educación Matemática;2.1.2.02.02.008;Servicios prestados a las empresas y servicios de producción ;31 - Posgrados;$ 144,680,000.00;$ 153,180,000.00;$ 95,077,481.00;$ 50,743,680.00;31/08/2026
04 - CIENCIAS DE LA EDUCACION;2.1.2 Gastos de Funcionamiento;203060031 - Maestría en Educación Matemática;2.1.2.02.02.009.00;Servicios para la comunidad, sociales y personales;31 - Posgrados;$ 18,000,240.00;$ 18,000,240.00;$ 1,229,904.00;$ 1,229,904.00;31/08/2026
04 - CIENCIAS DE LA EDUCACION;2.1.2 Gastos de Funcionamiento;203060031 - Maestría en Educación Matemática;2.1.2.02.02.009.01;Cátedras posgrados;31 - Posgrados;$ 106,591,681.00;$ 106,591,681.00;$ 60,826,160.50;$ 60,826,160.50;31/08/2026
04 - CIENCIAS DE LA EDUCACION;2.1.2 Gastos de Funcionamiento;203060031 - Maestría en Educación Matemática;2.1.2.02.02.010;Viáticos de los funcionarios en comisión;31 - Posgrados;$ 19,500,000.00;$ 24,318,140.00;$ 15,002,157.93;$ 15,002,157.93;31/08/2026
04 - CIENCIAS DE LA EDUCACION;2.1.2 Gastos de Funcionamiento;203060032 - Maestría en Gestión Educativa;2.1.2.02.02.006.00;"Comercio y distribución; alojamiento; servicios de suministro de comidas y bebidas; servicios de transporte; y servicios de distribución de electricidad, gas y agua";31 - Posgrados;$ 10,000,000.00;$ 10,000,000.00;$ 6,000,000.00;$ 0.00;31/08/2026
04 - CIENCIAS DE LA EDUCACION;2.1.2 Gastos de Funcionamiento;203060032 - Maestría en Gestión Educativa;2.1.2.02.02.008;Servicios prestados a las empresas y servicios de producción ;31 - Posgrados;$ 5,000,000.00;$ 5,257,697.00;$ 257,697.00;$ 257,697.00;31/08/2026
04 - CIENCIAS DE LA EDUCACION;2.1.2 Gastos de Funcionamiento;203060032 - Maestría en Gestión Educativa;2.1.2.02.02.009.00;Servicios para la comunidad, sociales y personales;31 - Posgrados;$ 5,000,000.00;$ 5,000,000.00;$ 0.00;$ 0.00;31/08/2026
04 - CIENCIAS DE LA EDUCACION;2.1.2 Gastos de Funcionamiento;203060032 - Maestría en Gestión Educativa;2.1.2.02.02.009.01;Cátedras posgrados;31 - Posgrados;$ 149,616,000.00;$ 149,616,000.00;$ 0.00;$ 0.00;31/08/2026
04 - CIENCIAS DE LA EDUCACION;2.1.2 Gastos de Funcionamiento;203060032 - Maestría en Gestión Educativa;2.1.2.02.02.009.03;Parafiscales cátedras posgrados;31 - Posgrados;$ 24,537,024.00;$ 24,537,024.00;$ 0.00;$ 0.00;31/08/2026
04 - CIENCIAS DE LA EDUCACION;2.1.2 Gastos de Funcionamiento;203060032 - Maestría en Gestión Educativa;2.1.2.02.02.010;Viáticos de los funcionarios en comisión;31 - Posgrados;$ 7,000,000.00;$ 6,742,303.00;$ 0.00;$ 0.00;31/08/2026
04 - CIENCIAS DE LA EDUCACION;2.1.2 Gastos de Funcionamiento;203060016 - Doctorado en Ciencias de la Educación;2.1.2.02.02.006.00;"Comercio y distribución; alojamiento; servicios de suministro de comidas y bebidas; servicios de transporte; y servicios de distribución de electricidad, gas y agua";31 - Posgrados;$ 50,000,000.00;$ 75,000,000.00;$ 20,000,000.00;$ 4,265,386.00;31/08/2026
04 - CIENCIAS DE LA EDUCACION;2.1.2 Gastos de Funcionamiento;203060016 - Doctorado en Ciencias de la Educación;2.1.2.02.02.006.03;Viaticos y gastos de viaje;31 - Posgrados;$ 40,000,000.00;$ 20,000,000.00;$ 0.00;$ 0.00;31/08/2026
04 - CIENCIAS DE LA EDUCACION;2.1.2 Gastos de Funcionamiento;203060016 - Doctorado en Ciencias de la Educación;2.1.2.02.02.007;"Servicios financieros y servicios conexos; servicios inmobiliarios; y servicios de arrendamiento y leasing";31 - Posgrados;$ 15,000,000.00;$ 25,000,000.00;$ 13,000,000.00;$ 0.00;31/08/2026
04 - CIENCIAS DE LA EDUCACION;2.1.2 Gastos de Funcionamiento;203060016 - Doctorado en Ciencias de la Educación;2.1.2.02.02.008;Servicios prestados a las empresas y servicios de producción ;31 - Posgrados;$ 170,525,194.00;$ 174,088,878.50;$ 152,950,476.00;$ 87,337,680.00;31/08/2026
04 - CIENCIAS DE LA EDUCACION;2.1.2 Gastos de Funcionamiento;203060016 - Doctorado en Ciencias de la Educación;2.1.2.02.02.009.00;Servicios para la comunidad, sociales y personales;31 - Posgrados;$ 150,000,000.00;$ 182,789,292.00;$ 64,056,900.00;$ 51,224,048.00;31/08/2026
04 - CIENCIAS DE LA EDUCACION;2.1.2 Gastos de Funcionamiento;203060016 - Doctorado en Ciencias de la Educación;2.1.2.02.02.009.01;Cátedras posgrados;31 - Posgrados;$ 25,000,000.00;$ 98,633,649.50;$ 84,084,260.00;$ 84,084,260.00;31/08/2026
04 - CIENCIAS DE LA EDUCACION;2.1.2 Gastos de Funcionamiento;203060016 - Doctorado en Ciencias de la Educación;2.1.2.02.02.010;Viáticos de los funcionarios en comisión;31 - Posgrados;$ 0.00;$ 48,000,000.00;$ 3,865,643.00;$ 3,378,923.00;31/08/2026
04 - CIENCIAS DE LA EDUCACION;2.1.2 Gastos de Funcionamiento;203060017 - Doctorado en Historia;2.1.2.02.02.006.03;Viaticos y gastos de viaje;31 - Posgrados;$ 2,000,000.00;$ 1,000,000.00;$ 0.00;$ 0.00;31/08/2026
04 - CIENCIAS DE LA EDUCACION;2.1.2 Gastos de Funcionamiento;203060017 - Doctorado en Historia;2.1.2.02.02.008;Servicios prestados a las empresas y servicios de producción ;31 - Posgrados;$ 96,263,130.00;$ 94,249,253.00;$ 40,131,420.00;$ 24,152,040.00;31/08/2026
04 - CIENCIAS DE LA EDUCACION;2.1.2 Gastos de Funcionamiento;203060017 - Doctorado en Historia;2.1.2.02.02.009.00;Servicios para la comunidad, sociales y personales;31 - Posgrados;$ 10,000,000.00;$ 13,013,877.00;$ 4,612,140.00;$ 4,612,140.00;31/08/2026
04 - CIENCIAS DE LA EDUCACION;2.1.2 Gastos de Funcionamiento;203060017 - Doctorado en Historia;2.1.2.02.02.009.01;Cátedras posgrados;31 - Posgrados;$ 65,000,000.00;$ 65,000,000.00;$ 32,033,992.00;$ 32,033,992.00;31/08/2026
04 - CIENCIAS DE LA EDUCACION;2.1.2 Gastos de Funcionamiento;203060017 - Doctorado en Historia;2.1.2.02.02.010;Viáticos de los funcionarios en comisión;31 - Posgrados;$ 0.00;$ 0.00;$ 0.00;$ 0.00;31/08/2026
04 - CIENCIAS DE LA EDUCACION;2.1.2 Gastos de Funcionamiento;203060027 - Doctorado en Lenguaje y Cultura;2.1.2.02.02.006.00;"Comercio y distribución; alojamiento; servicios de suministro de comidas y bebidas; servicios de transporte; y servicios de distribución de electricidad, gas y agua";31 - Posgrados;$ 40,000,000.00;$ 40,000,000.00;$ 10,000,000.00;$ 4,050,046.00;31/08/2026
04 - CIENCIAS DE LA EDUCACION;2.1.2 Gastos de Funcionamiento;203060027 - Doctorado en Lenguaje y Cultura;2.1.2.02.02.006.03;Viaticos y gastos de viaje;31 - Posgrados;$ 12,000,000.00;$ 11,030,939.00;$ 0.00;$ 0.00;31/08/2026
04 - CIENCIAS DE LA EDUCACION;2.1.2 Gastos de Funcionamiento;203060027 - Doctorado en Lenguaje y Cultura;2.1.2.02.02.008;Servicios prestados a las empresas y servicios de producción ;31 - Posgrados;$ 71,014,405.00;$ 91,585,650.00;$ 91,560,925.00;$ 46,840,320.00;31/08/2026
04 - CIENCIAS DE LA EDUCACION;2.1.2 Gastos de Funcionamiento;203060027 - Doctorado en Lenguaje y Cultura;2.1.2.02.02.009.00;Servicios para la comunidad, sociales y personales;31 - Posgrados;$ 74,000,000.00;$ 47,948,755.00;$ 13,080,541.00;$ 10,774,471.00;31/08/2026
04 - CIENCIAS DE LA EDUCACION;2.1.2 Gastos de Funcionamiento;203060027 - Doctorado en Lenguaje y Cultura;2.1.2.02.02.009.01;Cátedras posgrados;31 - Posgrados;$ 33,043,421.00;$ 33,043,421.00;$ 1,867,520.00;$ 1,867,520.00;31/08/2026
04 - CIENCIAS DE LA EDUCACION;2.1.2 Gastos de Funcionamiento;203060027 - Doctorado en Lenguaje y Cultura;2.1.2.02.02.010;Viáticos de los funcionarios en comisión;31 - Posgrados;$ 0.00;$ 6,969,061.00;$ 5,259,754.50;$ 5,259,754.50;31/08/2026
04 - CIENCIAS DE LA EDUCACION;2.1.2 Gastos de Funcionamiento;203060033 - Doctorado en Pedagogía y Didáctica;2.1.2.02.02.006.00;"Comercio y distribución; alojamiento; servicios de suministro de comidas y bebidas; servicios de transporte; y servicios de distribución de electricidad, gas y agua";31 - Posgrados;$ 55,000,000.00;$ 55,000,000.00;$ 33,000,000.00;$ 0.00;31/08/2026
04 - CIENCIAS DE LA EDUCACION;2.1.2 Gastos de Funcionamiento;203060033 - Doctorado en Pedagogía y Didáctica;2.1.2.02.02.008;Servicios prestados a las empresas y servicios de producción ;31 - Posgrados;$ 268,967,027.00;$ 293,784,341.00;$ 166,197,529.00;$ 102,280,009.00;31/08/2026
04 - CIENCIAS DE LA EDUCACION;2.1.2 Gastos de Funcionamiento;203060033 - Doctorado en Pedagogía y Didáctica;2.1.2.02.02.009.00;Servicios para la comunidad, sociales y personales;31 - Posgrados;$ 62,800,581.00;$ 70,600,224.00;$ 35,479,992.00;$ 30,467,076.00;31/08/2026
04 - CIENCIAS DE LA EDUCACION;2.1.2 Gastos de Funcionamiento;203060033 - Doctorado en Pedagogía y Didáctica;2.1.2.02.02.009.01;Cátedras posgrados;31 - Posgrados;$ 115,651,973.00;$ 115,651,973.00;$ 80,236,226.50;$ 80,236,226.50;31/08/2026
04 - CIENCIAS DE LA EDUCACION;2.1.2 Gastos de Funcionamiento;203060033 - Doctorado en Pedagogía y Didáctica;2.1.2.02.02.010;Viáticos de los funcionarios en comisión;31 - Posgrados;$ 80,000,000.00;$ 70,791,798.00;$ 30,287,382.30;$ 29,557,302.30;31/08/2026
04 - CIENCIAS DE LA EDUCACION;2.1.2 Gastos de Funcionamiento;201090008 - CIEFED - Centro de Gestión de Investigación y Extensión de la Facultad de Ciencias de la Educación;2.1.2.02.02.008;Servicios prestados a las empresas y servicios de producción ;31 - Posgrados;$ 354,276,006.00;$ 354,276,006.00;$ 59,956,400.00;$ 21,956,400.00;31/08/2026
04 - CIENCIAS DE LA EDUCACION;2.1.2 Gastos de Funcionamiento;201090008 - CIEFED - Centro de Gestión de Investigación y Extensión de la Facultad de Ciencias de la Educación;2.1.2.02.02.009.00;Servicios para la comunidad, sociales y personales;31 - Posgrados;$ 50,000,000.00;$ 50,000,000.00;$ 0.00;$ 0.00;31/08/2026
04 - CIENCIAS DE LA EDUCACION;2.1.2 Gastos de Funcionamiento;201090008 - CIEFED - Centro de Gestión de Investigación y Extensión de la Facultad de Ciencias de la Educación;2.1.2.02.02.010;Viáticos de los funcionarios en comisión;31 - Posgrados;$ 100,000,000.00;$ 100,000,000.00;$ 18,685,479.64;$ 17,598,314.64;31/08/2026
04 - CIENCIAS DE LA EDUCACION;2.1.3 Transferencias Corrientes;203060028 - Maestría en Patrimonio Cultural;2.1.3.06.03;Beneficios educativos a la comunidad universitaria;31 - Posgrados;$ 0.00;$ 284,700.00;$ 284,700.00;$ 284,700.00;31/08/2026
04 - CIENCIAS DE LA EDUCACION;2.1.3 Transferencias Corrientes;203060016 - Doctorado en Ciencias de la Educación;2.1.3.03.03.001;Membresías internacionales;31 - Posgrados;$ 4,000,000.00;$ 2,991,442.00;$ 2,991,442.00;$ 2,991,442.00;31/08/2026
04 - CIENCIAS DE LA EDUCACION;2.1.3 Transferencias Corrientes;203060016 - Doctorado en Ciencias de la Educación;2.1.3.04.05.001;Membresías nacionales;31 - Posgrados;$ 20,000,000.00;$ 22,500,000.00;$ 22,441,478.00;$ 22,441,478.00;31/08/2026
04 - CIENCIAS DE LA EDUCACION;2.1.3 Transferencias Corrientes;203060033 - Doctorado en Pedagogía y Didáctica;2.1.3.06.03;Beneficios educativos a la comunidad universitaria;31 - Posgrados;$ 0.00;$ 9,118,950.00;$ 9,118,950.00;$ 9,118,950.00;31/08/2026
05 - CIENCIAS BASICAS;2.1.2 Gastos de Funcionamiento;205060008 - Especialización en Seguridad y Calidad Alimentaria;2.1.2.02.01.004;Productos metálicos, maquinaria y equipo;31 - Posgrados;$ 36,354,551.00;$ 19,303,014.00;$ 0.00;$ 0.00;31/08/2026
05 - CIENCIAS BASICAS;2.1.2 Gastos de Funcionamiento;205060029 - Especialización en Inteligencia Artificial;2.1.2.02.01.004;Productos metálicos, maquinaria y equipo;31 - Posgrados;$ 38,728,230.00;$ 34,778,230.00;$ 0.00;$ 0.00;31/08/2026
05 - CIENCIAS BASICAS;2.1.2 Gastos de Funcionamiento;205060007 - Maestría en Ciencias Biológicas;2.1.2.02.01.003;Otros bienes transportables (excepto productos metálicos, maquinaria y equipo);31 - Posgrados;$ 1,680,000.00;$ 840,000.00;$ 0.00;$ 0.00;31/08/2026
05 - CIENCIAS BASICAS;2.1.2 Gastos de Funcionamiento;205060009 - Maestría en Ciencias - Física;2.1.2.02.01.003;Otros bienes transportables (excepto productos metálicos, maquinaria y equipo);31 - Posgrados;$ 0.00;$ 949,105.00;$ 0.00;$ 0.00;31/08/2026
05 - CIENCIAS BASICAS;2.1.2 Gastos de Funcionamiento;205060009 - Maestría en Ciencias - Física;2.1.2.02.01.004;Productos metálicos, maquinaria y equipo;31 - Posgrados;$ 0.00;$ 8,500,000.00;$ 0.00;$ 0.00;31/08/2026
05 - CIENCIAS BASICAS;2.1.2 Gastos de Funcionamiento;205060010 - Maestría en Química;2.1.2.02.01.004;Productos metálicos, maquinaria y equipo;31 - Posgrados;$ 20,699,002.00;$ 10,349,501.00;$ 0.00;$ 0.00;31/08/2026
05 - CIENCIAS BASICAS;2.1.2 Gastos de Funcionamiento;205060011 - Maestría en Ciencias Matemáticas;2.1.2.02.01.004;Productos metálicos, maquinaria y equipo;31 - Posgrados;$ 10,000,000.00;$ 9,826,649.00;$ 4,826,649.00;$ 0.00;31/08/2026
05 - CIENCIAS BASICAS;2.1.2 Gastos de Funcionamiento;205060012 - Doctorado en Ciencias Químicas;2.1.2.02.01.004;Productos metálicos, maquinaria y equipo;31 - Posgrados;$ 29,304,275.00;$ 14,652,137.50;$ 0.00;$ 0.00;31/08/2026
05 - CIENCIAS BASICAS;2.1.2 Gastos de Funcionamiento;205060014 - Doctorado en Ciencias - Física;2.1.2.02.01.004;Productos metálicos, maquinaria y equipo;31 - Posgrados;$ 6,000,000.00;$ 14,249,105.00;$ 0.00;$ 0.00;31/08/2026
05 - CIENCIAS BASICAS;2.1.2 Gastos de Funcionamiento;205060015 - Doctorado en Ciencias Matemáticas;2.1.2.02.01.003;Otros bienes transportables (excepto productos metálicos, maquinaria y equipo);31 - Posgrados;$ 980,242.00;$ 0.00;$ 0.00;$ 0.00;31/08/2026
05 - CIENCIAS BASICAS;2.1.2 Gastos de Funcionamiento;205060015 - Doctorado en Ciencias Matemáticas;2.1.2.02.01.004;Productos metálicos, maquinaria y equipo;31 - Posgrados;$ 7,000,000.00;$ 17,309,729.00;$ 10,000,000.00;$ 0.00;31/08/2026
05 - CIENCIAS BASICAS;2.1.2 Gastos de Funcionamiento;205060008 - Especialización en Seguridad y Calidad Alimentaria;2.1.2.02.02.006.00;"Comercio y distribución; alojamiento; servicios de suministro de comidas y bebidas; servicios de transporte; y servicios de distribución de electricidad, gas y agua";31 - Posgrados;$ 3,800,000.00;$ 3,800,000.00;$ 0.00;$ 0.00;31/08/2026
05 - CIENCIAS BASICAS;2.1.2 Gastos de Funcionamiento;205060008 - Especialización en Seguridad y Calidad Alimentaria;2.1.2.02.02.008;Servicios prestados a las empresas y servicios de producción ;31 - Posgrados;$ 0.00;$ 15,980,000.00;$ 15,979,380.00;$ 0.00;31/08/2026
05 - CIENCIAS BASICAS;2.1.2 Gastos de Funcionamiento;205060008 - Especialización en Seguridad y Calidad Alimentaria;2.1.2.02.02.009.01;Cátedras posgrados;31 - Posgrados;$ 113,697,792.00;$ 114,681,600.00;$ 66,869,064.00;$ 66,869,064.00;31/08/2026
05 - CIENCIAS BASICAS;2.1.2 Gastos de Funcionamiento;205060008 - Especialización en Seguridad y Calidad Alimentaria;2.1.2.02.02.009.03;Parafiscales cátedras posgrados;31 - Posgrados;$ 16,804,534.00;$ 16,804,534.00;$ 0.00;$ 0.00;31/08/2026
05 - CIENCIAS BASICAS;2.1.2 Gastos de Funcionamiento;205060008 - Especialización en Seguridad y Calidad Alimentaria;2.1.2.02.02.010;Viáticos de los funcionarios en comisión;31 - Posgrados;$ 1,200,000.00;$ 1,287,729.00;$ 657,729.00;$ 657,729.00;31/08/2026
05 - CIENCIAS BASICAS;2.1.2 Gastos de Funcionamiento;205060028 - Especialización en Seguridad y Calidad Alimentaria - Virtual;2.1.2.02.02.008;Servicios prestados a las empresas y servicios de producción ;31 - Posgrados;$ 0.00;$ 2,132,786.00;$ 0.00;$ 0.00;31/08/2026
05 - CIENCIAS BASICAS;2.1.2 Gastos de Funcionamiento;205060028 - Especialización en Seguridad y Calidad Alimentaria - Virtual;2.1.2.02.02.009.01;Cátedras posgrados;31 - Posgrados;$ 0.00;$ 28,916,352.00;$ 3,614,544.00;$ 3,614,544.00;31/08/2026
05 - CIENCIAS BASICAS;2.1.2 Gastos de Funcionamiento;205060029 - Especialización en Inteligencia Artificial;2.1.2.02.02.008;Servicios prestados a las empresas y servicios de producción ;31 - Posgrados;$ 19,286,947.00;$ 19,286,947.00;$ 8,630,085.00;$ 4,970,685.00;31/08/2026
05 - CIENCIAS BASICAS;2.1.2 Gastos de Funcionamiento;205060029 - Especialización en Inteligencia Artificial;2.1.2.02.02.009.00;Servicios para la comunidad, sociales y personales;31 - Posgrados;$ 0.00;$ 3,950,000.00;$ 3,950,000.00;$ 0.00;31/08/2026
05 - CIENCIAS BASICAS;2.1.2 Gastos de Funcionamiento;205060029 - Especialización en Inteligencia Artificial;2.1.2.02.02.009.01;Cátedras posgrados;31 - Posgrados;$ 63,955,008.00;$ 63,955,008.00;$ 40,657,594.50;$ 40,657,594.50;31/08/2026
05 - CIENCIAS BASICAS;2.1.2 Gastos de Funcionamiento;205060029 - Especialización en Inteligencia Artificial;2.1.2.02.02.009.03;Parafiscales cátedras posgrados;31 - Posgrados;$ 9,420,573.00;$ 9,420,573.00;$ 0.00;$ 0.00;31/08/2026
05 - CIENCIAS BASICAS;2.1.2 Gastos de Funcionamiento;205060031 - Especialización en Cannabis y Cannabinoides - Hibrida;2.1.2.02.02.006.00;"Comercio y distribución; alojamiento; servicios de suministro de comidas y bebidas; servicios de transporte; y servicios de distribución de electricidad, gas y agua";31 - Posgrados;$ 0.00;$ 2,000,000.00;$ 0.00;$ 0.00;31/08/2026
05 - CIENCIAS BASICAS;2.1.2 Gastos de Funcionamiento;205060031 - Especialización en Cannabis y Cannabinoides - Hibrida;2.1.2.02.02.008;Servicios prestados a las empresas y servicios de producción ;31 - Posgrados;$ 0.00;$ 22,677,974.00;$ 0.00;$ 0.00;31/08/2026
05 - CIENCIAS BASICAS;2.1.2 Gastos de Funcionamiento;205060031 - Especialización en Cannabis y Cannabinoides - Hibrida;2.1.2.02.02.009.00;Servicios para la comunidad, sociales y personales;31 - Posgrados;$ 0.00;$ 5,421,816.00;$ 0.00;$ 0.00;31/08/2026
05 - CIENCIAS BASICAS;2.1.2 Gastos de Funcionamiento;205060031 - Especialización en Cannabis y Cannabinoides - Hibrida;2.1.2.02.02.009.01;Cátedras posgrados;31 - Posgrados;$ 0.00;$ 16,265,448.00;$ 2,710,908.00;$ 2,710,908.00;31/08/2026
05 - CIENCIAS BASICAS;2.1.2 Gastos de Funcionamiento;205060007 - Maestría en Ciencias Biológicas;2.1.2.02.02.008;Servicios prestados a las empresas y servicios de producción ;31 - Posgrados;$ 94,634,501.00;$ 89,273,999.50;$ 46,441,882.00;$ 46,441,882.00;31/08/2026
05 - CIENCIAS BASICAS;2.1.2 Gastos de Funcionamiento;205060007 - Maestría en Ciencias Biológicas;2.1.2.02.02.009.00;Servicios para la comunidad, sociales y personales;31 - Posgrados;$ 45,658,500.00;$ 44,350,388.50;$ 9,036,384.00;$ 9,036,384.00;31/08/2026
05 - CIENCIAS BASICAS;2.1.2 Gastos de Funcionamiento;205060009 - Maestría en Ciencias - Física;2.1.2.02.02.008;Servicios prestados a las empresas y servicios de producción ;31 - Posgrados;$ 34,260,561.00;$ 37,874,141.00;$ 36,343,859.00;$ 20,743,859.00;31/08/2026
05 - CIENCIAS BASICAS;2.1.2 Gastos de Funcionamiento;205060009 - Maestría en Ciencias - Física;2.1.2.02.02.009.00;Servicios para la comunidad, sociales y personales;31 - Posgrados;$ 5,000,000.00;$ 11,193,210.00;$ 0.00;$ 0.00;31/08/2026
05 - CIENCIAS BASICAS;2.1.2 Gastos de Funcionamiento;205060009 - Maestría en Ciencias - Física;2.1.2.02.02.010;Viáticos de los funcionarios en comisión;31 - Posgrados;$ 6,000,000.00;$ 9,193,210.00;$ 1,979,274.00;$ 1,979,274.00;31/08/2026
05 - CIENCIAS BASICAS;2.1.2 Gastos de Funcionamiento;205060010 - Maestría en Química;2.1.2.02.02.008;Servicios prestados a las empresas y servicios de producción ;31 - Posgrados;$ 19,820,000.00;$ 19,820,000.00;$ 1,311,285.00;$ 0.00;31/08/2026
05 - CIENCIAS BASICAS;2.1.2 Gastos de Funcionamiento;205060010 - Maestría en Química;2.1.2.02.02.009.00;Servicios para la comunidad, sociales y personales;31 - Posgrados;$ 7,500,000.00;$ 5,132,950.00;$ 0.00;$ 0.00;31/08/2026
05 - CIENCIAS BASICAS;2.1.2 Gastos de Funcionamiento;205060010 - Maestría en Química;2.1.2.02.02.009.01;Cátedras posgrados;31 - Posgrados;$ 25,000,000.00;$ 36,440,051.00;$ 18,524,256.00;$ 18,524,256.00;31/08/2026
05 - CIENCIAS BASICAS;2.1.2 Gastos de Funcionamiento;205060010 - Maestría en Química;2.1.2.02.02.010;Viáticos de los funcionarios en comisión;31 - Posgrados;$ 0.00;$ 1,276,500.00;$ 1,273,107.10;$ 1,273,107.10;31/08/2026
05 - CIENCIAS BASICAS;2.1.2 Gastos de Funcionamiento;205060011 - Maestría en Ciencias Matemáticas;2.1.2.02.02.006.00;"Comercio y distribución; alojamiento; servicios de suministro de comidas y bebidas; servicios de transporte; y servicios de distribución de electricidad, gas y agua";31 - Posgrados;$ 4,500,000.00;$ 2,520,000.00;$ 0.00;$ 0.00;31/08/2026
05 - CIENCIAS BASICAS;2.1.2 Gastos de Funcionamiento;205060011 - Maestría en Ciencias Matemáticas;2.1.2.02.02.008;Servicios prestados a las empresas y servicios de producción ;31 - Posgrados;$ 11,872,097.00;$ 9,595,448.50;$ 3,659,400.00;$ 3,659,400.00;31/08/2026
05 - CIENCIAS BASICAS;2.1.2 Gastos de Funcionamiento;205060011 - Maestría en Ciencias Matemáticas;2.1.2.02.02.009.00;Servicios para la comunidad, sociales y personales;31 - Posgrados;$ 5,000,000.00;$ 7,449,999.50;$ 4,100,000.00;$ 4,100,000.00;31/08/2026
05 - CIENCIAS BASICAS;2.1.2 Gastos de Funcionamiento;205060011 - Maestría en Ciencias Matemáticas;2.1.2.02.02.010;Viáticos de los funcionarios en comisión;31 - Posgrados;$ 4,500,000.00;$ 6,480,000.00;$ 4,042,232.80;$ 3,778,127.80;31/08/2026
05 - CIENCIAS BASICAS;2.1.2 Gastos de Funcionamiento;203060017 - Doctorado en Historia;2.1.2.02.02.010;Viáticos de los funcionarios en comisión;31 - Posgrados;$ 0.00;$ 0.00;$ 0.00;$ 0.00;31/08/2026
05 - CIENCIAS BASICAS;2.1.2 Gastos de Funcionamiento;205060012 - Doctorado en Ciencias Químicas;2.1.2.02.02.008;Servicios prestados a las empresas y servicios de producción ;31 - Posgrados;$ 22,200,000.00;$ 34,520,160.00;$ 23,420,160.00;$ 23,420,160.00;31/08/2026
05 - CIENCIAS BASICAS;2.1.2 Gastos de Funcionamiento;205060012 - Doctorado en Ciencias Químicas;2.1.2.02.02.009.00;Servicios para la comunidad, sociales y personales;31 - Posgrados;$ 3,000,000.00;$ 1,500,000.00;$ 0.00;$ 0.00;31/08/2026
05 - CIENCIAS BASICAS;2.1.2 Gastos de Funcionamiento;205060012 - Doctorado en Ciencias Químicas;2.1.2.02.02.009.01;Cátedras posgrados;31 - Posgrados;$ 15,000,000.00;$ 18,831,977.50;$ 11,331,977.50;$ 11,331,977.50;31/08/2026
05 - CIENCIAS BASICAS;2.1.2 Gastos de Funcionamiento;205060013 - Doctorado en Ciencias Biológicas y Ambientales;2.1.2.02.02.008;Servicios prestados a las empresas y servicios de producción ;31 - Posgrados;$ 8,397,206.00;$ 32,920,054.50;$ 32,771,285.00;$ 548,910.00;31/08/2026
05 - CIENCIAS BASICAS;2.1.2 Gastos de Funcionamiento;205060013 - Doctorado en Ciencias Biológicas y Ambientales;2.1.2.02.02.009.00;Servicios para la comunidad, sociales y personales;31 - Posgrados;$ 46,441,425.00;$ 27,743,576.50;$ 9,100,000.00;$ 6,598,758.00;31/08/2026
05 - CIENCIAS BASICAS;2.1.2 Gastos de Funcionamiento;205060013 - Doctorado en Ciencias Biológicas y Ambientales;2.1.2.02.02.009.01;Cátedras posgrados;31 - Posgrados;$ 11,650,000.00;$ 5,825,000.00;$ 0.00;$ 0.00;31/08/2026
05 - CIENCIAS BASICAS;2.1.2 Gastos de Funcionamiento;205060014 - Doctorado en Ciencias - Física;2.1.2.02.02.006.00;"Comercio y distribución; alojamiento; servicios de suministro de comidas y bebidas; servicios de transporte; y servicios de distribución de electricidad, gas y agua";31 - Posgrados;$ 0.00;$ 5,400,000.00;$ 5,400,000.00;$ 0.00;31/08/2026
05 - CIENCIAS BASICAS;2.1.2 Gastos de Funcionamiento;205060014 - Doctorado en Ciencias - Física;2.1.2.02.02.008;Servicios prestados a las empresas y servicios de producción ;31 - Posgrados;$ 21,138,824.00;$ 25,389,884.00;$ 1,311,285.00;$ 1,311,285.00;31/08/2026
05 - CIENCIAS BASICAS;2.1.2 Gastos de Funcionamiento;205060014 - Doctorado en Ciencias - Física;2.1.2.02.02.009.00;Servicios para la comunidad, sociales y personales;31 - Posgrados;$ 16,000,000.00;$ 10,600,000.00;$ 1,808,760.00;$ 1,808,760.00;31/08/2026
05 - CIENCIAS BASICAS;2.1.2 Gastos de Funcionamiento;205060014 - Doctorado en Ciencias - Física;2.1.2.02.02.009.01;Cátedras posgrados;31 - Posgrados;$ 0.00;$ 7,500,000.00;$ 1,867,520.00;$ 1,867,520.00;31/08/2026
05 - CIENCIAS BASICAS;2.1.2 Gastos de Funcionamiento;205060014 - Doctorado en Ciencias - Física;2.1.2.02.02.010;Viáticos de los funcionarios en comisión;31 - Posgrados;$ 3,000,000.00;$ 10,748,940.00;$ 10,124,508.00;$ 10,124,508.00;31/08/2026
05 - CIENCIAS BASICAS;2.1.2 Gastos de Funcionamiento;205060015 - Doctorado en Ciencias Matemáticas;2.1.2.02.02.006.00;"Comercio y distribución; alojamiento; servicios de suministro de comidas y bebidas; servicios de transporte; y servicios de distribución de electricidad, gas y agua";31 - Posgrados;$ 2,500,000.00;$ 0.00;$ 0.00;$ 0.00;31/08/2026
05 - CIENCIAS BASICAS;2.1.2 Gastos de Funcionamiento;205060015 - Doctorado en Ciencias Matemáticas;2.1.2.02.02.008;Servicios prestados a las empresas y servicios de producción ;31 - Posgrados;$ 5,000,000.00;$ 0.00;$ 0.00;$ 0.00;31/08/2026
05 - CIENCIAS BASICAS;2.1.2 Gastos de Funcionamiento;205060015 - Doctorado en Ciencias Matemáticas;2.1.2.02.02.009.00;Servicios para la comunidad, sociales y personales;31 - Posgrados;$ 8,000,000.00;$ 0.00;$ 0.00;$ 0.00;31/08/2026
05 - CIENCIAS BASICAS;2.1.2 Gastos de Funcionamiento;205060015 - Doctorado en Ciencias Matemáticas;2.1.2.02.02.009.01;Cátedras posgrados;31 - Posgrados;$ 0.00;$ 14,886,901.00;$ 4,668,800.00;$ 4,668,800.00;31/08/2026
05 - CIENCIAS BASICAS;2.1.2 Gastos de Funcionamiento;205060015 - Doctorado en Ciencias Matemáticas;2.1.2.02.02.010;Viáticos de los funcionarios en comisión;31 - Posgrados;$ 2,500,000.00;$ 1,093,341.00;$ 1,093,341.00;$ 1,093,341.00;31/08/2026
05 - CIENCIAS BASICAS;2.1.2 Gastos de Funcionamiento;205090003 - CIEC - Centro de Gestión de Investigación y Extensión de la Facultad de Ciencias;2.1.2.02.02.008;Servicios prestados a las empresas y servicios de producción ;31 - Posgrados;$ 44,081,125.00;$ 44,081,125.00;$ 0.00;$ 0.00;31/08/2026
05 - CIENCIAS BASICAS;2.1.2 Gastos de Funcionamiento;205090003 - CIEC - Centro de Gestión de Investigación y Extensión de la Facultad de Ciencias;2.1.2.02.02.009.00;Servicios para la comunidad, sociales y personales;31 - Posgrados;$ 30,000,000.00;$ 23,000,000.00;$ 0.00;$ 0.00;31/08/2026
05 - CIENCIAS BASICAS;2.1.3 Transferencias Corrientes;205060007 - Maestría en Ciencias Biológicas;2.1.3.06.03;Beneficios educativos a la comunidad universitaria;31 - Posgrados;$ 0.00;$ 7,508,613.00;$ 7,508,613.00;$ 7,508,613.00;31/08/2026
05 - CIENCIAS BASICAS;2.1.3 Transferencias Corrientes;205090003 - CIEC - Centro de Gestión de Investigación y Extensión de la Facultad de Ciencias;2.1.3.08.02;Apoyo socieconómico a estudiantes;31 - Posgrados;$ 0.00;$ 7,000,000.00;$ 6,795,219.60;$ 0.00;31/08/2026
06 - CIENCIAS ECONOMICAS, ADMINISTRATIVAS Y CONTABLES;2.1.2 Gastos de Funcionamiento;207060004 - Especialización en Planeación y Gestión del Desarrollo Territorial;2.1.2.02.01.003;Otros bienes transportables (excepto productos metálicos, maquinaria y equipo);31 - Posgrados;$ 1,686,000.00;$ 886,000.00;$ 0.00;$ 0.00;31/08/2026
06 - CIENCIAS ECONOMICAS, ADMINISTRATIVAS Y CONTABLES;2.1.2 Gastos de Funcionamiento;207060005 - Especialización en Alta Gerencia en Mercadotecnia - Tunja;2.1.2.02.01.003;Otros bienes transportables (excepto productos metálicos, maquinaria y equipo);31 - Posgrados;$ 3,000,000.00;$ 3,000,000.00;$ 0.00;$ 0.00;31/08/2026
06 - CIENCIAS ECONOMICAS, ADMINISTRATIVAS Y CONTABLES;2.1.2 Gastos de Funcionamiento;207060005 - Especialización en Alta Gerencia en Mercadotecnia - Tunja;2.1.2.02.01.004;Productos metálicos, maquinaria y equipo;31 - Posgrados;$ 70,000,000.00;$ 45,000,000.00;$ 0.00;$ 0.00;31/08/2026
06 - CIENCIAS ECONOMICAS, ADMINISTRATIVAS Y CONTABLES;2.1.2 Gastos de Funcionamiento;207060006 - Especialización Finanzas;2.1.2.02.01.003;Otros bienes transportables (excepto productos metálicos, maquinaria y equipo);31 - Posgrados;$ 4,652,500.00;$ 4,652,500.00;$ 0.00;$ 0.00;31/08/2026
06 - CIENCIAS ECONOMICAS, ADMINISTRATIVAS Y CONTABLES;2.1.2 Gastos de Funcionamiento;207060008 - Especialización en Gerencia Tributaria;2.1.2.02.01.003;Otros bienes transportables (excepto productos metálicos, maquinaria y equipo);31 - Posgrados;$ 2,387,000.00;$ 2,387,000.00;$ 0.00;$ 0.00;31/08/2026
06 - CIENCIAS ECONOMICAS, ADMINISTRATIVAS Y CONTABLES;2.1.2 Gastos de Funcionamiento;207060004 - Especialización en Planeación y Gestión del Desarrollo Territorial;2.1.2.02.02.006.00;"Comercio y distribución; alojamiento; servicios de suministro de comidas y bebidas; servicios de transporte; y servicios de distribución de electricidad, gas y agua";31 - Posgrados;$ 20,000,000.00;$ 20,000,000.00;$ 10,000,000.00;$ 1,000,000.00;31/08/2026
06 - CIENCIAS ECONOMICAS, ADMINISTRATIVAS Y CONTABLES;2.1.2 Gastos de Funcionamiento;207060004 - Especialización en Planeación y Gestión del Desarrollo Territorial;2.1.2.02.02.008;Servicios prestados a las empresas y servicios de producción ;31 - Posgrados;$ 140,000,000.00;$ 143,300,000.00;$ 92,727,300.00;$ 53,640,180.00;31/08/2026
06 - CIENCIAS ECONOMICAS, ADMINISTRATIVAS Y CONTABLES;2.1.2 Gastos de Funcionamiento;207060004 - Especialización en Planeación y Gestión del Desarrollo Territorial;2.1.2.02.02.009.01;Cátedras posgrados;31 - Posgrados;$ 140,927,000.00;$ 140,927,000.00;$ 60,844,824.00;$ 60,844,824.00;31/08/2026
06 - CIENCIAS ECONOMICAS, ADMINISTRATIVAS Y CONTABLES;2.1.2 Gastos de Funcionamiento;207060004 - Especialización en Planeación y Gestión del Desarrollo Territorial;2.1.2.02.02.009.03;Parafiscales cátedras posgrados;31 - Posgrados;$ 20,083,000.00;$ 20,083,000.00;$ 0.00;$ 0.00;31/08/2026
06 - CIENCIAS ECONOMICAS, ADMINISTRATIVAS Y CONTABLES;2.1.2 Gastos de Funcionamiento;207060004 - Especialización en Planeación y Gestión del Desarrollo Territorial;2.1.2.02.02.010;Viáticos de los funcionarios en comisión;31 - Posgrados;$ 20,000,000.00;$ 17,500,000.00;$ 7,481,778.20;$ 7,481,778.20;31/08/2026
06 - CIENCIAS ECONOMICAS, ADMINISTRATIVAS Y CONTABLES;2.1.2 Gastos de Funcionamiento;207060005 - Especialización en Alta Gerencia en Mercadotecnia - Tunja;2.1.2.02.02.006.00;"Comercio y distribución; alojamiento; servicios de suministro de comidas y bebidas; servicios de transporte; y servicios de distribución de electricidad, gas y agua";31 - Posgrados;$ 25,000,000.00;$ 25,000,000.00;$ 12,500,000.00;$ 7,183,672.00;31/08/2026
06 - CIENCIAS ECONOMICAS, ADMINISTRATIVAS Y CONTABLES;2.1.2 Gastos de Funcionamiento;207060005 - Especialización en Alta Gerencia en Mercadotecnia - Tunja;2.1.2.02.02.008;Servicios prestados a las empresas y servicios de producción ;31 - Posgrados;$ 176,700,000.00;$ 208,700,000.00;$ 115,564,720.00;$ 66,601,080.00;31/08/2026
06 - CIENCIAS ECONOMICAS, ADMINISTRATIVAS Y CONTABLES;2.1.2 Gastos de Funcionamiento;207060005 - Especialización en Alta Gerencia en Mercadotecnia - Tunja;2.1.2.02.02.009.00;Servicios para la comunidad, sociales y personales;31 - Posgrados;$ 13,000,000.00;$ 13,000,000.00;$ 7,229,088.00;$ 7,225,308.00;31/08/2026
06 - CIENCIAS ECONOMICAS, ADMINISTRATIVAS Y CONTABLES;2.1.2 Gastos de Funcionamiento;207060005 - Especialización en Alta Gerencia en Mercadotecnia - Tunja;2.1.2.02.02.009.01;Cátedras posgrados;31 - Posgrados;$ 172,870,000.00;$ 165,870,000.00;$ 63,254,520.00;$ 63,254,520.00;31/08/2026
06 - CIENCIAS ECONOMICAS, ADMINISTRATIVAS Y CONTABLES;2.1.2 Gastos de Funcionamiento;207060005 - Especialización en Alta Gerencia en Mercadotecnia - Tunja;2.1.2.02.02.009.03;Parafiscales cátedras posgrados;31 - Posgrados;$ 24,550,000.00;$ 24,550,000.00;$ 0.00;$ 0.00;31/08/2026
06 - CIENCIAS ECONOMICAS, ADMINISTRATIVAS Y CONTABLES;2.1.2 Gastos de Funcionamiento;207060005 - Especialización en Alta Gerencia en Mercadotecnia - Tunja;2.1.2.02.02.010;Viáticos de los funcionarios en comisión;31 - Posgrados;$ 25,000,000.00;$ 25,000,000.00;$ 9,222,303.60;$ 9,222,303.60;31/08/2026
06 - CIENCIAS ECONOMICAS, ADMINISTRATIVAS Y CONTABLES;2.1.2 Gastos de Funcionamiento;207060006 - Especialización Finanzas;2.1.2.02.02.006.00;"Comercio y distribución; alojamiento; servicios de suministro de comidas y bebidas; servicios de transporte; y servicios de distribución de electricidad, gas y agua";31 - Posgrados;$ 30,000,000.00;$ 30,000,000.00;$ 15,000,000.00;$ 1,000,000.00;31/08/2026
06 - CIENCIAS ECONOMICAS, ADMINISTRATIVAS Y CONTABLES;2.1.2 Gastos de Funcionamiento;207060006 - Especialización Finanzas;2.1.2.02.02.008;Servicios prestados a las empresas y servicios de producción ;31 - Posgrados;$ 316,000,000.00;$ 336,000,000.00;$ 158,300,720.70;$ 98,896,460.70;31/08/2026
06 - CIENCIAS ECONOMICAS, ADMINISTRATIVAS Y CONTABLES;2.1.2 Gastos de Funcionamiento;207060006 - Especialización Finanzas;2.1.2.02.02.009.00;Servicios para la comunidad, sociales y personales;31 - Posgrados;$ 17,000,000.00;$ 17,000,000.00;$ 5,250,000.00;$ 1,750,000.00;31/08/2026
06 - CIENCIAS ECONOMICAS, ADMINISTRATIVAS Y CONTABLES;2.1.2 Gastos de Funcionamiento;207060006 - Especialización Finanzas;2.1.2.02.02.009.01;Cátedras posgrados;31 - Posgrados;$ 277,000,000.00;$ 257,000,000.00;$ 136,900,872.00;$ 136,900,872.00;31/08/2026
06 - CIENCIAS ECONOMICAS, ADMINISTRATIVAS Y CONTABLES;2.1.2 Gastos de Funcionamiento;207060006 - Especialización Finanzas;2.1.2.02.02.009.03;Parafiscales cátedras posgrados;31 - Posgrados;$ 39,472,500.00;$ 39,472,500.00;$ 0.00;$ 0.00;31/08/2026
06 - CIENCIAS ECONOMICAS, ADMINISTRATIVAS Y CONTABLES;2.1.2 Gastos de Funcionamiento;207060006 - Especialización Finanzas;2.1.2.02.02.010;Viáticos de los funcionarios en comisión;31 - Posgrados;$ 25,000,000.00;$ 25,000,000.00;$ 10,802,611.25;$ 8,001,451.25;31/08/2026
06 - CIENCIAS ECONOMICAS, ADMINISTRATIVAS Y CONTABLES;2.1.2 Gastos de Funcionamiento;207060008 - Especialización en Gerencia Tributaria;2.1.2.02.02.006.00;"Comercio y distribución; alojamiento; servicios de suministro de comidas y bebidas; servicios de transporte; y servicios de distribución de electricidad, gas y agua";31 - Posgrados;$ 25,000,000.00;$ 25,000,000.00;$ 10,000,000.00;$ 1,000,000.00;31/08/2026
06 - CIENCIAS ECONOMICAS, ADMINISTRATIVAS Y CONTABLES;2.1.2 Gastos de Funcionamiento;207060008 - Especialización en Gerencia Tributaria;2.1.2.02.02.008;Servicios prestados a las empresas y servicios de producción ;31 - Posgrados;$ 170,563,000.00;$ 170,278,300.00;$ 111,489,720.00;$ 66,601,080.00;31/08/2026
06 - CIENCIAS ECONOMICAS, ADMINISTRATIVAS Y CONTABLES;2.1.2 Gastos de Funcionamiento;207060008 - Especialización en Gerencia Tributaria;2.1.2.02.02.009.00;Servicios para la comunidad, sociales y personales;31 - Posgrados;$ 10,000,000.00;$ 10,000,000.00;$ 0.00;$ 0.00;31/08/2026
06 - CIENCIAS ECONOMICAS, ADMINISTRATIVAS Y CONTABLES;2.1.2 Gastos de Funcionamiento;207060008 - Especialización en Gerencia Tributaria;2.1.2.02.02.009.01;Cátedras posgrados;31 - Posgrados;$ 172,000,000.00;$ 172,000,000.00;$ 94,343,320.00;$ 94,343,320.00;31/08/2026
06 - CIENCIAS ECONOMICAS, ADMINISTRATIVAS Y CONTABLES;2.1.2 Gastos de Funcionamiento;207060008 - Especialización en Gerencia Tributaria;2.1.2.02.02.009.03;Parafiscales cátedras posgrados;31 - Posgrados;$ 24,510,000.00;$ 24,510,000.00;$ 0.00;$ 0.00;31/08/2026
06 - CIENCIAS ECONOMICAS, ADMINISTRATIVAS Y CONTABLES;2.1.2 Gastos de Funcionamiento;207060008 - Especialización en Gerencia Tributaria;2.1.2.02.02.010;Viáticos de los funcionarios en comisión;31 - Posgrados;$ 25,000,000.00;$ 25,000,000.00;$ 5,394,496.40;$ 5,394,496.40;31/08/2026
06 - CIENCIAS ECONOMICAS, ADMINISTRATIVAS Y CONTABLES;2.1.2 Gastos de Funcionamiento;207060012 - Especialización en Normas Internacionales de Información Financiera (NIIF);2.1.2.02.02.009.01;Cátedras posgrados;31 - Posgrados;$ 28,186,000.00;$ 28,186,000.00;$ 14,093,000.00;$ 14,093,000.00;31/08/2026
06 - CIENCIAS ECONOMICAS, ADMINISTRATIVAS Y CONTABLES;2.1.2 Gastos de Funcionamiento;207060012 - Especialización en Normas Internacionales de Información Financiera (NIIF);2.1.2.02.02.009.03;Parafiscales cátedras posgrados;31 - Posgrados;$ 3,969,000.00;$ 3,969,000.00;$ 0.00;$ 0.00;31/08/2026
06 - CIENCIAS ECONOMICAS, ADMINISTRATIVAS Y CONTABLES;2.1.2 Gastos de Funcionamiento;207060021 - Especialización en Planeación y Gestión del Desarrollo Territorial - Aguazul;2.1.2.02.02.006.00;"Comercio y distribución; alojamiento; servicios de suministro de comidas y bebidas; servicios de transporte; y servicios de distribución de electricidad, gas y agua";31 - Posgrados;$ 30,477,230.00;$ 30,477,230.00;$ 15,000,000.00;$ 4,222,720.00;31/08/2026
06 - CIENCIAS ECONOMICAS, ADMINISTRATIVAS Y CONTABLES;2.1.2 Gastos de Funcionamiento;207060021 - Especialización en Planeación y Gestión del Desarrollo Territorial - Aguazul;2.1.2.02.02.009.01;Cátedras posgrados;31 - Posgrados;$ 56,371,000.00;$ 56,371,000.00;$ 10,843,632.00;$ 10,843,632.00;31/08/2026
06 - CIENCIAS ECONOMICAS, ADMINISTRATIVAS Y CONTABLES;2.1.2 Gastos de Funcionamiento;207060021 - Especialización en Planeación y Gestión del Desarrollo Territorial - Aguazul;2.1.2.02.02.009.03;Parafiscales cátedras posgrados;31 - Posgrados;$ 8,033,000.00;$ 8,033,000.00;$ 0.00;$ 0.00;31/08/2026
06 - CIENCIAS ECONOMICAS, ADMINISTRATIVAS Y CONTABLES;2.1.2 Gastos de Funcionamiento;207060024 - Maestría en Auditoría Integral;2.1.2.02.02.009.00;Servicios para la comunidad, sociales y personales;31 - Posgrados;$ 9,578,000.00;$ 9,578,000.00;$ 0.00;$ 0.00;31/08/2026
06 - CIENCIAS ECONOMICAS, ADMINISTRATIVAS Y CONTABLES;2.1.2 Gastos de Funcionamiento;207060024 - Maestría en Auditoría Integral;2.1.2.02.02.009.01;Cátedras posgrados;31 - Posgrados;$ 63,400,000.00;$ 63,400,000.00;$ 40,736,384.00;$ 40,736,384.00;31/08/2026
06 - CIENCIAS ECONOMICAS, ADMINISTRATIVAS Y CONTABLES;2.1.2 Gastos de Funcionamiento;207060024 - Maestría en Auditoría Integral;2.1.2.02.02.009.03;Parafiscales cátedras posgrados;31 - Posgrados;$ 8,990,000.00;$ 8,990,000.00;$ 0.00;$ 0.00;31/08/2026
06 - CIENCIAS ECONOMICAS, ADMINISTRATIVAS Y CONTABLES;2.1.2 Gastos de Funcionamiento;207060007 - Maestría en Economía;2.1.2.02.02.008;Servicios prestados a las empresas y servicios de producción ;31 - Posgrados;$ 0.00;$ 15,900,000.00;$ 14,515,620.00;$ 0.00;31/08/2026
06 - CIENCIAS ECONOMICAS, ADMINISTRATIVAS Y CONTABLES;2.1.2 Gastos de Funcionamiento;207060007 - Maestría en Economía;2.1.2.02.02.009.00;Servicios para la comunidad, sociales y personales;31 - Posgrados;$ 10,411,420.00;$ 10,411,420.00;$ 5,200,000.00;$ 5,200,000.00;31/08/2026
06 - CIENCIAS ECONOMICAS, ADMINISTRATIVAS Y CONTABLES;2.1.2 Gastos de Funcionamiento;207060007 - Maestría en Economía;2.1.2.02.02.009.01;Cátedras posgrados;31 - Posgrados;$ 56,371,000.00;$ 44,487,500.00;$ 0.00;$ 0.00;31/08/2026
06 - CIENCIAS ECONOMICAS, ADMINISTRATIVAS Y CONTABLES;2.1.2 Gastos de Funcionamiento;207060007 - Maestría en Economía;2.1.2.02.02.009.03;Parafiscales cátedras posgrados;31 - Posgrados;$ 8,033,000.00;$ 4,016,500.00;$ 0.00;$ 0.00;31/08/2026
06 - CIENCIAS ECONOMICAS, ADMINISTRATIVAS Y CONTABLES;2.1.2 Gastos de Funcionamiento;207060009 - Maestría en Administración de Organizaciones;2.1.2.02.02.009.00;Servicios para la comunidad, sociales y personales;31 - Posgrados;$ 42,600,000.00;$ 42,315,300.00;$ 13,777,288.00;$ 10,276,836.00;31/08/2026
06 - CIENCIAS ECONOMICAS, ADMINISTRATIVAS Y CONTABLES;2.1.2 Gastos de Funcionamiento;207060009 - Maestría en Administración de Organizaciones;2.1.2.02.02.009.01;Cátedras posgrados;31 - Posgrados;$ 105,000,000.00;$ 105,000,000.00;$ 39,085,008.00;$ 39,085,008.00;31/08/2026
06 - CIENCIAS ECONOMICAS, ADMINISTRATIVAS Y CONTABLES;2.1.2 Gastos de Funcionamiento;207060009 - Maestría en Administración de Organizaciones;2.1.2.02.02.009.03;Parafiscales cátedras posgrados;31 - Posgrados;$ 14,973,500.00;$ 14,973,500.00;$ 0.00;$ 0.00;31/08/2026
06 - CIENCIAS ECONOMICAS, ADMINISTRATIVAS Y CONTABLES;2.1.2 Gastos de Funcionamiento;207060013 - Maestría en Finanzas;2.1.2.02.02.009.00;Servicios para la comunidad, sociales y personales;31 - Posgrados;$ 60,000,000.00;$ 60,000,000.00;$ 29,813,672.00;$ 29,808,210.00;31/08/2026
06 - CIENCIAS ECONOMICAS, ADMINISTRATIVAS Y CONTABLES;2.1.2 Gastos de Funcionamiento;207060013 - Maestría en Finanzas;2.1.2.02.02.009.01;Cátedras posgrados;31 - Posgrados;$ 160,000,000.00;$ 160,000,000.00;$ 93,526,536.00;$ 93,526,536.00;31/08/2026
06 - CIENCIAS ECONOMICAS, ADMINISTRATIVAS Y CONTABLES;2.1.2 Gastos de Funcionamiento;207060013 - Maestría en Finanzas;2.1.2.02.02.009.03;Parafiscales cátedras posgrados;31 - Posgrados;$ 23,070,000.00;$ 23,070,000.00;$ 0.00;$ 0.00;31/08/2026
06 - CIENCIAS ECONOMICAS, ADMINISTRATIVAS Y CONTABLES;2.1.2 Gastos de Funcionamiento;207060020 - Maestría en Desarrollo Territorial;2.1.2.02.02.008;Servicios prestados a las empresas y servicios de producción ;31 - Posgrados;$ 47,821,500.00;$ 47,821,500.00;$ 21,590,460.00;$ 21,590,460.00;31/08/2026
06 - CIENCIAS ECONOMICAS, ADMINISTRATIVAS Y CONTABLES;2.1.2 Gastos de Funcionamiento;207060020 - Maestría en Desarrollo Territorial;2.1.2.02.02.009.00;Servicios para la comunidad, sociales y personales;31 - Posgrados;$ 20,000,000.00;$ 20,000,000.00;$ 8,750,000.00;$ 8,750,000.00;31/08/2026
06 - CIENCIAS ECONOMICAS, ADMINISTRATIVAS Y CONTABLES;2.1.2 Gastos de Funcionamiento;207060020 - Maestría en Desarrollo Territorial;2.1.2.02.02.009.01;Cátedras posgrados;31 - Posgrados;$ 133,880,000.00;$ 133,880,000.00;$ 76,357,416.00;$ 76,357,416.00;31/08/2026
06 - CIENCIAS ECONOMICAS, ADMINISTRATIVAS Y CONTABLES;2.1.2 Gastos de Funcionamiento;207060020 - Maestría en Desarrollo Territorial;2.1.2.02.02.009.03;Parafiscales cátedras posgrados;31 - Posgrados;$ 19,078,000.00;$ 19,078,000.00;$ 0.00;$ 0.00;31/08/2026
06 - CIENCIAS ECONOMICAS, ADMINISTRATIVAS Y CONTABLES;2.1.2 Gastos de Funcionamiento;207060025 - Doctorado en Gestión, Innovación y Emprendimiento;2.1.2.02.02.009.01;Cátedras posgrados;31 - Posgrados;$ 0.00;$ 6,700,000.00;$ 5,602,560.00;$ 5,602,560.00;31/08/2026
06 - CIENCIAS ECONOMICAS, ADMINISTRATIVAS Y CONTABLES;2.1.2 Gastos de Funcionamiento;207090001 - CENES - Centro de Gestión de Investigación y Extensión de la Facultad de Ciencias Económicas, Administrativas y Contables;2.1.2.02.02.008;Servicios prestados a las empresas y servicios de producción ;31 - Posgrados;$ 145,632,541.00;$ 133,632,541.00;$ 10,074,708.00;$ 0.00;31/08/2026
06 - CIENCIAS ECONOMICAS, ADMINISTRATIVAS Y CONTABLES;2.1.2 Gastos de Funcionamiento;207090001 - CENES - Centro de Gestión de Investigación y Extensión de la Facultad de Ciencias Económicas, Administrativas y Contables;2.1.2.02.02.009.00;Servicios para la comunidad, sociales y personales;31 - Posgrados;$ 96,199,400.00;$ 96,199,400.00;$ 33,060,331.20;$ 14,715,622.20;31/08/2026
06 - CIENCIAS ECONOMICAS, ADMINISTRATIVAS Y CONTABLES;2.1.2 Gastos de Funcionamiento;207090001 - CENES - Centro de Gestión de Investigación y Extensión de la Facultad de Ciencias Económicas, Administrativas y Contables;2.1.2.02.02.010;Viáticos de los funcionarios en comisión;31 - Posgrados;$ 25,566,559.00;$ 37,566,559.00;$ 15,985,479.11;$ 15,985,479.11;31/08/2026
06 - CIENCIAS ECONOMICAS, ADMINISTRATIVAS Y CONTABLES;2.1.3 Transferencias Corrientes;207060006 - Especialización Finanzas;2.1.3.03.03.001;Membresías internacionales;31 - Posgrados;$ 13,000,000.00;$ 13,000,000.00;$ 10,892,217.00;$ 10,892,217.00;31/08/2026
06 - CIENCIAS ECONOMICAS, ADMINISTRATIVAS Y CONTABLES;2.1.3 Transferencias Corrientes;207060008 - Especialización en Gerencia Tributaria;2.1.3.06.03;Beneficios educativos a la comunidad universitaria;31 - Posgrados;$ 0.00;$ 284,700.00;$ 284,700.00;$ 284,700.00;31/08/2026
06 - CIENCIAS ECONOMICAS, ADMINISTRATIVAS Y CONTABLES;2.1.3 Transferencias Corrientes;207060009 - Maestría en Administración de Organizaciones;2.1.3.06.03;Beneficios educativos a la comunidad universitaria;31 - Posgrados;$ 0.00;$ 284,700.00;$ 284,700.00;$ 284,700.00;31/08/2026
07 - CIENCIAS DE LA SALUD;2.1.2 Gastos de Funcionamiento;204060008 - Especialización en Seguridad y Salud en el Trabajo;2.1.2.02.01.003;Otros bienes transportables (excepto productos metálicos, maquinaria y equipo);31 - Posgrados;$ 4,000,000.00;$ 2,000,000.00;$ 0.00;$ 0.00;31/08/2026
07 - CIENCIAS DE LA SALUD;2.1.2 Gastos de Funcionamiento;204060009 - Especialización en Medicina Familiar;2.1.2.02.01.003;Otros bienes transportables (excepto productos metálicos, maquinaria y equipo);31 - Posgrados;$ 10,000,000.00;$ 6,000,000.00;$ 0.00;$ 0.00;31/08/2026
07 - CIENCIAS DE LA SALUD;2.1.2 Gastos de Funcionamiento;204060009 - Especialización en Medicina Familiar;2.1.2.02.01.004;Productos metálicos, maquinaria y equipo;31 - Posgrados;$ 200,000,000.00;$ 63,962,036.12;$ 0.00;$ 0.00;31/08/2026
07 - CIENCIAS DE LA SALUD;2.1.2 Gastos de Funcionamiento;204060015 - Maestría en Psicología Clínica;2.1.2.02.01.003;Otros bienes transportables (excepto productos metálicos, maquinaria y equipo);31 - Posgrados;$ 2,000,000.00;$ 0.00;$ 0.00;$ 0.00;31/08/2026
07 - CIENCIAS DE LA SALUD;2.1.2 Gastos de Funcionamiento;204060015 - Maestría en Psicología Clínica;2.1.2.02.01.004;Productos metálicos, maquinaria y equipo;31 - Posgrados;$ 7,000,000.00;$ 0.00;$ 0.00;$ 0.00;31/08/2026
07 - CIENCIAS DE LA SALUD;2.1.2 Gastos de Funcionamiento;204060008 - Especialización en Seguridad y Salud en el Trabajo;2.1.2.02.02.006.00;"Comercio y distribución; alojamiento; servicios de suministro de comidas y bebidas; servicios de transporte; y servicios de distribución de electricidad, gas y agua";31 - Posgrados;$ 8,000,000.00;$ 4,000,000.00;$ 4,000,000.00;$ 661,160.00;31/08/2026
07 - CIENCIAS DE LA SALUD;2.1.2 Gastos de Funcionamiento;204060008 - Especialización en Seguridad y Salud en el Trabajo;2.1.2.02.02.008;Servicios prestados a las empresas y servicios de producción ;31 - Posgrados;$ 4,000,000.00;$ 14,700,000.00;$ 14,637,600.00;$ 0.00;31/08/2026
07 - CIENCIAS DE LA SALUD;2.1.2 Gastos de Funcionamiento;204060008 - Especialización en Seguridad y Salud en el Trabajo;2.1.2.02.02.009.00;Servicios para la comunidad, sociales y personales;31 - Posgrados;$ 66,362,754.00;$ 75,481,377.00;$ 46,132,400.00;$ 20,516,600.00;31/08/2026
07 - CIENCIAS DE LA SALUD;2.1.2 Gastos de Funcionamiento;204060008 - Especialización en Seguridad y Salud en el Trabajo;2.1.2.02.02.009.01;Cátedras posgrados;31 - Posgrados;$ 113,697,792.00;$ 140,697,792.00;$ 99,357,058.12;$ 99,357,058.12;31/08/2026
07 - CIENCIAS DE LA SALUD;2.1.2 Gastos de Funcionamiento;204060008 - Especialización en Seguridad y Salud en el Trabajo;2.1.2.02.02.009.03;Parafiscales cátedras posgrados;31 - Posgrados;$ 32,403,871.00;$ 24,201,935.50;$ 0.00;$ 0.00;31/08/2026
07 - CIENCIAS DE LA SALUD;2.1.2 Gastos de Funcionamiento;204060008 - Especialización en Seguridad y Salud en el Trabajo;2.1.2.02.02.010;Viáticos de los funcionarios en comisión;31 - Posgrados;$ 20,000,000.00;$ 13,000,000.00;$ 3,343,081.00;$ 1,687,266.00;31/08/2026
07 - CIENCIAS DE LA SALUD;2.1.2 Gastos de Funcionamiento;204060009 - Especialización en Medicina Familiar;2.1.2.02.02.006.00;"Comercio y distribución; alojamiento; servicios de suministro de comidas y bebidas; servicios de transporte; y servicios de distribución de electricidad, gas y agua";31 - Posgrados;$ 5,000,000.00;$ 5,000,000.00;$ 2,500,000.00;$ 1,146,597.00;31/08/2026
07 - CIENCIAS DE LA SALUD;2.1.2 Gastos de Funcionamiento;204060009 - Especialización en Medicina Familiar;2.1.2.02.02.008;Servicios prestados a las empresas y servicios de producción ;31 - Posgrados;$ 17,000,000.00;$ 25,000,000.00;$ 16,467,300.00;$ 1,829,700.00;31/08/2026
07 - CIENCIAS DE LA SALUD;2.1.2 Gastos de Funcionamiento;204060009 - Especialización en Medicina Familiar;2.1.2.02.02.009.00;Servicios para la comunidad, sociales y personales;31 - Posgrados;$ 50,000,000.00;$ 41,497,979.00;$ 14,637,600.00;$ 14,637,600.00;31/08/2026
07 - CIENCIAS DE LA SALUD;2.1.2 Gastos de Funcionamiento;204060009 - Especialización en Medicina Familiar;2.1.2.02.02.009.01;Cátedras posgrados;31 - Posgrados;$ 1,125,134,400.00;$ 1,234,446,484.88;$ 775,076,034.88;$ 775,076,034.88;31/08/2026
07 - CIENCIAS DE LA SALUD;2.1.2 Gastos de Funcionamiento;204060009 - Especialización en Medicina Familiar;2.1.2.02.02.010;Viáticos de los funcionarios en comisión;31 - Posgrados;$ 25,058,060.00;$ 25,058,060.00;$ 0.00;$ 0.00;31/08/2026
07 - CIENCIAS DE LA SALUD;2.1.2 Gastos de Funcionamiento;204060015 - Maestría en Psicología Clínica;2.1.2.02.02.006.00;"Comercio y distribución; alojamiento; servicios de suministro de comidas y bebidas; servicios de transporte; y servicios de distribución de electricidad, gas y agua";31 - Posgrados;$ 2,000,000.00;$ 0.00;$ 0.00;$ 0.00;31/08/2026
07 - CIENCIAS DE LA SALUD;2.1.2 Gastos de Funcionamiento;204060015 - Maestría en Psicología Clínica;2.1.2.02.02.009.00;Servicios para la comunidad, sociales y personales;31 - Posgrados;$ 8,000,000.00;$ 23,000,000.00;$ 0.00;$ 0.00;31/08/2026
07 - CIENCIAS DE LA SALUD;2.1.2 Gastos de Funcionamiento;204060015 - Maestría en Psicología Clínica;2.1.2.02.02.009.01;Cátedras posgrados;31 - Posgrados;$ 76,982,880.00;$ 76,982,880.00;$ 9,036,384.00;$ 9,036,384.00;31/08/2026
07 - CIENCIAS DE LA SALUD;2.1.2 Gastos de Funcionamiento;204060015 - Maestría en Psicología Clínica;2.1.2.02.02.009.03;Parafiscales cátedras posgrados;31 - Posgrados;$ 10,970,060.00;$ 10,970,060.00;$ 0.00;$ 0.00;31/08/2026
07 - CIENCIAS DE LA SALUD;2.1.2 Gastos de Funcionamiento;204060015 - Maestría en Psicología Clínica;2.1.2.02.02.010;Viáticos de los funcionarios en comisión;31 - Posgrados;$ 6,771,130.00;$ 2,771,130.00;$ 0.00;$ 0.00;31/08/2026
07 - CIENCIAS DE LA SALUD;2.1.2 Gastos de Funcionamiento;204090002 - CIES - Centro de Gestión de Investigación y Extensión de la Facultad de Ciencias de la Salud;2.1.2.02.02.008;Servicios prestados a las empresas y servicios de producción ;31 - Posgrados;$ 33,457,659.00;$ 28,657,659.00;$ 0.00;$ 0.00;31/08/2026
07 - CIENCIAS DE LA SALUD;2.1.2 Gastos de Funcionamiento;204090002 - CIES - Centro de Gestión de Investigación y Extensión de la Facultad de Ciencias de la Salud;2.1.2.02.02.009.00;Servicios para la comunidad, sociales y personales;31 - Posgrados;$ 0.00;$ 4,800,000.00;$ 0.00;$ 0.00;31/08/2026
07 - CIENCIAS DE LA SALUD;2.1.3 Transferencias Corrientes;204060008 - Especialización en Seguridad y Salud en el Trabajo;2.1.3.04.05.001;Membresías nacionales;31 - Posgrados;$ 2,500,000.00;$ 3,250,000.00;$ 0.00;$ 0.00;31/08/2026
07 - CIENCIAS DE LA SALUD;2.1.3 Transferencias Corrientes;204060009 - Especialización en Medicina Familiar;2.1.3.04.05.001;Membresías nacionales;31 - Posgrados;$ 0.00;$ 15,000,000.00;$ 0.00;$ 0.00;31/08/2026
07 - CIENCIAS DE LA SALUD;2.1.3 Transferencias Corrientes;204060009 - Especialización en Medicina Familiar;2.1.3.06.03;Beneficios educativos a la comunidad universitaria;31 - Posgrados;$ 0.00;$ 16,227,900.00;$ 16,227,900.00;$ 16,227,900.00;31/08/2026
07 - CIENCIAS DE LA SALUD;2.1.3 Transferencias Corrientes;204060010 - Maestría en Ciencias Forenses y Criminalística;2.1.3.06.03;Beneficios educativos a la comunidad universitaria;31 - Posgrados;$ 0.00;$ 260,000.00;$ 260,000.00;$ 260,000.00;31/08/2026
08 - CIENCIAS AGROPECUARIAS;2.1.2 Gastos de Funcionamiento;209060162 - Especialización en biotecnología reproductiva - Presencial - Aguazul;2.1.2.02.01.003;Otros bienes transportables (excepto productos metálicos, maquinaria y equipo);31 - Posgrados;$ 3,506,567.00;$ 3,506,567.00;$ 0.00;$ 0.00;31/08/2026
08 - CIENCIAS AGROPECUARIAS;2.1.2 Gastos de Funcionamiento;206060023 - Especialización en Sistemas de Información Geográfica - Tunja;2.1.2.02.01.004;Productos metálicos, maquinaria y equipo;31 - Posgrados;$ 59,564,164.00;$ 0.00;$ 0.00;$ 0.00;31/08/2026
08 - CIENCIAS AGROPECUARIAS;2.1.2 Gastos de Funcionamiento;206060024 - Especialización en Sistemas de Información Geográfica - Aguazul;2.1.2.02.01.004;Productos metálicos, maquinaria y equipo;31 - Posgrados;$ 16,736,333.00;$ 8,736,333.00;$ 0.00;$ 0.00;31/08/2026
08 - CIENCIAS AGROPECUARIAS;2.1.2 Gastos de Funcionamiento;206060019 - Especialización en Manejo de Riego y Fertirrigación;2.1.2.02.01.003;Otros bienes transportables (excepto productos metálicos, maquinaria y equipo);31 - Posgrados;$ 1,067,154.00;$ 0.00;$ 0.00;$ 0.00;31/08/2026
08 - CIENCIAS AGROPECUARIAS;2.1.2 Gastos de Funcionamiento;206060020 - Especialización en Laboratorio Clínico Veterinario;2.1.2.02.01.003;Otros bienes transportables (excepto productos metálicos, maquinaria y equipo);31 - Posgrados;$ 30,397,372.00;$ 15,397,372.00;$ 0.00;$ 0.00;31/08/2026
08 - CIENCIAS AGROPECUARIAS;2.1.2 Gastos de Funcionamiento;206060021 - Especialización en Biotecnología Reproductiva;2.1.2.02.01.004;Productos metálicos, maquinaria y equipo;31 - Posgrados;$ 4,126,955.00;$ 4,126,955.00;$ 0.00;$ 0.00;31/08/2026
08 - CIENCIAS AGROPECUARIAS;2.1.2 Gastos de Funcionamiento;206060009 - Maestría en Ciencias Agrarias;2.1.2.02.01.003;Otros bienes transportables (excepto productos metálicos, maquinaria y equipo);31 - Posgrados;$ 9,000,000.00;$ 0.00;$ 0.00;$ 0.00;31/08/2026
08 - CIENCIAS AGROPECUARIAS;2.1.2 Gastos de Funcionamiento;206060018 - Doctorado en Territorio y Desarrollo Rural;2.1.2.02.01.003;Otros bienes transportables (excepto productos metálicos, maquinaria y equipo);31 - Posgrados;$ 9,447,529.00;$ 6,486,283.87;$ 0.00;$ 0.00;31/08/2026
08 - CIENCIAS AGROPECUARIAS;2.1.2 Gastos de Funcionamiento;206090002 - CIECA - Centro de Gestión de Investigación y Extensión de la Facultad de Ciencias Agropecuarias;2.1.2.02.01.003;Otros bienes transportables (excepto productos metálicos, maquinaria y equipo);31 - Posgrados;$ 6,000,000.00;$ 6,000,000.00;$ 0.00;$ 0.00;31/08/2026
08 - CIENCIAS AGROPECUARIAS;2.1.2 Gastos de Funcionamiento;206090002 - CIECA - Centro de Gestión de Investigación y Extensión de la Facultad de Ciencias Agropecuarias;2.1.2.02.01.004;Productos metálicos, maquinaria y equipo;31 - Posgrados;$ 20,000,000.00;$ 20,000,000.00;$ 0.00;$ 0.00;31/08/2026
08 - CIENCIAS AGROPECUARIAS;2.1.2 Gastos de Funcionamiento;209060162 - Especialización en biotecnología reproductiva - Presencial - Aguazul;2.1.2.02.02.009.01;Cátedras posgrados;31 - Posgrados;$ 68,203,200.00;$ 68,203,200.00;$ 37,113,720.00;$ 37,113,720.00;31/08/2026
08 - CIENCIAS AGROPECUARIAS;2.1.2 Gastos de Funcionamiento;209060162 - Especialización en biotecnología reproductiva - Presencial - Aguazul;2.1.2.02.02.009.03;Parafiscales cátedras posgrados;31 - Posgrados;$ 9,718,956.00;$ 9,718,956.00;$ 0.00;$ 0.00;31/08/2026
08 - CIENCIAS AGROPECUARIAS;2.1.2 Gastos de Funcionamiento;206060023 - Especialización en Sistemas de Información Geográfica - Tunja;2.1.2.02.02.008;Servicios prestados a las empresas y servicios de producción ;31 - Posgrados;$ 120,000,000.00;$ 105,000,000.00;$ 102,786,480.00;$ 58,035,220.00;31/08/2026
08 - CIENCIAS AGROPECUARIAS;2.1.2 Gastos de Funcionamiento;206060023 - Especialización en Sistemas de Información Geográfica - Tunja;2.1.2.02.02.009.00;Servicios para la comunidad, sociales y personales;31 - Posgrados;$ 0.00;$ 30,000,000.00;$ 0.00;$ 0.00;31/08/2026
08 - CIENCIAS AGROPECUARIAS;2.1.2 Gastos de Funcionamiento;206060023 - Especialización en Sistemas de Información Geográfica - Tunja;2.1.2.02.02.009.01;Cátedras posgrados;31 - Posgrados;$ 81,843,840.00;$ 214,934,714.00;$ 75,862,512.00;$ 75,862,512.00;31/08/2026
08 - CIENCIAS AGROPECUARIAS;2.1.2 Gastos de Funcionamiento;206060023 - Especialización en Sistemas de Información Geográfica - Tunja;2.1.2.02.02.009.03;Parafiscales cátedras posgrados;31 - Posgrados;$ 11,662,747.00;$ 30,191,209.50;$ 0.00;$ 0.00;31/08/2026
08 - CIENCIAS AGROPECUARIAS;2.1.2 Gastos de Funcionamiento;206060023 - Especialización en Sistemas de Información Geográfica - Tunja;2.1.2.02.02.010;Viáticos de los funcionarios en comisión;31 - Posgrados;$ 0.00;$ 27,000,000.00;$ 0.00;$ 0.00;31/08/2026
08 - CIENCIAS AGROPECUARIAS;2.1.2 Gastos de Funcionamiento;206060024 - Especialización en Sistemas de Información Geográfica - Aguazul;2.1.2.02.02.006.00;"Comercio y distribución; alojamiento; servicios de suministro de comidas y bebidas; servicios de transporte; y servicios de distribución de electricidad, gas y agua";31 - Posgrados;$ 36,736,333.00;$ 36,736,333.00;$ 15,000,000.00;$ 8,351,237.00;31/08/2026
08 - CIENCIAS AGROPECUARIAS;2.1.2 Gastos de Funcionamiento;206060024 - Especialización en Sistemas de Información Geográfica - Aguazul;2.1.2.02.02.009.01;Cátedras posgrados;31 - Posgrados;$ 81,843,840.00;$ 86,249,512.88;$ 63,852,136.88;$ 63,852,136.88;31/08/2026
08 - CIENCIAS AGROPECUARIAS;2.1.2 Gastos de Funcionamiento;206060024 - Especialización en Sistemas de Información Geográfica - Aguazul;2.1.2.02.02.009.03;Parafiscales cátedras posgrados;31 - Posgrados;$ 11,662,747.00;$ 11,662,747.00;$ 0.00;$ 0.00;31/08/2026
08 - CIENCIAS AGROPECUARIAS;2.1.2 Gastos de Funcionamiento;206060024 - Especialización en Sistemas de Información Geográfica - Aguazul;2.1.2.02.02.010;Viáticos de los funcionarios en comisión;31 - Posgrados;$ 20,000,000.00;$ 23,594,327.12;$ 12,148,864.25;$ 12,148,864.25;31/08/2026
08 - CIENCIAS AGROPECUARIAS;2.1.2 Gastos de Funcionamiento;206060019 - Especialización en Manejo de Riego y Fertirrigación;2.1.2.02.02.009.01;Cátedras posgrados;31 - Posgrados;$ 81,843,840.00;$ 116,241,351.00;$ 62,006,760.00;$ 62,006,760.00;31/08/2026
08 - CIENCIAS AGROPECUARIAS;2.1.2 Gastos de Funcionamiento;206060019 - Especialización en Manejo de Riego y Fertirrigación;2.1.2.02.02.009.03;Parafiscales cátedras posgrados;31 - Posgrados;$ 11,662,747.00;$ 15,008,812.00;$ 0.00;$ 0.00;31/08/2026
08 - CIENCIAS AGROPECUARIAS;2.1.2 Gastos de Funcionamiento;206060020 - Especialización en Laboratorio Clínico Veterinario;2.1.2.02.02.008;Servicios prestados a las empresas y servicios de producción ;31 - Posgrados;$ 0.00;$ 15,000,000.00;$ 15,000,000.00;$ 11,345,000.00;31/08/2026
08 - CIENCIAS AGROPECUARIAS;2.1.2 Gastos de Funcionamiento;206060020 - Especialización en Laboratorio Clínico Veterinario;2.1.2.02.02.009.01;Cátedras posgrados;31 - Posgrados;$ 95,484,480.00;$ 95,484,480.00;$ 65,814,960.00;$ 65,814,960.00;31/08/2026
08 - CIENCIAS AGROPECUARIAS;2.1.2 Gastos de Funcionamiento;206060020 - Especialización en Laboratorio Clínico Veterinario;2.1.2.02.02.009.03;Parafiscales cátedras posgrados;31 - Posgrados;$ 13,606,538.00;$ 13,606,538.00;$ 0.00;$ 0.00;31/08/2026
08 - CIENCIAS AGROPECUARIAS;2.1.2 Gastos de Funcionamiento;206060021 - Especialización en Biotecnología Reproductiva;2.1.2.02.02.009.01;Cátedras posgrados;31 - Posgrados;$ 95,484,480.00;$ 95,484,480.00;$ 84,490,104.00;$ 84,490,104.00;31/08/2026
08 - CIENCIAS AGROPECUARIAS;2.1.2 Gastos de Funcionamiento;206060021 - Especialización en Biotecnología Reproductiva;2.1.2.02.02.009.03;Parafiscales cátedras posgrados;31 - Posgrados;$ 13,606,538.00;$ 13,606,538.00;$ 0.00;$ 0.00;31/08/2026
08 - CIENCIAS AGROPECUARIAS;2.1.2 Gastos de Funcionamiento;206060005 - Maestría en Desarrollo Rural;2.1.2.02.02.009.00;Servicios para la comunidad, sociales y personales;31 - Posgrados;$ 21,382,773.00;$ 15,848,073.00;$ 0.00;$ 0.00;31/08/2026
08 - CIENCIAS AGROPECUARIAS;2.1.2 Gastos de Funcionamiento;206060005 - Maestría en Desarrollo Rural;2.1.2.02.02.009.01;Cátedras posgrados;31 - Posgrados;$ 51,152,400.00;$ 56,402,400.00;$ 39,109,552.00;$ 39,109,552.00;31/08/2026
08 - CIENCIAS AGROPECUARIAS;2.1.2 Gastos de Funcionamiento;206060009 - Maestría en Ciencias Agrarias;2.1.2.02.02.009.00;Servicios para la comunidad, sociales y personales;31 - Posgrados;$ 10,851,344.00;$ 250,000.00;$ 0.00;$ 0.00;31/08/2026
08 - CIENCIAS AGROPECUARIAS;2.1.2 Gastos de Funcionamiento;206060009 - Maestría en Ciencias Agrarias;2.1.2.02.02.009.01;Cátedras posgrados;31 - Posgrados;$ 51,152,400.00;$ 91,019,237.17;$ 58,188,384.00;$ 58,188,384.00;31/08/2026
08 - CIENCIAS AGROPECUARIAS;2.1.2 Gastos de Funcionamiento;206060009 - Maestría en Ciencias Agrarias;2.1.2.02.02.009.03;Parafiscales cátedras posgrados;31 - Posgrados;$ 7,289,217.00;$ 3,644,608.50;$ 0.00;$ 0.00;31/08/2026
08 - CIENCIAS AGROPECUARIAS;2.1.2 Gastos de Funcionamiento;206060009 - Maestría en Ciencias Agrarias;2.1.2.02.02.010;Viáticos de los funcionarios en comisión;31 - Posgrados;$ 0.00;$ 4,500,000.00;$ 3,996,474.00;$ 0.00;31/08/2026
08 - CIENCIAS AGROPECUARIAS;2.1.2 Gastos de Funcionamiento;206060011 - Maestría en Ciencias Veterinarias;2.1.2.02.02.009.01;Cátedras posgrados;31 - Posgrados;$ 63,940,500.00;$ 63,940,500.00;$ 41,006,634.00;$ 41,006,634.00;31/08/2026
08 - CIENCIAS AGROPECUARIAS;2.1.2 Gastos de Funcionamiento;206060011 - Maestría en Ciencias Veterinarias;2.1.2.02.02.009.03;Parafiscales cátedras posgrados;31 - Posgrados;$ 9,111,522.00;$ 9,111,522.00;$ 0.00;$ 0.00;31/08/2026
08 - CIENCIAS AGROPECUARIAS;2.1.2 Gastos de Funcionamiento;206060011 - Maestría en Ciencias Veterinarias;2.1.2.02.02.010;Viáticos de los funcionarios en comisión;31 - Posgrados;$ 3,710,738.00;$ 3,710,738.00;$ 1,517,810.00;$ 1,517,810.00;31/08/2026
08 - CIENCIAS AGROPECUARIAS;2.1.2 Gastos de Funcionamiento;206060018 - Doctorado en Territorio y Desarrollo Rural;2.1.2.02.02.006.00;"Comercio y distribución; alojamiento; servicios de suministro de comidas y bebidas; servicios de transporte; y servicios de distribución de electricidad, gas y agua";31 - Posgrados;$ 20,000,000.00;$ 10,000,000.00;$ 0.00;$ 0.00;31/08/2026
08 - CIENCIAS AGROPECUARIAS;2.1.2 Gastos de Funcionamiento;206060018 - Doctorado en Territorio y Desarrollo Rural;2.1.2.02.02.009.00;Servicios para la comunidad, sociales y personales;31 - Posgrados;$ 43,877,392.00;$ 31,729,942.81;$ 16,205,440.00;$ 16,201,428.00;31/08/2026
08 - CIENCIAS AGROPECUARIAS;2.1.2 Gastos de Funcionamiento;206060018 - Doctorado en Territorio y Desarrollo Rural;2.1.2.02.02.009.01;Cátedras posgrados;31 - Posgrados;$ 21,142,992.00;$ 46,251,686.32;$ 27,267,781.12;$ 27,267,781.12;31/08/2026
08 - CIENCIAS AGROPECUARIAS;2.1.2 Gastos de Funcionamiento;206090002 - CIECA - Centro de Gestión de Investigación y Extensión de la Facultad de Ciencias Agropecuarias;2.1.2.02.02.006.00;"Comercio y distribución; alojamiento; servicios de suministro de comidas y bebidas; servicios de transporte; y servicios de distribución de electricidad, gas y agua";31 - Posgrados;$ 0.00;$ 25,000,000.00;$ 0.00;$ 0.00;31/08/2026
08 - CIENCIAS AGROPECUARIAS;2.1.2 Gastos de Funcionamiento;206090002 - CIECA - Centro de Gestión de Investigación y Extensión de la Facultad de Ciencias Agropecuarias;2.1.2.02.02.008;Servicios prestados a las empresas y servicios de producción ;31 - Posgrados;$ 75,249,326.00;$ 36,607,536.00;$ 0.00;$ 0.00;31/08/2026
08 - CIENCIAS AGROPECUARIAS;2.1.2 Gastos de Funcionamiento;206090002 - CIECA - Centro de Gestión de Investigación y Extensión de la Facultad de Ciencias Agropecuarias;2.1.2.02.02.009.00;Servicios para la comunidad, sociales y personales;31 - Posgrados;$ 0.00;$ 1,490,000.00;$ 0.00;$ 0.00;31/08/2026
08 - CIENCIAS AGROPECUARIAS;2.1.2 Gastos de Funcionamiento;206090002 - CIECA - Centro de Gestión de Investigación y Extensión de la Facultad de Ciencias Agropecuarias;2.1.2.02.02.010;Viáticos de los funcionarios en comisión;31 - Posgrados;$ 8,000,000.00;$ 20,151,790.00;$ 7,804,302.36;$ 7,804,302.36;31/08/2026
08 - CIENCIAS AGROPECUARIAS;2.1.3 Transferencias Corrientes;206060005 - Maestría en Desarrollo Rural;2.1.3.06.03;Beneficios educativos a la comunidad universitaria;31 - Posgrados;$ 0.00;$ 284,700.00;$ 284,700.00;$ 284,700.00;31/08/2026
09 - INGENIERIA;2.1.2 Gastos de Funcionamiento;210060053 - Especialización en Ingeniería Ferroviaria;2.1.2.02.01.003;Otros bienes transportables (excepto productos metálicos, maquinaria y equipo);31 - Posgrados;$ 12,949,508.00;$ 12,949,508.00;$ 0.00;$ 0.00;31/08/2026
09 - INGENIERIA;2.1.2 Gastos de Funcionamiento;210060053 - Especialización en Ingeniería Ferroviaria;2.1.2.02.01.004;Productos metálicos, maquinaria y equipo;31 - Posgrados;$ 66,980,213.00;$ 7,709,713.00;$ 0.00;$ 0.00;31/08/2026
09 - INGENIERIA;2.1.2 Gastos de Funcionamiento;210060038 - Especialización en Ingeniería de los Recursos Hídricos;2.1.2.02.01.004;Productos metálicos, maquinaria y equipo;31 - Posgrados;$ 0.00;$ 15,536,903.52;$ 0.00;$ 0.00;31/08/2026
09 - INGENIERIA;2.1.2 Gastos de Funcionamiento;210060039 - Especialización en Programación para Ciencia de Datos;2.1.2.02.01.004;Productos metálicos, maquinaria y equipo;31 - Posgrados;$ 0.00;$ 21,723,940.58;$ 0.00;$ 0.00;31/08/2026
09 - INGENIERIA;2.1.2 Gastos de Funcionamiento;210060013 - Especialización en Estructuras;2.1.2.02.01.004;Productos metálicos, maquinaria y equipo;31 - Posgrados;$ 82,728,902.89;$ 67,728,902.89;$ 0.00;$ 0.00;31/08/2026
09 - INGENIERIA;2.1.2 Gastos de Funcionamiento;210060015 - Especialización en Infraestructura Vial;2.1.2.02.01.003;Otros bienes transportables (excepto productos metálicos, maquinaria y equipo);31 - Posgrados;$ 23,730,935.00;$ 23,730,935.00;$ 0.00;$ 0.00;31/08/2026
09 - INGENIERIA;2.1.2 Gastos de Funcionamiento;210060015 - Especialización en Infraestructura Vial;2.1.2.02.01.004;Productos metálicos, maquinaria y equipo;31 - Posgrados;$ 71,192,805.00;$ 56,892,805.00;$ 0.00;$ 0.00;31/08/2026
09 - INGENIERIA;2.1.2 Gastos de Funcionamiento;210060016 - Especialización en Bases de Datos;2.1.2.02.01.004;Productos metálicos, maquinaria y equipo;31 - Posgrados;$ 66,481,231.00;$ 51,481,231.00;$ 0.00;$ 0.00;31/08/2026
09 - INGENIERIA;2.1.2 Gastos de Funcionamiento;210060019 - Especialización en Tránsito y Transporte - Tunja;2.1.2.02.01.004;Productos metálicos, maquinaria y equipo;31 - Posgrados;$ 45,920,051.00;$ 41,000,045.42;$ 0.00;$ 0.00;31/08/2026
09 - INGENIERIA;2.1.2 Gastos de Funcionamiento;210060026 - Especialización en gestión de Integridad y Corrosión, modalidad Virtual;2.1.2.02.01.003;Otros bienes transportables (excepto productos metálicos, maquinaria y equipo);31 - Posgrados;$ 53,544,708.00;$ 53,544,708.00;$ 0.00;$ 0.00;31/08/2026
09 - INGENIERIA;2.1.2 Gastos de Funcionamiento;210060026 - Especialización en gestión de Integridad y Corrosión, modalidad Virtual;2.1.2.02.01.004;Productos metálicos, maquinaria y equipo;31 - Posgrados;$ 286,187,232.00;$ 213,466,882.00;$ 0.00;$ 0.00;31/08/2026
09 - INGENIERIA;2.1.2 Gastos de Funcionamiento;210060029 - Especialización en Gerencia de Proyectos de Construcción - Presencial;2.1.2.02.01.004;Productos metálicos, maquinaria y equipo;31 - Posgrados;$ 53,461,058.00;$ 17,850,625.99;$ 0.00;$ 0.00;31/08/2026
09 - INGENIERIA;2.1.2 Gastos de Funcionamiento;210060030 - Especialización en Geotecnia;2.1.2.02.01.003;Otros bienes transportables (excepto productos metálicos, maquinaria y equipo);31 - Posgrados;$ 16,860,317.00;$ 16,860,317.00;$ 0.00;$ 0.00;31/08/2026
09 - INGENIERIA;2.1.2 Gastos de Funcionamiento;210060030 - Especialización en Geotecnia;2.1.2.02.01.004;Productos metálicos, maquinaria y equipo;31 - Posgrados;$ 63,226,187.00;$ 35,528,637.00;$ 0.00;$ 0.00;31/08/2026
09 - INGENIERIA;2.1.2 Gastos de Funcionamiento;210060031 - Especialización en Tránsito y Transporte - Bogotá;2.1.2.02.01.003;Otros bienes transportables (excepto productos metálicos, maquinaria y equipo);31 - Posgrados;$ 25,786,970.00;$ 25,786,970.00;$ 0.00;$ 0.00;31/08/2026
09 - INGENIERIA;2.1.2 Gastos de Funcionamiento;210060031 - Especialización en Tránsito y Transporte - Bogotá;2.1.2.02.01.004;Productos metálicos, maquinaria y equipo;31 - Posgrados;$ 77,360,910.00;$ 61,360,910.00;$ 0.00;$ 0.00;31/08/2026
09 - INGENIERIA;2.1.2 Gastos de Funcionamiento;210060034 - Especialización en Gestión Avanzada del Riesgo de Desastres;2.1.2.02.01.004;Productos metálicos, maquinaria y equipo;31 - Posgrados;$ 31,613,094.00;$ 31,613,094.00;$ 0.00;$ 0.00;31/08/2026
09 - INGENIERIA;2.1.2 Gastos de Funcionamiento;210060036 - Especialización en Gerencia de Proyectos de Construcción en modalidad virtual;2.1.2.02.01.004;Productos metálicos, maquinaria y equipo;31 - Posgrados;$ 171,789,814.00;$ 100,000,000.00;$ 88,378,920.00;$ 0.00;31/08/2026
09 - INGENIERIA;2.1.2 Gastos de Funcionamiento;210060011 - Maestría en Metalurgia y Ciencias de los Materiales;2.1.2.02.01.004;Productos metálicos, maquinaria y equipo;31 - Posgrados;$ 19,587,775.00;$ 19,587,775.00;$ 0.00;$ 0.00;31/08/2026
09 - INGENIERIA;2.1.2 Gastos de Funcionamiento;210060012 - Maestría en Ingeniería con Énfasis en Transporte, Tránsito e Infraestructura Vial;2.1.2.02.01.004;Productos metálicos, maquinaria y equipo;31 - Posgrados;$ 42,781,696.00;$ 42,781,696.00;$ 0.00;$ 0.00;31/08/2026
09 - INGENIERIA;2.1.2 Gastos de Funcionamiento;210060017 - Maestría en Geotecnia;2.1.2.02.01.004;Productos metálicos, maquinaria y equipo;31 - Posgrados;$ 32,358,458.00;$ 31,817,579.04;$ 0.00;$ 0.00;31/08/2026
09 - INGENIERIA;2.1.2 Gastos de Funcionamiento;210060033 - Maestría en Gestión de Integridad y Corrosión - Virtual - Tunja;2.1.2.02.01.003;Otros bienes transportables (excepto productos metálicos, maquinaria y equipo);31 - Posgrados;$ 8,863,395.00;$ 8,863,395.00;$ 0.00;$ 0.00;31/08/2026
09 - INGENIERIA;2.1.2 Gastos de Funcionamiento;210060018 - Doctorado en Ingeniería y Ciencia de los Materiales;2.1.2.02.01.004;Productos metálicos, maquinaria y equipo;31 - Posgrados;$ 32,698,108.00;$ 25,648,108.00;$ 0.00;$ 0.00;31/08/2026
09 - INGENIERIA;2.1.2 Gastos de Funcionamiento;210090002 - CEDEC - Centro de Gestión de Investigación y Extensión de la Facultad de Ingeniería;2.1.2.02.01.004;Productos metálicos, maquinaria y equipo;31 - Posgrados;$ 301,719,503.00;$ 235,015,005.25;$ 0.00;$ 0.00;31/08/2026
09 - INGENIERIA;2.1.2 Gastos de Funcionamiento;210060053 - Especialización en Ingeniería Ferroviaria;2.1.2.02.02.006.00;"Comercio y distribución; alojamiento; servicios de suministro de comidas y bebidas; servicios de transporte; y servicios de distribución de electricidad, gas y agua";31 - Posgrados;$ 9,377,230.00;$ 9,377,230.00;$ 9,377,230.00;$ 4,845,770.00;31/08/2026
09 - INGENIERIA;2.1.2 Gastos de Funcionamiento;210060053 - Especialización en Ingeniería Ferroviaria;2.1.2.02.02.008;Servicios prestados a las empresas y servicios de producción ;31 - Posgrados;$ 38,274,407.00;$ 154,221,206.01;$ 138,948,180.00;$ 49,780,800.00;31/08/2026
09 - INGENIERIA;2.1.2 Gastos de Funcionamiento;210060053 - Especialización en Ingeniería Ferroviaria;2.1.2.02.02.009.01;Cátedras posgrados;31 - Posgrados;$ 227,395,584.00;$ 227,395,584.00;$ 112,653,288.00;$ 112,653,288.00;31/08/2026
09 - INGENIERIA;2.1.2 Gastos de Funcionamiento;210060053 - Especialización en Ingeniería Ferroviaria;2.1.2.02.02.009.03;Parafiscales cátedras posgrados;31 - Posgrados;$ 54,574,940.00;$ 54,574,940.00;$ 0.00;$ 0.00;31/08/2026
09 - INGENIERIA;2.1.2 Gastos de Funcionamiento;210060054 - Especialización en Metalurgia Extractiva Sostenible - Virtual;2.1.2.02.02.008;Servicios prestados a las empresas y servicios de producción ;31 - Posgrados;$ 0.00;$ 0.00;$ 0.00;$ 0.00;31/08/2026
09 - INGENIERIA;2.1.2 Gastos de Funcionamiento;210060054 - Especialización en Metalurgia Extractiva Sostenible - Virtual;2.1.2.02.02.009.00;Servicios para la comunidad, sociales y personales;31 - Posgrados;$ 0.00;$ 10,760,727.12;$ 9,638,784.00;$ 0.00;31/08/2026
09 - INGENIERIA;2.1.2 Gastos de Funcionamiento;210060054 - Especialización en Metalurgia Extractiva Sostenible - Virtual;2.1.2.02.02.009.01;Cátedras posgrados;31 - Posgrados;$ 0.00;$ 58,846,264.00;$ 40,060,600.00;$ 40,060,600.00;31/08/2026
09 - INGENIERIA;2.1.2 Gastos de Funcionamiento;210060054 - Especialización en Metalurgia Extractiva Sostenible - Virtual;2.1.2.02.02.009.03;Parafiscales cátedras posgrados;31 - Posgrados;$ 0.00;$ 6,821,867.52;$ 0.00;$ 0.00;31/08/2026
09 - INGENIERIA;2.1.2 Gastos de Funcionamiento;210060038 - Especialización en Ingeniería de los Recursos Hídricos;2.1.2.02.02.008;Servicios prestados a las empresas y servicios de producción ;31 - Posgrados;$ 0.00;$ 1,500,000.00;$ 0.00;$ 0.00;31/08/2026
09 - INGENIERIA;2.1.2 Gastos de Funcionamiento;210060038 - Especialización en Ingeniería de los Recursos Hídricos;2.1.2.02.02.009.01;Cátedras posgrados;31 - Posgrados;$ 0.00;$ 61,859,576.00;$ 46,086,032.00;$ 46,086,032.00;31/08/2026
09 - INGENIERIA;2.1.2 Gastos de Funcionamiento;210060038 - Especialización en Ingeniería de los Recursos Hídricos;2.1.2.02.02.009.03;Parafiscales cátedras posgrados;31 - Posgrados;$ 0.00;$ 6,821,867.52;$ 0.00;$ 0.00;31/08/2026
09 - INGENIERIA;2.1.2 Gastos de Funcionamiento;210060039 - Especialización en Programación para Ciencia de Datos;2.1.2.02.02.009.01;Cátedras posgrados;31 - Posgrados;$ 0.00;$ 65,657,064.00;$ 51,088,368.00;$ 51,088,368.00;31/08/2026
09 - INGENIERIA;2.1.2 Gastos de Funcionamiento;210060039 - Especialización en Programación para Ciencia de Datos;2.1.2.02.02.009.03;Parafiscales cátedras posgrados;31 - Posgrados;$ 0.00;$ 6,821,867.52;$ 0.00;$ 0.00;31/08/2026
09 - INGENIERIA;2.1.2 Gastos de Funcionamiento;212060042 - Especialización en Gestión de Activos y de Mantenimiento;2.1.2.02.02.008;Servicios prestados a las empresas y servicios de producción ;31 - Posgrados;$ 0.00;$ 0.00;$ 0.00;$ 0.00;31/08/2026
09 - INGENIERIA;2.1.2 Gastos de Funcionamiento;212060042 - Especialización en Gestión de Activos y de Mantenimiento;2.1.2.02.02.009.01;Cátedras posgrados;31 - Posgrados;$ 0.00;$ 0.00;$ 0.00;$ 0.00;31/08/2026
09 - INGENIERIA;2.1.2 Gastos de Funcionamiento;212060042 - Especialización en Gestión de Activos y de Mantenimiento;2.1.2.02.02.010;Viáticos de los funcionarios en comisión;31 - Posgrados;$ 0.00;$ 0.00;$ 0.00;$ 0.00;31/08/2026
09 - INGENIERIA;2.1.2 Gastos de Funcionamiento;210060013 - Especialización en Estructuras;2.1.2.02.02.008;Servicios prestados a las empresas y servicios de producción ;31 - Posgrados;$ 44,698,697.00;$ 59,698,697.00;$ 58,912,800.00;$ 27,933,420.00;31/08/2026
09 - INGENIERIA;2.1.2 Gastos de Funcionamiento;210060013 - Especialización en Estructuras;2.1.2.02.02.009.01;Cátedras posgrados;31 - Posgrados;$ 113,697,792.00;$ 113,697,792.00;$ 74,921,616.00;$ 74,921,616.00;31/08/2026
09 - INGENIERIA;2.1.2 Gastos de Funcionamiento;210060013 - Especialización en Estructuras;2.1.2.02.02.009.03;Parafiscales cátedras posgrados;31 - Posgrados;$ 27,287,470.00;$ 27,287,470.00;$ 0.00;$ 0.00;31/08/2026
09 - INGENIERIA;2.1.2 Gastos de Funcionamiento;210060013 - Especialización en Estructuras;2.1.2.02.02.010;Viáticos de los funcionarios en comisión;31 - Posgrados;$ 4,621,726.11;$ 4,621,726.11;$ 1,045,215.00;$ 1,045,215.00;31/08/2026
09 - INGENIERIA;2.1.2 Gastos de Funcionamiento;210060015 - Especialización en Infraestructura Vial;2.1.2.02.02.008;Servicios prestados a las empresas y servicios de producción ;31 - Posgrados;$ 40,681,603.00;$ 54,981,603.00;$ 54,891,000.00;$ 40,253,400.00;31/08/2026
09 - INGENIERIA;2.1.2 Gastos de Funcionamiento;210060015 - Especialización en Infraestructura Vial;2.1.2.02.02.009.01;Cátedras posgrados;31 - Posgrados;$ 66,323,712.00;$ 66,323,712.00;$ 43,704,276.00;$ 43,704,276.00;31/08/2026
09 - INGENIERIA;2.1.2 Gastos de Funcionamiento;210060015 - Especialización en Infraestructura Vial;2.1.2.02.02.009.03;Parafiscales cátedras posgrados;31 - Posgrados;$ 15,917,691.00;$ 15,917,691.00;$ 0.00;$ 0.00;31/08/2026
09 - INGENIERIA;2.1.2 Gastos de Funcionamiento;210060016 - Especialización en Bases de Datos;2.1.2.02.02.008;Servicios prestados a las empresas y servicios de producción ;31 - Posgrados;$ 28,491,956.00;$ 43,491,956.00;$ 41,956,400.00;$ 21,956,400.00;31/08/2026
09 - INGENIERIA;2.1.2 Gastos de Funcionamiento;210060016 - Especialización en Bases de Datos;2.1.2.02.02.009.01;Cátedras posgrados;31 - Posgrados;$ 63,955,008.00;$ 63,955,008.00;$ 41,013,864.00;$ 41,013,864.00;31/08/2026
09 - INGENIERIA;2.1.2 Gastos de Funcionamiento;210060016 - Especialización en Bases de Datos;2.1.2.02.02.009.03;Parafiscales cátedras posgrados;31 - Posgrados;$ 15,349,202.00;$ 15,349,202.00;$ 0.00;$ 0.00;31/08/2026
09 - INGENIERIA;2.1.2 Gastos de Funcionamiento;210060019 - Especialización en Tránsito y Transporte - Tunja;2.1.2.02.02.008;Servicios prestados a las empresas y servicios de producción ;31 - Posgrados;$ 24,600,027.00;$ 37,520,032.58;$ 36,594,000.00;$ 18,297,000.00;31/08/2026
09 - INGENIERIA;2.1.2 Gastos de Funcionamiento;210060019 - Especialización en Tránsito y Transporte - Tunja;2.1.2.02.02.009.01;Cátedras posgrados;31 - Posgrados;$ 56,848,896.00;$ 56,848,896.00;$ 22,892,112.00;$ 22,892,112.00;31/08/2026
09 - INGENIERIA;2.1.2 Gastos de Funcionamiento;210060019 - Especialización en Tránsito y Transporte - Tunja;2.1.2.02.02.009.03;Parafiscales cátedras posgrados;31 - Posgrados;$ 13,643,735.00;$ 13,643,735.00;$ 0.00;$ 0.00;31/08/2026
09 - INGENIERIA;2.1.2 Gastos de Funcionamiento;210060019 - Especialización en Tránsito y Transporte - Tunja;2.1.2.02.02.010;Viáticos de los funcionarios en comisión;31 - Posgrados;$ 11,480,013.00;$ 3,480,013.00;$ 749,758.00;$ 749,758.00;31/08/2026
09 - INGENIERIA;2.1.2 Gastos de Funcionamiento;210060026 - Especialización en gestión de Integridad y Corrosión, modalidad Virtual;2.1.2.02.02.008;Servicios prestados a las empresas y servicios de producción ;31 - Posgrados;$ 158,260,220.00;$ 231,260,220.00;$ 228,097,880.00;$ 140,033,040.00;31/08/2026
09 - INGENIERIA;2.1.2 Gastos de Funcionamiento;210060026 - Especialización en gestión de Integridad y Corrosión, modalidad Virtual;2.1.2.02.02.009.00;Servicios para la comunidad, sociales y personales;31 - Posgrados;$ 11,078,215.00;$ 6,078,215.00;$ 0.00;$ 0.00;31/08/2026
09 - INGENIERIA;2.1.2 Gastos de Funcionamiento;210060026 - Especialización en gestión de Integridad y Corrosión, modalidad Virtual;2.1.2.02.02.009.01;Cátedras posgrados;31 - Posgrados;$ 80,535,936.00;$ 80,535,936.00;$ 37,350,288.00;$ 37,350,288.00;31/08/2026
09 - INGENIERIA;2.1.2 Gastos de Funcionamiento;210060026 - Especialización en gestión de Integridad y Corrosión, modalidad Virtual;2.1.2.02.02.009.03;Parafiscales cátedras posgrados;31 - Posgrados;$ 19,328,625.00;$ 19,328,625.00;$ 0.00;$ 0.00;31/08/2026
09 - INGENIERIA;2.1.2 Gastos de Funcionamiento;210060026 - Especialización en gestión de Integridad y Corrosión, modalidad Virtual;2.1.2.02.02.010;Viáticos de los funcionarios en comisión;31 - Posgrados;$ 18,463,692.00;$ 18,463,692.00;$ 2,707,905.00;$ 2,707,905.00;31/08/2026
09 - INGENIERIA;2.1.2 Gastos de Funcionamiento;210060029 - Especialización en Gerencia de Proyectos de Construcción - Presencial;2.1.2.02.02.008;Servicios prestados a las empresas y servicios de producción ;31 - Posgrados;$ 40,884,980.00;$ 76,495,412.01;$ 66,844,000.00;$ 36,594,000.00;31/08/2026
09 - INGENIERIA;2.1.2 Gastos de Funcionamiento;210060029 - Especialización en Gerencia de Proyectos de Construcción - Presencial;2.1.2.02.02.009.00;Servicios para la comunidad, sociales y personales;31 - Posgrados;$ 7,484,547.00;$ 7,484,547.00;$ 5,500,000.00;$ 5,500,000.00;31/08/2026
09 - INGENIERIA;2.1.2 Gastos de Funcionamiento;210060029 - Especialización en Gerencia de Proyectos de Construcción - Presencial;2.1.2.02.02.009.01;Cátedras posgrados;31 - Posgrados;$ 198,971,136.00;$ 198,971,136.00;$ 116,870,256.00;$ 116,870,256.00;31/08/2026
09 - INGENIERIA;2.1.2 Gastos de Funcionamiento;210060029 - Especialización en Gerencia de Proyectos de Construcción - Presencial;2.1.2.02.02.009.03;Parafiscales cátedras posgrados;31 - Posgrados;$ 47,753,073.00;$ 47,753,073.00;$ 0.00;$ 0.00;31/08/2026
09 - INGENIERIA;2.1.2 Gastos de Funcionamiento;210060030 - Especialización en Geotecnia;2.1.2.02.02.008;Servicios prestados a las empresas y servicios de producción ;31 - Posgrados;$ 40,344,329.00;$ 63,344,329.00;$ 46,275,041.00;$ 22,978,041.00;31/08/2026
09 - INGENIERIA;2.1.2 Gastos de Funcionamiento;210060030 - Especialización en Geotecnia;2.1.2.02.02.009.01;Cátedras posgrados;31 - Posgrados;$ 113,697,792.00;$ 113,697,792.00;$ 69,499,800.00;$ 69,499,800.00;31/08/2026
09 - INGENIERIA;2.1.2 Gastos de Funcionamiento;210060030 - Especialización en Geotecnia;2.1.2.02.02.009.03;Parafiscales cátedras posgrados;31 - Posgrados;$ 27,287,470.00;$ 27,287,470.00;$ 0.00;$ 0.00;31/08/2026
09 - INGENIERIA;2.1.2 Gastos de Funcionamiento;210060031 - Especialización en Tránsito y Transporte - Bogotá;2.1.2.02.02.008;Servicios prestados a las empresas y servicios de producción ;31 - Posgrados;$ 44,206,235.00;$ 60,206,235.00;$ 58,550,400.00;$ 24,274,020.00;31/08/2026
09 - INGENIERIA;2.1.2 Gastos de Funcionamiento;210060031 - Especialización en Tránsito y Transporte - Bogotá;2.1.2.02.02.009.01;Cátedras posgrados;31 - Posgrados;$ 56,848,896.00;$ 56,848,896.00;$ 37,460,808.00;$ 37,460,808.00;31/08/2026
09 - INGENIERIA;2.1.2 Gastos de Funcionamiento;210060031 - Especialización en Tránsito y Transporte - Bogotá;2.1.2.02.02.009.03;Parafiscales cátedras posgrados;31 - Posgrados;$ 13,643,735.00;$ 13,643,735.00;$ 0.00;$ 0.00;31/08/2026
09 - INGENIERIA;2.1.2 Gastos de Funcionamiento;210060034 - Especialización en Gestión Avanzada del Riesgo de Desastres;2.1.2.02.02.006.00;"Comercio y distribución; alojamiento; servicios de suministro de comidas y bebidas; servicios de transporte; y servicios de distribución de electricidad, gas y agua";31 - Posgrados;$ 4,425,833.00;$ 4,425,833.00;$ 4,425,833.00;$ 3,239,404.00;31/08/2026
09 - INGENIERIA;2.1.2 Gastos de Funcionamiento;210060034 - Especialización en Gestión Avanzada del Riesgo de Desastres;2.1.2.02.02.008;Servicios prestados a las empresas y servicios de producción ;31 - Posgrados;$ 18,064,625.00;$ 18,064,625.00;$ 18,053,040.00;$ 18,053,040.00;31/08/2026
09 - INGENIERIA;2.1.2 Gastos de Funcionamiento;210060034 - Especialización en Gestión Avanzada del Riesgo de Desastres;2.1.2.02.02.009.01;Cátedras posgrados;31 - Posgrados;$ 56,848,896.00;$ 56,848,896.00;$ 39,870,504.00;$ 39,870,504.00;31/08/2026
09 - INGENIERIA;2.1.2 Gastos de Funcionamiento;210060034 - Especialización en Gestión Avanzada del Riesgo de Desastres;2.1.2.02.02.009.03;Parafiscales cátedras posgrados;31 - Posgrados;$ 13,643,735.00;$ 13,643,735.00;$ 0.00;$ 0.00;31/08/2026
09 - INGENIERIA;2.1.2 Gastos de Funcionamiento;210060034 - Especialización en Gestión Avanzada del Riesgo de Desastres;2.1.2.02.02.010;Viáticos de los funcionarios en comisión;31 - Posgrados;$ 6,111,865.00;$ 1,548,865.00;$ 0.00;$ 0.00;31/08/2026
09 - INGENIERIA;2.1.2 Gastos de Funcionamiento;210060036 - Especialización en Gerencia de Proyectos de Construcción en modalidad virtual;2.1.2.02.02.006.00;"Comercio y distribución; alojamiento; servicios de suministro de comidas y bebidas; servicios de transporte; y servicios de distribución de electricidad, gas y agua";31 - Posgrados;$ 8,939,025.00;$ 8,939,025.00;$ 8,939,025.00;$ 8,110,286.00;31/08/2026
09 - INGENIERIA;2.1.2 Gastos de Funcionamiento;210060036 - Especialización en Gerencia de Proyectos de Construcción en modalidad virtual;2.1.2.02.02.008;Servicios prestados a las empresas y servicios de producción ;31 - Posgrados;$ 108,165,608.00;$ 119,346,075.16;$ 118,442,580.00;$ 70,504,440.00;31/08/2026
09 - INGENIERIA;2.1.2 Gastos de Funcionamiento;210060036 - Especialización en Gerencia de Proyectos de Construcción en modalidad virtual;2.1.2.02.02.009.00;Servicios para la comunidad, sociales y personales;31 - Posgrados;$ 26,871,592.00;$ 76,871,592.00;$ 76,848,016.45;$ 76,848,016.45;31/08/2026
09 - INGENIERIA;2.1.2 Gastos de Funcionamiento;210060036 - Especialización en Gerencia de Proyectos de Construcción en modalidad virtual;2.1.2.02.02.009.01;Cátedras posgrados;31 - Posgrados;$ 284,244,480.00;$ 284,244,480.00;$ 170,436,168.00;$ 170,436,168.00;31/08/2026
09 - INGENIERIA;2.1.2 Gastos de Funcionamiento;210060036 - Especialización en Gerencia de Proyectos de Construcción en modalidad virtual;2.1.2.02.02.009.03;Parafiscales cátedras posgrados;31 - Posgrados;$ 68,218,675.00;$ 61,828,021.84;$ 0.00;$ 0.00;31/08/2026
09 - INGENIERIA;2.1.2 Gastos de Funcionamiento;210060036 - Especialización en Gerencia de Proyectos de Construcción en modalidad virtual;2.1.2.02.02.010;Viáticos de los funcionarios en comisión;31 - Posgrados;$ 11,452,654.00;$ 28,452,654.00;$ 27,601,177.49;$ 27,601,177.49;31/08/2026
09 - INGENIERIA;2.1.2 Gastos de Funcionamiento;210060042 - Maestría en Ingeniería Civil - Híbrida;2.1.2.02.02.009.01;Cátedras posgrados;31 - Posgrados;$ 0.00;$ 10,938,182.70;$ 4,518,192.00;$ 4,518,192.00;31/08/2026
09 - INGENIERIA;2.1.2 Gastos de Funcionamiento;210060011 - Maestría en Metalurgia y Ciencias de los Materiales;2.1.2.02.02.006.00;"Comercio y distribución; alojamiento; servicios de suministro de comidas y bebidas; servicios de transporte; y servicios de distribución de electricidad, gas y agua";31 - Posgrados;$ 6,529,259.00;$ 6,529,259.00;$ 6,529,258.55;$ 6,529,258.00;31/08/2026
09 - INGENIERIA;2.1.2 Gastos de Funcionamiento;210060011 - Maestría en Metalurgia y Ciencias de los Materiales;2.1.2.02.02.008;Servicios prestados a las empresas y servicios de producción ;31 - Posgrados;$ 11,193,015.00;$ 11,193,015.00;$ 10,978,200.00;$ 0.00;31/08/2026
09 - INGENIERIA;2.1.2 Gastos de Funcionamiento;210060011 - Maestría en Metalurgia y Ciencias de los Materiales;2.1.2.02.02.009.01;Cátedras posgrados;31 - Posgrados;$ 23,687,040.00;$ 23,687,040.00;$ 0.00;$ 0.00;31/08/2026
09 - INGENIERIA;2.1.2 Gastos de Funcionamiento;210060012 - Maestría en Ingeniería con Énfasis en Transporte, Tránsito e Infraestructura Vial;2.1.2.02.02.008;Servicios prestados a las empresas y servicios de producción ;31 - Posgrados;$ 22,918,766.00;$ 22,918,766.00;$ 18,297,000.00;$ 18,297,000.00;31/08/2026
09 - INGENIERIA;2.1.2 Gastos de Funcionamiento;210060012 - Maestría en Ingeniería con Énfasis en Transporte, Tránsito e Infraestructura Vial;2.1.2.02.02.009.00;Servicios para la comunidad, sociales y personales;31 - Posgrados;$ 10,695,424.00;$ 9,895,424.00;$ 7,900,000.00;$ 0.00;31/08/2026
09 - INGENIERIA;2.1.2 Gastos de Funcionamiento;210060012 - Maestría en Ingeniería con Énfasis en Transporte, Tránsito e Infraestructura Vial;2.1.2.02.02.009.01;Cátedras posgrados;31 - Posgrados;$ 94,748,160.00;$ 94,748,160.00;$ 44,504,835.50;$ 44,504,835.50;31/08/2026
09 - INGENIERIA;2.1.2 Gastos de Funcionamiento;210060012 - Maestría en Ingeniería con Énfasis en Transporte, Tránsito e Infraestructura Vial;2.1.2.02.02.009.03;Parafiscales cátedras posgrados;31 - Posgrados;$ 22,739,558.00;$ 22,739,558.00;$ 0.00;$ 0.00;31/08/2026
09 - INGENIERIA;2.1.2 Gastos de Funcionamiento;210060017 - Maestría en Geotecnia;2.1.2.02.02.006.00;"Comercio y distribución; alojamiento; servicios de suministro de comidas y bebidas; servicios de transporte; y servicios de distribución de electricidad, gas y agua";31 - Posgrados;$ 4,530,185.00;$ 4,530,185.00;$ 4,530,184.15;$ 3,411,660.00;31/08/2026
09 - INGENIERIA;2.1.2 Gastos de Funcionamiento;210060017 - Maestría en Geotecnia;2.1.2.02.02.008;Servicios prestados a las empresas y servicios de producción ;31 - Posgrados;$ 18,490,548.00;$ 25,287,394.96;$ 24,480,340.48;$ 24,609,342.48;31/08/2026
09 - INGENIERIA;2.1.2 Gastos de Funcionamiento;210060017 - Maestría en Geotecnia;2.1.2.02.02.009.00;Servicios para la comunidad, sociales y personales;31 - Posgrados;$ 6,255,968.00;$ 0.00;$ 0.00;$ 0.00;31/08/2026
09 - INGENIERIA;2.1.2 Gastos de Funcionamiento;210060017 - Maestría en Geotecnia;2.1.2.02.02.009.01;Cátedras posgrados;31 - Posgrados;$ 59,217,600.00;$ 59,217,600.00;$ 37,139,120.00;$ 37,139,120.00;31/08/2026
09 - INGENIERIA;2.1.2 Gastos de Funcionamiento;210060017 - Maestría en Geotecnia;2.1.2.02.02.009.03;Parafiscales cátedras posgrados;31 - Posgrados;$ 14,212,224.00;$ 14,212,224.00;$ 0.00;$ 0.00;31/08/2026
09 - INGENIERIA;2.1.2 Gastos de Funcionamiento;210060028 - Maestría en Gerencia de Proyectos de Construcción;2.1.2.02.02.009.00;Servicios para la comunidad, sociales y personales;31 - Posgrados;$ 23,060,814.00;$ 23,060,814.00;$ 11,000,000.00;$ 11,000,000.00;31/08/2026
09 - INGENIERIA;2.1.2 Gastos de Funcionamiento;210060028 - Maestría en Gerencia de Proyectos de Construcción;2.1.2.02.02.009.01;Cátedras posgrados;31 - Posgrados;$ 118,435,200.00;$ 118,435,200.00;$ 72,291,072.00;$ 72,291,072.00;31/08/2026
09 - INGENIERIA;2.1.2 Gastos de Funcionamiento;210060028 - Maestría en Gerencia de Proyectos de Construcción;2.1.2.02.02.009.03;Parafiscales cátedras posgrados;31 - Posgrados;$ 28,424,448.00;$ 28,424,448.00;$ 0.00;$ 0.00;31/08/2026
09 - INGENIERIA;2.1.2 Gastos de Funcionamiento;210060033 - Maestría en Gestión de Integridad y Corrosión - Virtual - Tunja;2.1.2.02.02.009.01;Cátedras posgrados;31 - Posgrados;$ 94,748,160.00;$ 94,748,160.00;$ 40,061,240.00;$ 40,061,240.00;31/08/2026
09 - INGENIERIA;2.1.2 Gastos de Funcionamiento;210060033 - Maestría en Gestión de Integridad y Corrosión - Virtual - Tunja;2.1.2.02.02.009.03;Parafiscales cátedras posgrados;31 - Posgrados;$ 22,739,558.00;$ 22,739,558.00;$ 0.00;$ 0.00;31/08/2026
09 - INGENIERIA;2.1.2 Gastos de Funcionamiento;210060018 - Doctorado en Ingeniería y Ciencia de los Materiales;2.1.2.02.02.008;Servicios prestados a las empresas y servicios de producción ;31 - Posgrados;$ 14,013,476.00;$ 29,276,374.08;$ 18,297,000.00;$ 0.00;31/08/2026
09 - INGENIERIA;2.1.2 Gastos de Funcionamiento;210060018 - Doctorado en Ingeniería y Ciencia de los Materiales;2.1.2.02.02.009.00;Servicios para la comunidad, sociales y personales;31 - Posgrados;$ 0.00;$ 14,940,160.00;$ 14,940,160.00;$ 0.00;31/08/2026
09 - INGENIERIA;2.1.2 Gastos de Funcionamiento;210060018 - Doctorado en Ingeniería y Ciencia de los Materiales;2.1.2.02.02.009.01;Cátedras posgrados;31 - Posgrados;$ 44,057,894.00;$ 44,057,894.00;$ 29,499,027.00;$ 29,499,027.00;31/08/2026
09 - INGENIERIA;2.1.2 Gastos de Funcionamiento;210060027 - Doctorado en Ingeniería - Tunja;2.1.2.02.02.006.00;"Comercio y distribución; alojamiento; servicios de suministro de comidas y bebidas; servicios de transporte; y servicios de distribución de electricidad, gas y agua";31 - Posgrados;$ 4,922,578.00;$ 4,922,578.00;$ 4,922,578.00;$ 3,810,014.00;31/08/2026
09 - INGENIERIA;2.1.2 Gastos de Funcionamiento;210060027 - Doctorado en Ingeniería - Tunja;2.1.2.02.02.009.00;Servicios para la comunidad, sociales y personales;31 - Posgrados;$ 4,922,579.00;$ 4,922,579.00;$ 0.00;$ 0.00;31/08/2026
09 - INGENIERIA;2.1.2 Gastos de Funcionamiento;210060027 - Doctorado en Ingeniería - Tunja;2.1.2.02.02.009.01;Cátedras posgrados;31 - Posgrados;$ 58,743,859.00;$ 58,743,859.00;$ 46,179,609.50;$ 46,179,609.50;31/08/2026
09 - INGENIERIA;2.1.2 Gastos de Funcionamiento;210060027 - Doctorado en Ingeniería - Tunja;2.1.2.02.02.010;Viáticos de los funcionarios en comisión;31 - Posgrados;$ 7,657,345.00;$ 7,657,345.00;$ 0.00;$ 0.00;31/08/2026
09 - INGENIERIA;2.1.2 Gastos de Funcionamiento;210090002 - CEDEC - Centro de Gestión de Investigación y Extensión de la Facultad de Ingeniería;2.1.2.02.02.008;Servicios prestados a las empresas y servicios de producción ;31 - Posgrados;$ 97,000,000.00;$ 163,704,497.75;$ 83,340,980.00;$ 4,531,839.00;31/08/2026
09 - INGENIERIA;2.1.3 Transferencias Corrientes;210060053 - Especialización en Ingeniería Ferroviaria;2.1.3.06.03;Beneficios educativos a la comunidad universitaria;31 - Posgrados;$ 0.00;$ 4,270,500.00;$ 4,270,500.00;$ 4,270,500.00;31/08/2026
09 - INGENIERIA;2.1.3 Transferencias Corrientes;210060026 - Especialización en gestión de Integridad y Corrosión, modalidad Virtual;2.1.3.06.03;Beneficios educativos a la comunidad universitaria;31 - Posgrados;$ 0.00;$ 4,720,350.00;$ 4,720,350.00;$ 4,720,350.00;31/08/2026
09 - INGENIERIA;2.1.3 Transferencias Corrientes;210060030 - Especialización en Geotecnia;2.1.3.06.03;Beneficios educativos a la comunidad universitaria;31 - Posgrados;$ 0.00;$ 4,697,550.00;$ 4,697,550.00;$ 4,697,550.00;31/08/2026
09 - INGENIERIA;2.1.3 Transferencias Corrientes;210060034 - Especialización en Gestión Avanzada del Riesgo de Desastres;2.1.3.06.03;Beneficios educativos a la comunidad universitaria;31 - Posgrados;$ 0.00;$ 4,563,000.00;$ 4,563,000.00;$ 4,563,000.00;31/08/2026
09 - INGENIERIA;2.1.3 Transferencias Corrientes;210060012 - Maestría en Ingeniería con Énfasis en Transporte, Tránsito e Infraestructura Vial;2.1.3.04.00;A organizaciones nacionales;31 - Posgrados;$ 0.00;$ 800,000.00;$ 0.00;$ 0.00;31/08/2026
10 - DERECHO Y CIENCIAS SOCIALES;2.1.2 Gastos de Funcionamiento;208090001 - CIEDE - Centro de Gestión de Investigación y Extensión de la Facultad de Derecho y Ciencias Sociales;2.1.2.02.01.004;Productos metálicos, maquinaria y equipo;31 - Posgrados;$ 6,000,000.00;$ 6,000,000.00;$ 0.00;$ 0.00;31/08/2026
10 - DERECHO Y CIENCIAS SOCIALES;2.1.2 Gastos de Funcionamiento;208060004 - Maestría en Derechos Humanos - Tunja;2.1.2.02.02.008;Servicios prestados a las empresas y servicios de producción ;31 - Posgrados;$ 0.00;$ 18,786,500.00;$ 0.00;$ 0.00;31/08/2026
10 - DERECHO Y CIENCIAS SOCIALES;2.1.2 Gastos de Funcionamiento;208060004 - Maestría en Derechos Humanos - Tunja;2.1.2.02.02.009.00;Servicios para la comunidad, sociales y personales;31 - Posgrados;$ 58,402,297.00;$ 36,615,797.00;$ 14,679,071.00;$ 14,679,071.00;31/08/2026
10 - DERECHO Y CIENCIAS SOCIALES;2.1.2 Gastos de Funcionamiento;208060004 - Maestría en Derechos Humanos - Tunja;2.1.2.02.02.009.01;Cátedras posgrados;31 - Posgrados;$ 147,542,358.00;$ 147,542,358.00;$ 18,072,768.00;$ 18,072,768.00;31/08/2026
10 - DERECHO Y CIENCIAS SOCIALES;2.1.2 Gastos de Funcionamiento;208060004 - Maestría en Derechos Humanos - Tunja;2.1.2.02.02.010;Viáticos de los funcionarios en comisión;31 - Posgrados;$ 0.00;$ 1,000,000.00;$ 243,360.00;$ 0.00;31/08/2026
10 - DERECHO Y CIENCIAS SOCIALES;2.1.2 Gastos de Funcionamiento;208090001 - CIEDE - Centro de Gestión de Investigación y Extensión de la Facultad de Derecho y Ciencias Sociales;2.1.2.02.02.008;Servicios prestados a las empresas y servicios de producción ;31 - Posgrados;$ 3,394,005.00;$ 3,394,005.00;$ 0.00;$ 0.00;31/08/2026
10 - DERECHO Y CIENCIAS SOCIALES;2.1.2 Gastos de Funcionamiento;208090001 - CIEDE - Centro de Gestión de Investigación y Extensión de la Facultad de Derecho y Ciencias Sociales;2.1.2.02.02.010;Viáticos de los funcionarios en comisión;31 - Posgrados;$ 7,000,000.00;$ 7,000,000.00;$ 0.00;$ 0.00;31/08/2026
10 - DERECHO Y CIENCIAS SOCIALES;2.1.3 Transferencias Corrientes;208060004 - Maestría en Derechos Humanos - Tunja;2.1.3.06.03;Beneficios educativos a la comunidad universitaria;31 - Posgrados;$ 0.00;$ 2,000,000.00;$ 284,700.00;$ 284,700.00;31/08/2026
10 - DERECHO Y CIENCIAS SOCIALES;2.1.3 Transferencias Corrientes;208090001 - CIEDE - Centro de Gestión de Investigación y Extensión de la Facultad de Derecho y Ciencias Sociales;2.1.3.04.05.001;Membresías nacionales;31 - Posgrados;$ 2,500,000.00;$ 2,500,000.00;$ 0.00;$ 0.00;31/08/2026
12 - SECCIONAL DUITAMA;2.1.2 Gastos de Funcionamiento;212060015 - Especialización en Informática para la Docencia;2.1.2.02.01.003;Otros bienes transportables (excepto productos metálicos, maquinaria y equipo);31 - Posgrados;$ 20,000,000.00;$ 6,652,688.00;$ 0.00;$ 0.00;31/08/2026
12 - SECCIONAL DUITAMA;2.1.2 Gastos de Funcionamiento;212060015 - Especialización en Informática para la Docencia;2.1.2.02.01.004;Productos metálicos, maquinaria y equipo;31 - Posgrados;$ 37,400,888.00;$ 0.00;$ 0.00;$ 0.00;31/08/2026
12 - SECCIONAL DUITAMA;2.1.2 Gastos de Funcionamiento;212060018 - Especialización en Pedagogía de los Derechos Humanos;2.1.2.02.01.003;Otros bienes transportables (excepto productos metálicos, maquinaria y equipo);31 - Posgrados;$ 9,896,596.00;$ 9,896,596.00;$ 0.00;$ 0.00;31/08/2026
12 - SECCIONAL DUITAMA;2.1.2 Gastos de Funcionamiento;212060019 - Especialización en Planificación del Turismo Sostenible;2.1.2.02.01.004;Productos metálicos, maquinaria y equipo;31 - Posgrados;$ 0.00;$ 2,700,963.00;$ 0.00;$ 0.00;31/08/2026
12 - SECCIONAL DUITAMA;2.1.2 Gastos de Funcionamiento;212060022 - Especialización en Gestión Estratégica de Proyectos;2.1.2.02.01.004;Productos metálicos, maquinaria y equipo;31 - Posgrados;$ 20,000,000.00;$ 20,000,000.00;$ 5,553,600.00;$ 1,830,000.00;31/08/2026
12 - SECCIONAL DUITAMA;2.1.2 Gastos de Funcionamiento;212060023 - Especialización en Gestión de la Productividad y Mejoramiento Continúo;2.1.2.02.01.003;Otros bienes transportables (excepto productos metálicos, maquinaria y equipo);31 - Posgrados;$ 25,406,557.00;$ 25,406,557.00;$ 0.00;$ 0.00;31/08/2026
12 - SECCIONAL DUITAMA;2.1.2 Gastos de Funcionamiento;212060023 - Especialización en Gestión de la Productividad y Mejoramiento Continúo;2.1.2.02.01.004;Productos metálicos, maquinaria y equipo;31 - Posgrados;$ 39,034,790.00;$ 39,034,790.00;$ 9,246,057.24;$ 9,246,057.24;31/08/2026
12 - SECCIONAL DUITAMA;2.1.2 Gastos de Funcionamiento;212060025 - Especialización en Diseño y Maquinaria y Equipo;2.1.2.02.01.003;Otros bienes transportables (excepto productos metálicos, maquinaria y equipo);31 - Posgrados;$ 22,544,307.00;$ 22,544,307.00;$ 0.00;$ 0.00;31/08/2026
12 - SECCIONAL DUITAMA;2.1.2 Gastos de Funcionamiento;212060021 - Maestría en TIC Aplicadas a las Ciencias de la Educación;2.1.2.02.01.003;Otros bienes transportables (excepto productos metálicos, maquinaria y equipo);31 - Posgrados;$ 21,292,049.00;$ 21,292,049.00;$ 0.00;$ 0.00;31/08/2026
12 - SECCIONAL DUITAMA;2.1.2 Gastos de Funcionamiento;212060021 - Maestría en TIC Aplicadas a las Ciencias de la Educación;2.1.2.02.01.004;Productos metálicos, maquinaria y equipo;31 - Posgrados;$ 20,070,000.00;$ 20,070,000.00;$ 0.00;$ 0.00;31/08/2026
12 - SECCIONAL DUITAMA;2.1.2 Gastos de Funcionamiento;212060027 - Maestría en Gestión Estratégica de Proyectos;2.1.2.02.01.003;Otros bienes transportables (excepto productos metálicos, maquinaria y equipo);31 - Posgrados;$ 18,619,375.00;$ 18,619,375.00;$ 0.00;$ 0.00;31/08/2026
12 - SECCIONAL DUITAMA;2.1.2 Gastos de Funcionamiento;212090007 - CIFAD - Centro de Gestión de Investigación y Extensión de la Facultad Seccional Duitama;2.1.2.02.01.003;Otros bienes transportables (excepto productos metálicos, maquinaria y equipo);31 - Posgrados;$ 28,000,000.00;$ 15,500,000.00;$ 0.00;$ 0.00;31/08/2026
12 - SECCIONAL DUITAMA;2.1.2 Gastos de Funcionamiento;212090007 - CIFAD - Centro de Gestión de Investigación y Extensión de la Facultad Seccional Duitama;2.1.2.02.01.004;Productos metálicos, maquinaria y equipo;31 - Posgrados;$ 50,500,000.00;$ 21,415,976.00;$ 0.00;$ 0.00;31/08/2026
12 - SECCIONAL DUITAMA;2.1.2 Gastos de Funcionamiento;212060042 - Especialización en Gestión de Activos y de Mantenimiento;2.1.2.02.02.008;Servicios prestados a las empresas y servicios de producción ;31 - Posgrados;$ 0.00;$ 24,467,300.00;$ 11,411,550.00;$ 0.00;31/08/2026
12 - SECCIONAL DUITAMA;2.1.2 Gastos de Funcionamiento;212060042 - Especialización en Gestión de Activos y de Mantenimiento;2.1.2.02.02.009.01;Cátedras posgrados;31 - Posgrados;$ 0.00;$ 34,625,000.00;$ 2,409,696.00;$ 2,409,696.00;31/08/2026
12 - SECCIONAL DUITAMA;2.1.2 Gastos de Funcionamiento;212060042 - Especialización en Gestión de Activos y de Mantenimiento;2.1.2.02.02.010;Viáticos de los funcionarios en comisión;31 - Posgrados;$ 0.00;$ 8,560,000.00;$ 0.00;$ 0.00;31/08/2026
12 - SECCIONAL DUITAMA;2.1.2 Gastos de Funcionamiento;212060015 - Especialización en Informática para la Docencia;2.1.2.02.02.008;Servicios prestados a las empresas y servicios de producción ;31 - Posgrados;$ 11,670,412.00;$ 11,670,412.00;$ 0.00;$ 0.00;31/08/2026
12 - SECCIONAL DUITAMA;2.1.2 Gastos de Funcionamiento;212060015 - Especialización en Informática para la Docencia;2.1.2.02.02.009.01;Cátedras posgrados;31 - Posgrados;$ 89,050,226.00;$ 139,798,426.00;$ 96,334,752.10;$ 96,334,752.10;31/08/2026
12 - SECCIONAL DUITAMA;2.1.2 Gastos de Funcionamiento;212060015 - Especialización en Informática para la Docencia;2.1.2.02.02.009.03;Parafiscales cátedras posgrados;31 - Posgrados;$ 12,689,658.00;$ 12,689,658.00;$ 0.00;$ 0.00;31/08/2026
12 - SECCIONAL DUITAMA;2.1.2 Gastos de Funcionamiento;212060018 - Especialización en Pedagogía de los Derechos Humanos;2.1.2.02.02.008;Servicios prestados a las empresas y servicios de producción ;31 - Posgrados;$ 55,287,371.00;$ 55,287,371.00;$ 48,094,250.00;$ 20,215,400.00;31/08/2026
12 - SECCIONAL DUITAMA;2.1.2 Gastos de Funcionamiento;212060018 - Especialización en Pedagogía de los Derechos Humanos;2.1.2.02.02.009.00;Servicios para la comunidad, sociales y personales;31 - Posgrados;$ 37,000,000.00;$ 37,000,000.00;$ 8,221,816.00;$ 5,420,644.00;31/08/2026
12 - SECCIONAL DUITAMA;2.1.2 Gastos de Funcionamiento;212060018 - Especialización en Pedagogía de los Derechos Humanos;2.1.2.02.02.009.01;Cátedras posgrados;31 - Posgrados;$ 136,491,152.00;$ 136,491,152.00;$ 79,089,208.00;$ 79,089,208.00;31/08/2026
12 - SECCIONAL DUITAMA;2.1.2 Gastos de Funcionamiento;212060018 - Especialización en Pedagogía de los Derechos Humanos;2.1.2.02.02.009.03;Parafiscales cátedras posgrados;31 - Posgrados;$ 19,449,989.00;$ 19,449,989.00;$ 0.00;$ 0.00;31/08/2026
12 - SECCIONAL DUITAMA;2.1.2 Gastos de Funcionamiento;212060019 - Especialización en Planificación del Turismo Sostenible;2.1.2.02.02.006.00;"Comercio y distribución; alojamiento; servicios de suministro de comidas y bebidas; servicios de transporte; y servicios de distribución de electricidad, gas y agua";31 - Posgrados;$ 5,303,134.00;$ 5,303,134.00;$ 0.00;$ 0.00;31/08/2026
12 - SECCIONAL DUITAMA;2.1.2 Gastos de Funcionamiento;212060019 - Especialización en Planificación del Turismo Sostenible;2.1.2.02.02.008;Servicios prestados a las empresas y servicios de producción ;31 - Posgrados;$ 0.00;$ 16,467,300.00;$ 16,467,300.00;$ 0.00;31/08/2026
12 - SECCIONAL DUITAMA;2.1.2 Gastos de Funcionamiento;212060019 - Especialización en Planificación del Turismo Sostenible;2.1.2.02.02.009.00;Servicios para la comunidad, sociales y personales;31 - Posgrados;$ 22,243,345.00;$ 26,566,045.00;$ 10,843,632.00;$ 10,843,412.00;31/08/2026
12 - SECCIONAL DUITAMA;2.1.2 Gastos de Funcionamiento;212060019 - Especialización en Planificación del Turismo Sostenible;2.1.2.02.02.009.01;Cátedras posgrados;31 - Posgrados;$ 46,981,926.00;$ 23,490,963.00;$ 0.00;$ 0.00;31/08/2026
12 - SECCIONAL DUITAMA;2.1.2 Gastos de Funcionamiento;212060019 - Especialización en Planificación del Turismo Sostenible;2.1.2.02.02.009.03;Parafiscales cátedras posgrados;31 - Posgrados;$ 6,694,925.00;$ 6,694,925.00;$ 0.00;$ 0.00;31/08/2026
12 - SECCIONAL DUITAMA;2.1.2 Gastos de Funcionamiento;212060019 - Especialización en Planificación del Turismo Sostenible;2.1.2.02.02.010;Viáticos de los funcionarios en comisión;31 - Posgrados;$ 8,000,000.00;$ 8,000,000.00;$ 1,241,560.00;$ 1,007,904.00;31/08/2026
12 - SECCIONAL DUITAMA;2.1.2 Gastos de Funcionamiento;212060020 - Especialización en Estadística;2.1.2.02.02.008;Servicios prestados a las empresas y servicios de producción ;31 - Posgrados;$ 25,026,967.00;$ 25,026,967.00;$ 0.00;$ 0.00;31/08/2026
12 - SECCIONAL DUITAMA;2.1.2 Gastos de Funcionamiento;212060020 - Especialización en Estadística;2.1.2.02.02.009.01;Cátedras posgrados;31 - Posgrados;$ 33,293,074.00;$ 33,293,074.00;$ 24,478,049.00;$ 24,478,049.00;31/08/2026
12 - SECCIONAL DUITAMA;2.1.2 Gastos de Funcionamiento;212060020 - Especialización en Estadística;2.1.2.02.02.009.03;Parafiscales cátedras posgrados;31 - Posgrados;$ 4,744,263.00;$ 4,744,263.00;$ 0.00;$ 0.00;31/08/2026
12 - SECCIONAL DUITAMA;2.1.2 Gastos de Funcionamiento;212060022 - Especialización en Gestión Estratégica de Proyectos;2.1.2.02.02.006.00;"Comercio y distribución; alojamiento; servicios de suministro de comidas y bebidas; servicios de transporte; y servicios de distribución de electricidad, gas y agua";31 - Posgrados;$ 40,000,000.00;$ 40,000,000.00;$ 20,000,000.00;$ 2,224,100.00;31/08/2026
12 - SECCIONAL DUITAMA;2.1.2 Gastos de Funcionamiento;212060022 - Especialización en Gestión Estratégica de Proyectos;2.1.2.02.02.008;Servicios prestados a las empresas y servicios de producción ;31 - Posgrados;$ 132,738,319.00;$ 132,738,319.00;$ 57,716,483.00;$ 50,944,074.00;31/08/2026
12 - SECCIONAL DUITAMA;2.1.2 Gastos de Funcionamiento;212060022 - Especialización en Gestión Estratégica de Proyectos;2.1.2.02.02.009.01;Cátedras posgrados;31 - Posgrados;$ 268,133,638.00;$ 268,133,638.00;$ 141,898,331.00;$ 141,898,331.00;31/08/2026
12 - SECCIONAL DUITAMA;2.1.2 Gastos de Funcionamiento;212060022 - Especialización en Gestión Estratégica de Proyectos;2.1.2.02.02.009.03;Parafiscales cátedras posgrados;31 - Posgrados;$ 38,209,043.00;$ 38,209,043.00;$ 0.00;$ 0.00;31/08/2026
12 - SECCIONAL DUITAMA;2.1.2 Gastos de Funcionamiento;212060022 - Especialización en Gestión Estratégica de Proyectos;2.1.2.02.02.010;Viáticos de los funcionarios en comisión;31 - Posgrados;$ 9,974,484.00;$ 9,974,484.00;$ 1,141,028.00;$ 1,069,970.00;31/08/2026
12 - SECCIONAL DUITAMA;2.1.2 Gastos de Funcionamiento;212060023 - Especialización en Gestión de la Productividad y Mejoramiento Continúo;2.1.2.02.02.008;Servicios prestados a las empresas y servicios de producción ;31 - Posgrados;$ 30,000,000.00;$ 30,000,000.00;$ 10,641,600.00;$ 10,641,600.00;31/08/2026
12 - SECCIONAL DUITAMA;2.1.2 Gastos de Funcionamiento;212060023 - Especialización en Gestión de la Productividad y Mejoramiento Continúo;2.1.2.02.02.009.01;Cátedras posgrados;31 - Posgrados;$ 122,852,192.00;$ 122,852,192.00;$ 72,269,728.00;$ 72,269,728.00;31/08/2026
12 - SECCIONAL DUITAMA;2.1.2 Gastos de Funcionamiento;212060023 - Especialización en Gestión de la Productividad y Mejoramiento Continúo;2.1.2.02.02.009.03;Parafiscales cátedras posgrados;31 - Posgrados;$ 17,506,437.00;$ 17,506,437.00;$ 0.00;$ 0.00;31/08/2026
12 - SECCIONAL DUITAMA;2.1.2 Gastos de Funcionamiento;212060025 - Especialización en Diseño y Maquinaria y Equipo;2.1.2.02.02.009.01;Cátedras posgrados;31 - Posgrados;$ 29,251,472.00;$ 29,251,472.00;$ 0.00;$ 0.00;31/08/2026
12 - SECCIONAL DUITAMA;2.1.2 Gastos de Funcionamiento;212060025 - Especialización en Diseño y Maquinaria y Equipo;2.1.2.02.02.009.03;Parafiscales cátedras posgrados;31 - Posgrados;$ 4,168,335.00;$ 4,168,335.00;$ 0.00;$ 0.00;31/08/2026
12 - SECCIONAL DUITAMA;2.1.2 Gastos de Funcionamiento;212060026 - Especialización en Planificación y Regulación Energética;2.1.2.02.02.006.00;"Comercio y distribución; alojamiento; servicios de suministro de comidas y bebidas; servicios de transporte; y servicios de distribución de electricidad, gas y agua";31 - Posgrados;$ 8,481,736.00;$ 8,446,736.00;$ 4,040,000.00;$ 880,970.00;31/08/2026
12 - SECCIONAL DUITAMA;2.1.2 Gastos de Funcionamiento;212060026 - Especialización en Planificación y Regulación Energética;2.1.2.02.02.008;Servicios prestados a las empresas y servicios de producción ;31 - Posgrados;$ 20,000,000.00;$ 24,460,000.00;$ 9,729,361.89;$ 4,729,361.89;31/08/2026
12 - SECCIONAL DUITAMA;2.1.2 Gastos de Funcionamiento;212060026 - Especialización en Planificación y Regulación Energética;2.1.2.02.02.009.01;Cátedras posgrados;31 - Posgrados;$ 63,414,223.00;$ 63,414,223.00;$ 43,166,747.90;$ 43,166,747.90;31/08/2026
12 - SECCIONAL DUITAMA;2.1.2 Gastos de Funcionamiento;212060026 - Especialización en Planificación y Regulación Energética;2.1.2.02.02.009.03;Parafiscales cátedras posgrados;31 - Posgrados;$ 9,036,527.00;$ 9,036,527.00;$ 0.00;$ 0.00;31/08/2026
12 - SECCIONAL DUITAMA;2.1.2 Gastos de Funcionamiento;212060026 - Especialización en Planificación y Regulación Energética;2.1.2.02.02.010;Viáticos de los funcionarios en comisión;31 - Posgrados;$ 19,917,898.00;$ 14,918,462.00;$ 4,959,513.00;$ 4,959,513.00;31/08/2026
12 - SECCIONAL DUITAMA;2.1.2 Gastos de Funcionamiento;212060037 - Maestría en Innovación y Marketing Turístico;2.1.2.02.02.006.00;"Comercio y distribución; alojamiento; servicios de suministro de comidas y bebidas; servicios de transporte; y servicios de distribución de electricidad, gas y agua";31 - Posgrados;$ 26,778,997.00;$ 13,389,498.00;$ 0.00;$ 0.00;31/08/2026
12 - SECCIONAL DUITAMA;2.1.2 Gastos de Funcionamiento;212060037 - Maestría en Innovación y Marketing Turístico;2.1.2.02.02.009.01;Cátedras posgrados;31 - Posgrados;$ 25,831,656.00;$ 44,221,155.00;$ 27,701,130.00;$ 27,701,130.00;31/08/2026
12 - SECCIONAL DUITAMA;2.1.2 Gastos de Funcionamiento;212060037 - Maestría en Innovación y Marketing Turístico;2.1.2.02.02.009.03;Parafiscales cátedras posgrados;31 - Posgrados;$ 3,681,011.00;$ 3,681,011.00;$ 0.00;$ 0.00;31/08/2026
12 - SECCIONAL DUITAMA;2.1.2 Gastos de Funcionamiento;212060037 - Maestría en Innovación y Marketing Turístico;2.1.2.02.02.010;Viáticos de los funcionarios en comisión;31 - Posgrados;$ 10,000,000.00;$ 5,000,000.00;$ 4,614,597.30;$ 475,087.00;31/08/2026
12 - SECCIONAL DUITAMA;2.1.2 Gastos de Funcionamiento;212060040 - Maestría en Robótica Educativa;2.1.2.02.02.008;Servicios prestados a las empresas y servicios de producción ;31 - Posgrados;$ 15,000,000.00;$ 0.00;$ 0.00;$ 0.00;31/08/2026
12 - SECCIONAL DUITAMA;2.1.2 Gastos de Funcionamiento;212060040 - Maestría en Robótica Educativa;2.1.2.02.02.009.00;Servicios para la comunidad, sociales y personales;31 - Posgrados;$ 20,229,293.00;$ 0.00;$ 0.00;$ 0.00;31/08/2026
12 - SECCIONAL DUITAMA;2.1.2 Gastos de Funcionamiento;212060040 - Maestría en Robótica Educativa;2.1.2.02.02.009.01;Cátedras posgrados;31 - Posgrados;$ 25,493,177.00;$ 60,722,470.00;$ 44,373,932.50;$ 44,373,932.50;31/08/2026
12 - SECCIONAL DUITAMA;2.1.2 Gastos de Funcionamiento;212060040 - Maestría en Robótica Educativa;2.1.2.02.02.009.03;Parafiscales cátedras posgrados;31 - Posgrados;$ 3,632,778.00;$ 3,632,778.00;$ 0.00;$ 0.00;31/08/2026
12 - SECCIONAL DUITAMA;2.1.2 Gastos de Funcionamiento;212060021 - Maestría en TIC Aplicadas a las Ciencias de la Educación;2.1.2.02.02.009.00;Servicios para la comunidad, sociales y personales;31 - Posgrados;$ 15,000,000.00;$ 15,000,000.00;$ 0.00;$ 0.00;31/08/2026
12 - SECCIONAL DUITAMA;2.1.2 Gastos de Funcionamiento;212060021 - Maestría en TIC Aplicadas a las Ciencias de la Educación;2.1.2.02.02.009.01;Cátedras posgrados;31 - Posgrados;$ 58,937,490.00;$ 58,937,490.00;$ 52,916,708.00;$ 52,916,708.00;31/08/2026
12 - SECCIONAL DUITAMA;2.1.2 Gastos de Funcionamiento;212060027 - Maestría en Gestión Estratégica de Proyectos;2.1.2.02.02.006.00;"Comercio y distribución; alojamiento; servicios de suministro de comidas y bebidas; servicios de transporte; y servicios de distribución de electricidad, gas y agua";31 - Posgrados;$ 15,000,000.00;$ 15,000,000.00;$ 0.00;$ 0.00;31/08/2026
12 - SECCIONAL DUITAMA;2.1.2 Gastos de Funcionamiento;212060027 - Maestría en Gestión Estratégica de Proyectos;2.1.2.02.02.008;Servicios prestados a las empresas y servicios de producción ;31 - Posgrados;$ 15,000,000.00;$ 15,000,000.00;$ 0.00;$ 0.00;31/08/2026
12 - SECCIONAL DUITAMA;2.1.2 Gastos de Funcionamiento;212060027 - Maestría en Gestión Estratégica de Proyectos;2.1.2.02.02.009.01;Cátedras posgrados;31 - Posgrados;$ 52,887,708.00;$ 52,887,708.00;$ 36,986,302.00;$ 36,986,302.00;31/08/2026
12 - SECCIONAL DUITAMA;2.1.2 Gastos de Funcionamiento;212060028 - Maestría en Energías Renovales;2.1.2.02.02.008;Servicios prestados a las empresas y servicios de producción ;31 - Posgrados;$ 53,133,339.00;$ 15,250,670.00;$ 15,143,600.00;$ 10,143,600.00;31/08/2026
12 - SECCIONAL DUITAMA;2.1.2 Gastos de Funcionamiento;212060028 - Maestría en Energías Renovales;2.1.2.02.02.009.00;Servicios para la comunidad, sociales y personales;31 - Posgrados;$ 0.00;$ 11,316,000.00;$ 9,036,384.00;$ 9,030,008.00;31/08/2026
12 - SECCIONAL DUITAMA;2.1.2 Gastos de Funcionamiento;212060028 - Maestría en Energías Renovales;2.1.2.02.02.009.01;Cátedras posgrados;31 - Posgrados;$ 68,042,196.00;$ 94,608,865.00;$ 79,152,323.00;$ 79,152,323.00;31/08/2026
12 - SECCIONAL DUITAMA;2.1.2 Gastos de Funcionamiento;212060028 - Maestría en Energías Renovales;2.1.2.02.02.009.03;Parafiscales cátedras posgrados;31 - Posgrados;$ 9,696,013.00;$ 9,696,013.00;$ 0.00;$ 0.00;31/08/2026
12 - SECCIONAL DUITAMA;2.1.2 Gastos de Funcionamiento;212060029 - Maestría en Agroindustria Alimentaria e Innovación;2.1.2.02.02.006.00;"Comercio y distribución; alojamiento; servicios de suministro de comidas y bebidas; servicios de transporte; y servicios de distribución de electricidad, gas y agua";31 - Posgrados;$ 10,000,000.00;$ 0.00;$ 0.00;$ 0.00;31/08/2026
12 - SECCIONAL DUITAMA;2.1.2 Gastos de Funcionamiento;212060029 - Maestría en Agroindustria Alimentaria e Innovación;2.1.2.02.02.009.00;Servicios para la comunidad, sociales y personales;31 - Posgrados;$ 7,720,191.00;$ 0.00;$ 0.00;$ 0.00;31/08/2026
12 - SECCIONAL DUITAMA;2.1.2 Gastos de Funcionamiento;212060029 - Maestría en Agroindustria Alimentaria e Innovación;2.1.2.02.02.009.01;Cátedras posgrados;31 - Posgrados;$ 21,976,121.00;$ 39,696,312.00;$ 17,012,316.50;$ 17,012,316.50;31/08/2026
12 - SECCIONAL DUITAMA;2.1.2 Gastos de Funcionamiento;212060029 - Maestría en Agroindustria Alimentaria e Innovación;2.1.2.02.02.009.03;Parafiscales cátedras posgrados;31 - Posgrados;$ 3,131,597.00;$ 3,131,597.00;$ 0.00;$ 0.00;31/08/2026
12 - SECCIONAL DUITAMA;2.1.2 Gastos de Funcionamiento;212090007 - CIFAD - Centro de Gestión de Investigación y Extensión de la Facultad Seccional Duitama;2.1.2.02.02.008;Servicios prestados a las empresas y servicios de producción ;31 - Posgrados;$ 89,600,630.00;$ 140,100,915.00;$ 50,200,000.00;$ 0.00;31/08/2026
12 - SECCIONAL DUITAMA;2.1.2 Gastos de Funcionamiento;212090007 - CIFAD - Centro de Gestión de Investigación y Extensión de la Facultad Seccional Duitama;2.1.2.02.02.009.00;Servicios para la comunidad, sociales y personales;31 - Posgrados;$ 0.00;$ 1,600,000.00;$ 0.00;$ 0.00;31/08/2026
12 - SECCIONAL DUITAMA;2.1.2 Gastos de Funcionamiento;212090007 - CIFAD - Centro de Gestión de Investigación y Extensión de la Facultad Seccional Duitama;2.1.2.02.02.010;Viáticos de los funcionarios en comisión;31 - Posgrados;$ 17,500,000.00;$ 6,983,739.00;$ 4,093,576.00;$ 4,093,576.00;31/08/2026
12 - SECCIONAL DUITAMA;2.1.3 Transferencias Corrientes;212060026 - Especialización en Planificación y Regulación Energética;2.1.3.06.03;Beneficios educativos a la comunidad universitaria;31 - Posgrados;$ 0.00;$ 574,436.00;$ 569,400.00;$ 569,400.00;31/08/2026
13 - SECCIONAL SOGAMOSO;2.1.2 Gastos de Funcionamiento;213060017 - Especialización en Gerencia del Talento Humano;2.1.2.02.01.004;Productos metálicos, maquinaria y equipo;31 - Posgrados;$ 10,000,000.00;$ 10,000,000.00;$ 0.00;$ 0.00;31/08/2026
13 - SECCIONAL SOGAMOSO;2.1.2 Gastos de Funcionamiento;213060018 - Especialización en Geotecnia Vial;2.1.2.02.01.004;Productos metálicos, maquinaria y equipo;31 - Posgrados;$ 36,552,379.00;$ 36,552,379.00;$ 0.00;$ 0.00;31/08/2026
13 - SECCIONAL SOGAMOSO;2.1.2 Gastos de Funcionamiento;213060020 - Especialización en Seguridad y Salud en el Trabajo - Sogamoso;2.1.2.02.01.003;Otros bienes transportables (excepto productos metálicos, maquinaria y equipo);31 - Posgrados;$ 71,215,185.00;$ 68,903,264.00;$ 0.00;$ 0.00;31/08/2026
13 - SECCIONAL SOGAMOSO;2.1.2 Gastos de Funcionamiento;213060020 - Especialización en Seguridad y Salud en el Trabajo - Sogamoso;2.1.2.02.01.004;Productos metálicos, maquinaria y equipo;31 - Posgrados;$ 50,000,000.00;$ 50,000,000.00;$ 0.00;$ 0.00;31/08/2026
13 - SECCIONAL SOGAMOSO;2.1.2 Gastos de Funcionamiento;213060021 - Especialización en Automatización Industrial;2.1.2.02.01.004;Productos metálicos, maquinaria y equipo;31 - Posgrados;$ 40,000,000.00;$ 40,000,000.00;$ 0.00;$ 0.00;31/08/2026
13 - SECCIONAL SOGAMOSO;2.1.2 Gastos de Funcionamiento;213060022 - Especialización en Gestión Ambiental;2.1.2.02.01.004;Productos metálicos, maquinaria y equipo;31 - Posgrados;$ 37,168,756.00;$ 37,168,756.00;$ 0.00;$ 0.00;31/08/2026
13 - SECCIONAL SOGAMOSO;2.1.2 Gastos de Funcionamiento;213060042 - Especialización en Analítica Estratégica de Datos;2.1.2.02.01.003;Otros bienes transportables (excepto productos metálicos, maquinaria y equipo);31 - Posgrados;$ 15,000,000.00;$ 8,705,000.00;$ 0.00;$ 0.00;31/08/2026
13 - SECCIONAL SOGAMOSO;2.1.2 Gastos de Funcionamiento;213060042 - Especialización en Analítica Estratégica de Datos;2.1.2.02.01.004;Productos metálicos, maquinaria y equipo;31 - Posgrados;$ 127,662,813.00;$ 98,473,437.00;$ 0.00;$ 0.00;31/08/2026
13 - SECCIONAL SOGAMOSO;2.1.2 Gastos de Funcionamiento;213090003 - CIFAS - Centro de Gestión de Investigación y Extensión de la Facultad Seccional Sogamoso;2.1.2.02.01.003;Otros bienes transportables (excepto productos metálicos, maquinaria y equipo);31 - Posgrados;$ 78,887,215.00;$ 34,603,710.00;$ 0.00;$ 0.00;31/08/2026
13 - SECCIONAL SOGAMOSO;2.1.2 Gastos de Funcionamiento;213090003 - CIFAS - Centro de Gestión de Investigación y Extensión de la Facultad Seccional Sogamoso;2.1.2.02.01.004;Productos metálicos, maquinaria y equipo;31 - Posgrados;$ 0.00;$ 29,283,505.00;$ 0.00;$ 0.00;31/08/2026
13 - SECCIONAL SOGAMOSO;2.1.2 Gastos de Funcionamiento;213060016 - Especialización en Ingeniería de Producción y Operaciones;2.1.2.02.02.008;Servicios prestados a las empresas y servicios de producción ;31 - Posgrados;$ 46,000,000.00;$ 46,000,000.00;$ 0.00;$ 0.00;31/08/2026
13 - SECCIONAL SOGAMOSO;2.1.2 Gastos de Funcionamiento;213060016 - Especialización en Ingeniería de Producción y Operaciones;2.1.2.02.02.009.00;Servicios para la comunidad, sociales y personales;31 - Posgrados;$ 14,379,360.00;$ 14,379,360.00;$ 0.00;$ 0.00;31/08/2026
13 - SECCIONAL SOGAMOSO;2.1.2 Gastos de Funcionamiento;213060016 - Especialización en Ingeniería de Producción y Operaciones;2.1.2.02.02.009.01;Cátedras posgrados;31 - Posgrados;$ 86,339,520.00;$ 86,339,520.00;$ 44,946,266.00;$ 44,946,266.00;31/08/2026
13 - SECCIONAL SOGAMOSO;2.1.2 Gastos de Funcionamiento;213060016 - Especialización en Ingeniería de Producción y Operaciones;2.1.2.02.02.009.03;Parafiscales cátedras posgrados;31 - Posgrados;$ 12,303,382.00;$ 12,303,382.00;$ 0.00;$ 0.00;31/08/2026
13 - SECCIONAL SOGAMOSO;2.1.2 Gastos de Funcionamiento;213060016 - Especialización en Ingeniería de Producción y Operaciones;2.1.2.02.02.010;Viáticos de los funcionarios en comisión;31 - Posgrados;$ 5,000,000.00;$ 5,000,000.00;$ 0.00;$ 0.00;31/08/2026
13 - SECCIONAL SOGAMOSO;2.1.2 Gastos de Funcionamiento;213060017 - Especialización en Gerencia del Talento Humano;2.1.2.02.02.008;Servicios prestados a las empresas y servicios de producción ;31 - Posgrados;$ 179,122,893.00;$ 179,122,893.00;$ 62,941,680.00;$ 48,304,080.00;31/08/2026
13 - SECCIONAL SOGAMOSO;2.1.2 Gastos de Funcionamiento;213060017 - Especialización en Gerencia del Talento Humano;2.1.2.02.02.009.00;Servicios para la comunidad, sociales y personales;31 - Posgrados;$ 27,526,800.00;$ 27,253,776.00;$ 11,547,696.00;$ 11,547,696.00;31/08/2026
13 - SECCIONAL SOGAMOSO;2.1.2 Gastos de Funcionamiento;213060017 - Especialización en Gerencia del Talento Humano;2.1.2.02.02.009.01;Cátedras posgrados;31 - Posgrados;$ 115,119,360.00;$ 115,392,384.00;$ 70,474,150.00;$ 70,474,150.00;31/08/2026
13 - SECCIONAL SOGAMOSO;2.1.2 Gastos de Funcionamiento;213060017 - Especialización en Gerencia del Talento Humano;2.1.2.02.02.009.03;Parafiscales cátedras posgrados;31 - Posgrados;$ 16,404,509.00;$ 16,404,509.00;$ 0.00;$ 0.00;31/08/2026
13 - SECCIONAL SOGAMOSO;2.1.2 Gastos de Funcionamiento;213060018 - Especialización en Geotecnia Vial;2.1.2.02.02.008;Servicios prestados a las empresas y servicios de producción ;31 - Posgrados;$ 42,750,000.00;$ 42,750,000.00;$ 0.00;$ 0.00;31/08/2026
13 - SECCIONAL SOGAMOSO;2.1.2 Gastos de Funcionamiento;213060018 - Especialización en Geotecnia Vial;2.1.2.02.02.009.00;Servicios para la comunidad, sociales y personales;31 - Posgrados;$ 10,000,000.00;$ 10,000,000.00;$ 0.00;$ 0.00;31/08/2026
13 - SECCIONAL SOGAMOSO;2.1.2 Gastos de Funcionamiento;213060018 - Especialización en Geotecnia Vial;2.1.2.02.02.009.01;Cátedras posgrados;31 - Posgrados;$ 108,523,980.00;$ 108,523,980.00;$ 64,007,550.00;$ 64,007,550.00;31/08/2026
13 - SECCIONAL SOGAMOSO;2.1.2 Gastos de Funcionamiento;213060018 - Especialización en Geotecnia Vial;2.1.2.02.02.009.03;Parafiscales cátedras posgrados;31 - Posgrados;$ 15,464,667.00;$ 15,464,667.00;$ 0.00;$ 0.00;31/08/2026
13 - SECCIONAL SOGAMOSO;2.1.2 Gastos de Funcionamiento;213060020 - Especialización en Seguridad y Salud en el Trabajo - Sogamoso;2.1.2.02.02.006.00;"Comercio y distribución; alojamiento; servicios de suministro de comidas y bebidas; servicios de transporte; y servicios de distribución de electricidad, gas y agua";31 - Posgrados;$ 18,000,000.00;$ 18,000,000.00;$ 10,000,000.00;$ 0.00;31/08/2026
13 - SECCIONAL SOGAMOSO;2.1.2 Gastos de Funcionamiento;213060020 - Especialización en Seguridad y Salud en el Trabajo - Sogamoso;2.1.2.02.02.007;"Servicios financieros y servicios conexos; servicios inmobiliarios; y servicios de arrendamiento y leasing";31 - Posgrados;$ 18,400,000.00;$ 18,400,000.00;$ 4,600,000.00;$ 4,599,999.74;31/08/2026
13 - SECCIONAL SOGAMOSO;2.1.2 Gastos de Funcionamiento;213060020 - Especialización en Seguridad y Salud en el Trabajo - Sogamoso;2.1.2.02.02.008;Servicios prestados a las empresas y servicios de producción ;31 - Posgrados;$ 178,727,900.00;$ 178,727,900.00;$ 72,556,820.00;$ 56,758,020.00;31/08/2026
13 - SECCIONAL SOGAMOSO;2.1.2 Gastos de Funcionamiento;213060020 - Especialización en Seguridad y Salud en el Trabajo - Sogamoso;2.1.2.02.02.009.00;Servicios para la comunidad, sociales y personales;31 - Posgrados;$ 20,000,000.00;$ 20,000,000.00;$ 9,961,000.00;$ 9,961,000.00;31/08/2026
13 - SECCIONAL SOGAMOSO;2.1.2 Gastos de Funcionamiento;213060020 - Especialización en Seguridad y Salud en el Trabajo - Sogamoso;2.1.2.02.02.009.01;Cátedras posgrados;31 - Posgrados;$ 115,119,360.00;$ 115,119,360.00;$ 68,855,130.00;$ 68,855,130.00;31/08/2026
13 - SECCIONAL SOGAMOSO;2.1.2 Gastos de Funcionamiento;213060020 - Especialización en Seguridad y Salud en el Trabajo - Sogamoso;2.1.2.02.02.009.03;Parafiscales cátedras posgrados;31 - Posgrados;$ 16,404,509.00;$ 16,404,509.00;$ 0.00;$ 0.00;31/08/2026
13 - SECCIONAL SOGAMOSO;2.1.2 Gastos de Funcionamiento;213060020 - Especialización en Seguridad y Salud en el Trabajo - Sogamoso;2.1.2.02.02.010;Viáticos de los funcionarios en comisión;31 - Posgrados;$ 10,000,000.00;$ 10,000,000.00;$ 2,233,535.00;$ 1,680,061.00;31/08/2026
13 - SECCIONAL SOGAMOSO;2.1.2 Gastos de Funcionamiento;213060021 - Especialización en Automatización Industrial;2.1.2.02.02.008;Servicios prestados a las empresas y servicios de producción ;31 - Posgrados;$ 63,284,552.00;$ 63,284,552.00;$ 0.00;$ 0.00;31/08/2026
13 - SECCIONAL SOGAMOSO;2.1.2 Gastos de Funcionamiento;213060021 - Especialización en Automatización Industrial;2.1.2.02.02.009.01;Cátedras posgrados;31 - Posgrados;$ 115,119,360.00;$ 115,119,360.00;$ 66,596,040.00;$ 66,596,040.00;31/08/2026
13 - SECCIONAL SOGAMOSO;2.1.2 Gastos de Funcionamiento;213060021 - Especialización en Automatización Industrial;2.1.2.02.02.009.03;Parafiscales cátedras posgrados;31 - Posgrados;$ 16,404,509.00;$ 16,404,509.00;$ 0.00;$ 0.00;31/08/2026
13 - SECCIONAL SOGAMOSO;2.1.2 Gastos de Funcionamiento;213060021 - Especialización en Automatización Industrial;2.1.2.02.02.010;Viáticos de los funcionarios en comisión;31 - Posgrados;$ 5,000,000.00;$ 5,000,000.00;$ 4,905,736.00;$ 4,013,421.00;31/08/2026
13 - SECCIONAL SOGAMOSO;2.1.2 Gastos de Funcionamiento;213060022 - Especialización en Gestión Ambiental;2.1.2.02.02.008;Servicios prestados a las empresas y servicios de producción ;31 - Posgrados;$ 85,048,800.00;$ 85,048,800.00;$ 0.00;$ 0.00;31/08/2026
13 - SECCIONAL SOGAMOSO;2.1.2 Gastos de Funcionamiento;213060022 - Especialización en Gestión Ambiental;2.1.2.02.02.009.01;Cátedras posgrados;31 - Posgrados;$ 104,326,920.00;$ 104,326,920.00;$ 31,024,836.00;$ 31,024,836.00;31/08/2026
13 - SECCIONAL SOGAMOSO;2.1.2 Gastos de Funcionamiento;213060022 - Especialización en Gestión Ambiental;2.1.2.02.02.009.03;Parafiscales cátedras posgrados;31 - Posgrados;$ 14,866,586.00;$ 14,866,586.00;$ 0.00;$ 0.00;31/08/2026
13 - SECCIONAL SOGAMOSO;2.1.2 Gastos de Funcionamiento;213060024 - Especialización en Gestión y Auditoría Tributaria;2.1.2.02.02.006.00;"Comercio y distribución; alojamiento; servicios de suministro de comidas y bebidas; servicios de transporte; y servicios de distribución de electricidad, gas y agua";31 - Posgrados;$ 5,000,000.00;$ 5,000,000.00;$ 5,000,000.00;$ 0.00;31/08/2026
13 - SECCIONAL SOGAMOSO;2.1.2 Gastos de Funcionamiento;213060024 - Especialización en Gestión y Auditoría Tributaria;2.1.2.02.02.008;Servicios prestados a las empresas y servicios de producción ;31 - Posgrados;$ 109,086,189.00;$ 109,086,189.00;$ 48,574,294.00;$ 38,430,394.00;31/08/2026
13 - SECCIONAL SOGAMOSO;2.1.2 Gastos de Funcionamiento;213060024 - Especialización en Gestión y Auditoría Tributaria;2.1.2.02.02.009.00;Servicios para la comunidad, sociales y personales;31 - Posgrados;$ 2,000,000.00;$ 1,726,976.00;$ 0.00;$ 0.00;31/08/2026
13 - SECCIONAL SOGAMOSO;2.1.2 Gastos de Funcionamiento;213060024 - Especialización en Gestión y Auditoría Tributaria;2.1.2.02.02.009.01;Cátedras posgrados;31 - Posgrados;$ 115,119,360.00;$ 115,392,384.00;$ 70,210,584.00;$ 70,210,584.00;31/08/2026
13 - SECCIONAL SOGAMOSO;2.1.2 Gastos de Funcionamiento;213060024 - Especialización en Gestión y Auditoría Tributaria;2.1.2.02.02.009.03;Parafiscales cátedras posgrados;31 - Posgrados;$ 16,404,509.00;$ 16,404,509.00;$ 0.00;$ 0.00;31/08/2026
13 - SECCIONAL SOGAMOSO;2.1.2 Gastos de Funcionamiento;213060042 - Especialización en Analítica Estratégica de Datos;2.1.2.02.02.006.00;"Comercio y distribución; alojamiento; servicios de suministro de comidas y bebidas; servicios de transporte; y servicios de distribución de electricidad, gas y agua";31 - Posgrados;$ 30,000,000.00;$ 30,000,000.00;$ 20,000,000.00;$ 3,682,000.00;31/08/2026
13 - SECCIONAL SOGAMOSO;2.1.2 Gastos de Funcionamiento;213060042 - Especialización en Analítica Estratégica de Datos;2.1.2.02.02.008;Servicios prestados a las empresas y servicios de producción ;31 - Posgrados;$ 188,443,780.00;$ 180,972,780.00;$ 56,705,047.00;$ 37,153,182.00;31/08/2026
13 - SECCIONAL SOGAMOSO;2.1.2 Gastos de Funcionamiento;213060042 - Especialización en Analítica Estratégica de Datos;2.1.2.02.02.009.00;Servicios para la comunidad, sociales y personales;31 - Posgrados;$ 0.00;$ 13,481,000.00;$ 10,470,080.00;$ 3,000,000.00;31/08/2026
13 - SECCIONAL SOGAMOSO;2.1.2 Gastos de Funcionamiento;213060042 - Especialización en Analítica Estratégica de Datos;2.1.2.02.02.009.01;Cátedras posgrados;31 - Posgrados;$ 115,119,360.00;$ 144,308,736.00;$ 74,427,552.00;$ 74,427,552.00;31/08/2026
13 - SECCIONAL SOGAMOSO;2.1.2 Gastos de Funcionamiento;213060042 - Especialización en Analítica Estratégica de Datos;2.1.2.02.02.009.03;Parafiscales cátedras posgrados;31 - Posgrados;$ 16,404,509.00;$ 16,404,509.00;$ 0.00;$ 0.00;31/08/2026
13 - SECCIONAL SOGAMOSO;2.1.2 Gastos de Funcionamiento;213060023 - Maestría en Ingeniería;2.1.2.02.02.008;Servicios prestados a las empresas y servicios de producción ;31 - Posgrados;$ 8,296,560.00;$ 8,296,560.00;$ 0.00;$ 0.00;31/08/2026
13 - SECCIONAL SOGAMOSO;2.1.2 Gastos de Funcionamiento;213060023 - Maestría en Ingeniería;2.1.2.02.02.009.00;Servicios para la comunidad, sociales y personales;31 - Posgrados;$ 12,526,800.00;$ 12,526,800.00;$ 0.00;$ 0.00;31/08/2026
13 - SECCIONAL SOGAMOSO;2.1.2 Gastos de Funcionamiento;213060023 - Maestría en Ingeniería;2.1.2.02.02.009.01;Cátedras posgrados;31 - Posgrados;$ 35,974,656.00;$ 35,974,656.00;$ 22,505,520.00;$ 22,505,520.00;31/08/2026
13 - SECCIONAL SOGAMOSO;2.1.2 Gastos de Funcionamiento;213060023 - Maestría en Ingeniería;2.1.2.02.02.009.03;Parafiscales cátedras posgrados;31 - Posgrados;$ 5,126,388.00;$ 5,126,388.00;$ 0.00;$ 0.00;31/08/2026
13 - SECCIONAL SOGAMOSO;2.1.2 Gastos de Funcionamiento;213060026 - Maestría en Ciencias de la Tierra;2.1.2.02.02.009.01;Cátedras posgrados;31 - Posgrados;$ 20,703,814.00;$ 20,703,814.00;$ 0.00;$ 0.00;31/08/2026
13 - SECCIONAL SOGAMOSO;2.1.2 Gastos de Funcionamiento;213060026 - Maestría en Ciencias de la Tierra;2.1.2.02.02.009.03;Parafiscales cátedras posgrados;31 - Posgrados;$ 3,844,791.00;$ 3,844,791.00;$ 0.00;$ 0.00;31/08/2026
13 - SECCIONAL SOGAMOSO;2.1.2 Gastos de Funcionamiento;213060027 - Maestría en Seguridad y Salud en el Trabajo, énfasis en Higiene y Seguridad Industrial;2.1.2.02.02.008;Servicios prestados a las empresas y servicios de producción ;31 - Posgrados;$ 8,737,782.00;$ 5,655,221.00;$ 0.00;$ 0.00;31/08/2026
13 - SECCIONAL SOGAMOSO;2.1.2 Gastos de Funcionamiento;213060027 - Maestría en Seguridad y Salud en el Trabajo, énfasis en Higiene y Seguridad Industrial;2.1.2.02.02.009.00;Servicios para la comunidad, sociales y personales;31 - Posgrados;$ 26,790,200.00;$ 26,790,200.00;$ 8,538,000.00;$ 8,538,000.00;31/08/2026
13 - SECCIONAL SOGAMOSO;2.1.2 Gastos de Funcionamiento;213060027 - Maestría en Seguridad y Salud en el Trabajo, énfasis en Higiene y Seguridad Industrial;2.1.2.02.02.009.01;Cátedras posgrados;31 - Posgrados;$ 53,961,984.00;$ 53,961,984.00;$ 18,336,342.00;$ 18,336,342.00;31/08/2026
13 - SECCIONAL SOGAMOSO;2.1.2 Gastos de Funcionamiento;213060027 - Maestría en Seguridad y Salud en el Trabajo, énfasis en Higiene y Seguridad Industrial;2.1.2.02.02.009.03;Parafiscales cátedras posgrados;31 - Posgrados;$ 7,689,583.00;$ 7,689,583.00;$ 0.00;$ 0.00;31/08/2026
13 - SECCIONAL SOGAMOSO;2.1.2 Gastos de Funcionamiento;213060027 - Maestría en Seguridad y Salud en el Trabajo, énfasis en Higiene y Seguridad Industrial;2.1.2.02.02.010;Viáticos de los funcionarios en comisión;31 - Posgrados;$ 3,000,000.00;$ 3,000,000.00;$ 0.00;$ 0.00;31/08/2026
13 - SECCIONAL SOGAMOSO;2.1.2 Gastos de Funcionamiento;213060030 - Maestría en Administración;2.1.2.02.02.009.00;Servicios para la comunidad, sociales y personales;31 - Posgrados;$ 16,252,216.00;$ 20,000,000.00;$ 5,692,000.00;$ 5,692,000.00;31/08/2026
13 - SECCIONAL SOGAMOSO;2.1.2 Gastos de Funcionamiento;213060030 - Maestría en Administración;2.1.2.02.02.009.01;Cátedras posgrados;31 - Posgrados;$ 107,923,968.00;$ 107,923,968.00;$ 55,107,390.50;$ 55,107,390.50;31/08/2026
13 - SECCIONAL SOGAMOSO;2.1.2 Gastos de Funcionamiento;213060030 - Maestría en Administración;2.1.2.02.02.009.03;Parafiscales cátedras posgrados;31 - Posgrados;$ 15,379,165.00;$ 15,379,165.00;$ 0.00;$ 0.00;31/08/2026
13 - SECCIONAL SOGAMOSO;2.1.2 Gastos de Funcionamiento;213060030 - Maestría en Administración;2.1.2.02.02.010;Viáticos de los funcionarios en comisión;31 - Posgrados;$ 0.00;$ 7,000,000.00;$ 293,712.00;$ 0.00;31/08/2026
13 - SECCIONAL SOGAMOSO;2.1.2 Gastos de Funcionamiento;213060032 - Maestría en Logística;2.1.2.02.02.009.00;Servicios para la comunidad, sociales y personales;31 - Posgrados;$ 17,614,276.00;$ 17,614,276.00;$ 0.00;$ 0.00;31/08/2026
13 - SECCIONAL SOGAMOSO;2.1.2 Gastos de Funcionamiento;213060032 - Maestría en Logística;2.1.2.02.02.009.01;Cátedras posgrados;31 - Posgrados;$ 17,987,329.00;$ 17,987,329.00;$ 8,993,664.50;$ 8,993,664.50;31/08/2026
13 - SECCIONAL SOGAMOSO;2.1.2 Gastos de Funcionamiento;213060031 - Doctorado en Ingeniería - Sogamoso;2.1.2.02.02.008;Servicios prestados a las empresas y servicios de producción ;31 - Posgrados;$ 14,720,000.00;$ 0.00;$ 0.00;$ 0.00;31/08/2026
13 - SECCIONAL SOGAMOSO;2.1.2 Gastos de Funcionamiento;213060031 - Doctorado en Ingeniería - Sogamoso;2.1.2.02.02.009.00;Servicios para la comunidad, sociales y personales;31 - Posgrados;$ 11,153,054.00;$ 10,862,302.00;$ 7,000,000.00;$ 7,000,000.00;31/08/2026
13 - SECCIONAL SOGAMOSO;2.1.2 Gastos de Funcionamiento;213060031 - Doctorado en Ingeniería - Sogamoso;2.1.2.02.02.009.01;Cátedras posgrados;31 - Posgrados;$ 29,739,136.00;$ 44,749,888.00;$ 20,005,248.00;$ 20,005,248.00;31/08/2026
13 - SECCIONAL SOGAMOSO;2.1.2 Gastos de Funcionamiento;213090003 - CIFAS - Centro de Gestión de Investigación y Extensión de la Facultad Seccional Sogamoso;2.1.2.02.02.008;Servicios prestados a las empresas y servicios de producción ;31 - Posgrados;$ 78,887,218.00;$ 78,887,218.00;$ 4,435,381.00;$ 0.00;31/08/2026
13 - SECCIONAL SOGAMOSO;2.1.2 Gastos de Funcionamiento;213090003 - CIFAS - Centro de Gestión de Investigación y Extensión de la Facultad Seccional Sogamoso;2.1.2.02.02.009.00;Servicios para la comunidad, sociales y personales;31 - Posgrados;$ 39,443,607.00;$ 39,443,607.00;$ 1,059,484.80;$ 0.00;31/08/2026
13 - SECCIONAL SOGAMOSO;2.1.2 Gastos de Funcionamiento;213090003 - CIFAS - Centro de Gestión de Investigación y Extensión de la Facultad Seccional Sogamoso;2.1.2.02.02.010;Viáticos de los funcionarios en comisión;31 - Posgrados;$ 65,739,346.00;$ 80,739,346.00;$ 31,885,487.34;$ 22,425,400.62;31/08/2026
13 - SECCIONAL SOGAMOSO;2.1.3 Transferencias Corrientes;213060020 - Especialización en Seguridad y Salud en el Trabajo - Sogamoso;2.1.3.06.03;Beneficios educativos a la comunidad universitaria;31 - Posgrados;$ 0.00;$ 2,311,921.00;$ 2,311,921.00;$ 2,311,921.00;31/08/2026
13 - SECCIONAL SOGAMOSO;2.1.3 Transferencias Corrientes;213060022 - Especialización en Gestión Ambiental;2.1.3.03.03.001;Membresías internacionales;31 - Posgrados;$ 2,000,000.00;$ 2,000,000.00;$ 0.00;$ 0.00;31/08/2026
13 - SECCIONAL SOGAMOSO;2.1.3 Transferencias Corrientes;213060042 - Especialización en Analítica Estratégica de Datos;2.1.3.06.03;Beneficios educativos a la comunidad universitaria;31 - Posgrados;$ 0.00;$ 285,000.00;$ 284,700.00;$ 284,700.00;31/08/2026
13 - SECCIONAL SOGAMOSO;2.1.3 Transferencias Corrientes;213060023 - Maestría en Ingeniería;2.1.3.03.03.001;Membresías internacionales;31 - Posgrados;$ 2,000,000.00;$ 2,000,000.00;$ 0.00;$ 0.00;31/08/2026
13 - SECCIONAL SOGAMOSO;2.1.3 Transferencias Corrientes;213060027 - Maestría en Seguridad y Salud en el Trabajo, énfasis en Higiene y Seguridad Industrial;2.1.3.06.03;Beneficios educativos a la comunidad universitaria;31 - Posgrados;$ 0.00;$ 3,082,561.00;$ 3,082,561.00;$ 3,082,561.00;31/08/2026
13 - SECCIONAL SOGAMOSO;2.1.3 Transferencias Corrientes;213060030 - Maestría en Administración;2.1.3.06.03;Beneficios educativos a la comunidad universitaria;31 - Posgrados;$ 0.00;$ 285,000.00;$ 284,700.00;$ 284,700.00;31/08/2026
14 - SECCIONAL CHIQUINQUIRA;2.1.2 Gastos de Funcionamiento;211060011 - Especialización en Control Organizacional;2.1.2.02.01.003;Otros bienes transportables (excepto productos metálicos, maquinaria y equipo);31 - Posgrados;$ 10,919,678.00;$ 10,919,678.00;$ 0.00;$ 0.00;31/08/2026
14 - SECCIONAL CHIQUINQUIRA;2.1.2 Gastos de Funcionamiento;211060011 - Especialización en Control Organizacional;2.1.2.02.01.004;Productos metálicos, maquinaria y equipo;31 - Posgrados;$ 20,000,000.00;$ 20,000,000.00;$ 0.00;$ 0.00;31/08/2026
14 - SECCIONAL CHIQUINQUIRA;2.1.2 Gastos de Funcionamiento;211090003 - CENDES - Centro de Gestión de Investigación y Extensión de la Facultad Seccional Chiquinquirá;2.1.2.02.01.004;Productos metálicos, maquinaria y equipo;31 - Posgrados;$ 2,000,000.00;$ 2,000,000.00;$ 0.00;$ 0.00;31/08/2026
14 - SECCIONAL CHIQUINQUIRA;2.1.2 Gastos de Funcionamiento;211060011 - Especialización en Control Organizacional;2.1.2.02.02.006.03;Viaticos y gastos de viaje;31 - Posgrados;$ 3,500,000.00;$ 3,500,000.00;$ 0.00;$ 0.00;31/08/2026
14 - SECCIONAL CHIQUINQUIRA;2.1.2 Gastos de Funcionamiento;211060011 - Especialización en Control Organizacional;2.1.2.02.02.008;Servicios prestados a las empresas y servicios de producción ;31 - Posgrados;$ 15,000,000.00;$ 15,000,000.00;$ 0.00;$ 0.00;31/08/2026
14 - SECCIONAL CHIQUINQUIRA;2.1.2 Gastos de Funcionamiento;211060011 - Especialización en Control Organizacional;2.1.2.02.02.009.01;Cátedras posgrados;31 - Posgrados;$ 56,848,896.00;$ 56,848,896.00;$ 0.00;$ 0.00;31/08/2026
14 - SECCIONAL CHIQUINQUIRA;2.1.2 Gastos de Funcionamiento;211060011 - Especialización en Control Organizacional;2.1.2.02.02.009.03;Parafiscales cátedras posgrados;31 - Posgrados;$ 8,100,968.00;$ 8,100,968.00;$ 0.00;$ 0.00;31/08/2026
14 - SECCIONAL CHIQUINQUIRA;2.1.2 Gastos de Funcionamiento;211090003 - CENDES - Centro de Gestión de Investigación y Extensión de la Facultad Seccional Chiquinquirá;2.1.2.02.02.008;Servicios prestados a las empresas y servicios de producción ;31 - Posgrados;$ 3,000,000.00;$ 3,000,000.00;$ 0.00;$ 0.00;31/08/2026
14 - SECCIONAL CHIQUINQUIRA;2.1.2 Gastos de Funcionamiento;211090003 - CENDES - Centro de Gestión de Investigación y Extensión de la Facultad Seccional Chiquinquirá;2.1.2.02.02.009.00;Servicios para la comunidad, sociales y personales;31 - Posgrados;$ 5,000,000.00;$ 5,000,000.00;$ 0.00;$ 0.00;31/08/2026
14 - SECCIONAL CHIQUINQUIRA;2.1.2 Gastos de Funcionamiento;211090003 - CENDES - Centro de Gestión de Investigación y Extensión de la Facultad Seccional Chiquinquirá;2.1.2.02.02.010;Viáticos de los funcionarios en comisión;31 - Posgrados;$ 492,619.00;$ 492,619.00;$ 0.00;$ 0.00;31/08/2026
11 - ESTUDIOS TECNOLOGICOS Y A DISTANCIA;2.1.2 Gastos de Funcionamiento;209060005 - Especialización en Alta Gerencia de Empresas;2.1.2.02.01.003;Otros bienes transportables (excepto productos metálicos, maquinaria y equipo);31 - Posgrados;$ 40,000,000.00;$ 0.00;$ 0.00;$ 0.00;31/08/2026
11 - ESTUDIOS TECNOLOGICOS Y A DISTANCIA;2.1.2 Gastos de Funcionamiento;209060005 - Especialización en Alta Gerencia de Empresas;2.1.2.02.01.004;Productos metálicos, maquinaria y equipo;31 - Posgrados;$ 50,000,000.00;$ 0.00;$ 0.00;$ 0.00;31/08/2026
11 - ESTUDIOS TECNOLOGICOS Y A DISTANCIA;2.1.2 Gastos de Funcionamiento;209060007 - Especialización en Pedagogía de la Lengua Castellana y Literatura;2.1.2.02.01.004;Productos metálicos, maquinaria y equipo;31 - Posgrados;$ 91,845,000.00;$ 42,773,977.16;$ 0.00;$ 0.00;31/08/2026
11 - ESTUDIOS TECNOLOGICOS Y A DISTANCIA;2.1.2 Gastos de Funcionamiento;209060006 - Maestría en Didáctica de la Matemática;2.1.2.02.01.004;Productos metálicos, maquinaria y equipo;31 - Posgrados;$ 25,785,000.00;$ 0.00;$ 0.00;$ 0.00;31/08/2026
11 - ESTUDIOS TECNOLOGICOS Y A DISTANCIA;2.1.2 Gastos de Funcionamiento;209090002 - CIDEA - Centro de Gestión de Investigación y Extensión de la Facultad de Estudios Tecnológicos y a Distancia;2.1.2.02.01.003;Otros bienes transportables (excepto productos metálicos, maquinaria y equipo);31 - Posgrados;$ 50,000,000.00;$ 25,000,000.00;$ 0.00;$ 0.00;31/08/2026
11 - ESTUDIOS TECNOLOGICOS Y A DISTANCIA;2.1.2 Gastos de Funcionamiento;209090002 - CIDEA - Centro de Gestión de Investigación y Extensión de la Facultad de Estudios Tecnológicos y a Distancia;2.1.2.02.01.004;Productos metálicos, maquinaria y equipo;31 - Posgrados;$ 60,000,000.00;$ 30,000,000.00;$ 0.00;$ 0.00;31/08/2026
11 - ESTUDIOS TECNOLOGICOS Y A DISTANCIA;2.1.2 Gastos de Funcionamiento;209060224 - Especialización en Auditoría de la Calidad en Salud;2.1.2.02.02.006.00;"Comercio y distribución; alojamiento; servicios de suministro de comidas y bebidas; servicios de transporte; y servicios de distribución de electricidad, gas y agua";31 - Posgrados;$ 0.00;$ 10,000,000.00;$ 10,000,000.00;$ 0.00;31/08/2026
11 - ESTUDIOS TECNOLOGICOS Y A DISTANCIA;2.1.2 Gastos de Funcionamiento;209060224 - Especialización en Auditoría de la Calidad en Salud;2.1.2.02.02.006.03;Viaticos y gastos de viaje;31 - Posgrados;$ 70,632,000.00;$ 0.00;$ 0.00;$ 0.00;31/08/2026
11 - ESTUDIOS TECNOLOGICOS Y A DISTANCIA;2.1.2 Gastos de Funcionamiento;209060224 - Especialización en Auditoría de la Calidad en Salud;2.1.2.02.02.008;Servicios prestados a las empresas y servicios de producción ;31 - Posgrados;$ 0.00;$ 110,000,000.00;$ 61,233,960.00;$ 7,318,800.00;31/08/2026
11 - ESTUDIOS TECNOLOGICOS Y A DISTANCIA;2.1.2 Gastos de Funcionamiento;209060224 - Especialización en Auditoría de la Calidad en Salud;2.1.2.02.02.009.01;Cátedras posgrados;31 - Posgrados;$ 95,000,000.00;$ 95,000,000.00;$ 0.00;$ 0.00;31/08/2026
11 - ESTUDIOS TECNOLOGICOS Y A DISTANCIA;2.1.2 Gastos de Funcionamiento;209060224 - Especialización en Auditoría de la Calidad en Salud;2.1.2.02.02.009.03;Parafiscales cátedras posgrados;31 - Posgrados;$ 14,000,000.00;$ 7,000,000.00;$ 0.00;$ 0.00;31/08/2026
11 - ESTUDIOS TECNOLOGICOS Y A DISTANCIA;2.1.2 Gastos de Funcionamiento;209060224 - Especialización en Auditoría de la Calidad en Salud;2.1.2.02.02.010;Viáticos de los funcionarios en comisión;31 - Posgrados;$ 0.00;$ 14,316,000.00;$ 11,223,036.55;$ 11,223,036.55;31/08/2026
11 - ESTUDIOS TECNOLOGICOS Y A DISTANCIA;2.1.2 Gastos de Funcionamiento;209060225 - Especialización en Marketing Digital;2.1.2.02.02.006.00;"Comercio y distribución; alojamiento; servicios de suministro de comidas y bebidas; servicios de transporte; y servicios de distribución de electricidad, gas y agua";31 - Posgrados;$ 70,632,000.00;$ 35,316,000.00;$ 0.00;$ 0.00;31/08/2026
11 - ESTUDIOS TECNOLOGICOS Y A DISTANCIA;2.1.2 Gastos de Funcionamiento;209060225 - Especialización en Marketing Digital;2.1.2.02.02.008;Servicios prestados a las empresas y servicios de producción ;31 - Posgrados;$ 0.00;$ 35,316,000.00;$ 32,568,660.00;$ 17,931,060.00;31/08/2026
11 - ESTUDIOS TECNOLOGICOS Y A DISTANCIA;2.1.2 Gastos de Funcionamiento;209060225 - Especialización en Marketing Digital;2.1.2.02.02.009.01;Cátedras posgrados;31 - Posgrados;$ 95,000,000.00;$ 95,000,000.00;$ 39,759,984.00;$ 39,759,984.00;31/08/2026
11 - ESTUDIOS TECNOLOGICOS Y A DISTANCIA;2.1.2 Gastos de Funcionamiento;209060225 - Especialización en Marketing Digital;2.1.2.02.02.009.03;Parafiscales cátedras posgrados;31 - Posgrados;$ 14,000,000.00;$ 14,000,000.00;$ 0.00;$ 0.00;31/08/2026
11 - ESTUDIOS TECNOLOGICOS Y A DISTANCIA;2.1.2 Gastos de Funcionamiento;209060003 - Especialización en Didáctica de la Matemática para la Educación Básica;2.1.2.02.02.008;Servicios prestados a las empresas y servicios de producción ;31 - Posgrados;$ 100,000,000.00;$ 100,000,000.00;$ 93,964,190.00;$ 66,935,990.00;31/08/2026
11 - ESTUDIOS TECNOLOGICOS Y A DISTANCIA;2.1.2 Gastos de Funcionamiento;209060003 - Especialización en Didáctica de la Matemática para la Educación Básica;2.1.2.02.02.009.00;Servicios para la comunidad, sociales y personales;31 - Posgrados;$ 10,935,000.00;$ 10,935,000.00;$ 0.00;$ 0.00;31/08/2026
11 - ESTUDIOS TECNOLOGICOS Y A DISTANCIA;2.1.2 Gastos de Funcionamiento;209060003 - Especialización en Didáctica de la Matemática para la Educación Básica;2.1.2.02.02.009.01;Cátedras posgrados;31 - Posgrados;$ 162,000,000.00;$ 162,000,000.00;$ 92,472,084.00;$ 92,472,084.00;31/08/2026
11 - ESTUDIOS TECNOLOGICOS Y A DISTANCIA;2.1.2 Gastos de Funcionamiento;209060003 - Especialización en Didáctica de la Matemática para la Educación Básica;2.1.2.02.02.009.03;Parafiscales cátedras posgrados;31 - Posgrados;$ 23,000,000.00;$ 23,000,000.00;$ 0.00;$ 0.00;31/08/2026
11 - ESTUDIOS TECNOLOGICOS Y A DISTANCIA;2.1.2 Gastos de Funcionamiento;209060004 - Especialización en Gerencia de Empresas de Salud;2.1.2.02.02.008;Servicios prestados a las empresas y servicios de producción ;31 - Posgrados;$ 93,985,000.00;$ 93,985,000.00;$ 32,825,460.00;$ 32,825,460.00;31/08/2026
11 - ESTUDIOS TECNOLOGICOS Y A DISTANCIA;2.1.2 Gastos de Funcionamiento;209060004 - Especialización en Gerencia de Empresas de Salud;2.1.2.02.02.009.01;Cátedras posgrados;31 - Posgrados;$ 124,000,000.00;$ 124,000,000.00;$ 68,626,664.00;$ 68,626,664.00;31/08/2026
11 - ESTUDIOS TECNOLOGICOS Y A DISTANCIA;2.1.2 Gastos de Funcionamiento;209060004 - Especialización en Gerencia de Empresas de Salud;2.1.2.02.02.009.03;Parafiscales cátedras posgrados;31 - Posgrados;$ 18,000,000.00;$ 18,000,000.00;$ 0.00;$ 0.00;31/08/2026
11 - ESTUDIOS TECNOLOGICOS Y A DISTANCIA;2.1.2 Gastos de Funcionamiento;209060005 - Especialización en Alta Gerencia de Empresas;2.1.2.02.02.006.00;"Comercio y distribución; alojamiento; servicios de suministro de comidas y bebidas; servicios de transporte; y servicios de distribución de electricidad, gas y agua";31 - Posgrados;$ 48,800,000.00;$ 0.00;$ 0.00;$ 0.00;31/08/2026
11 - ESTUDIOS TECNOLOGICOS Y A DISTANCIA;2.1.2 Gastos de Funcionamiento;209060005 - Especialización en Alta Gerencia de Empresas;2.1.2.02.02.006.03;Viaticos y gastos de viaje;31 - Posgrados;$ 30,000,000.00;$ 0.00;$ 0.00;$ 0.00;31/08/2026
11 - ESTUDIOS TECNOLOGICOS Y A DISTANCIA;2.1.2 Gastos de Funcionamiento;209060005 - Especialización en Alta Gerencia de Empresas;2.1.2.02.02.008;Servicios prestados a las empresas y servicios de producción ;31 - Posgrados;$ 200,000,000.00;$ 693,527,918.57;$ 691,888,450.00;$ 177,250,850.00;31/08/2026
11 - ESTUDIOS TECNOLOGICOS Y A DISTANCIA;2.1.2 Gastos de Funcionamiento;209060005 - Especialización en Alta Gerencia de Empresas;2.1.2.02.02.009.01;Cátedras posgrados;31 - Posgrados;$ 555,000,000.00;$ 343,052,552.00;$ 343,052,552.00;$ 343,052,552.00;31/08/2026
11 - ESTUDIOS TECNOLOGICOS Y A DISTANCIA;2.1.2 Gastos de Funcionamiento;209060005 - Especialización en Alta Gerencia de Empresas;2.1.2.02.02.009.03;Parafiscales cátedras posgrados;31 - Posgrados;$ 79,000,000.00;$ 39,500,000.00;$ 0.00;$ 0.00;31/08/2026
11 - ESTUDIOS TECNOLOGICOS Y A DISTANCIA;2.1.2 Gastos de Funcionamiento;209060007 - Especialización en Pedagogía de la Lengua Castellana y Literatura;2.1.2.02.02.008;Servicios prestados a las empresas y servicios de producción ;31 - Posgrados;$ 100,000,000.00;$ 149,071,022.84;$ 148,150,773.00;$ 59,195,610.00;31/08/2026
11 - ESTUDIOS TECNOLOGICOS Y A DISTANCIA;2.1.2 Gastos de Funcionamiento;209060007 - Especialización en Pedagogía de la Lengua Castellana y Literatura;2.1.2.02.02.009.01;Cátedras posgrados;31 - Posgrados;$ 185,000,000.00;$ 185,000,000.00;$ 129,850,288.00;$ 129,850,288.00;31/08/2026
11 - ESTUDIOS TECNOLOGICOS Y A DISTANCIA;2.1.2 Gastos de Funcionamiento;209060007 - Especialización en Pedagogía de la Lengua Castellana y Literatura;2.1.2.02.02.009.03;Parafiscales cátedras posgrados;31 - Posgrados;$ 27,000,000.00;$ 27,000,000.00;$ 0.00;$ 0.00;31/08/2026
11 - ESTUDIOS TECNOLOGICOS Y A DISTANCIA;2.1.2 Gastos de Funcionamiento;209060210 - Maestría en Pedagogía de la Lengua Castellana y Literatura;2.1.2.02.02.008;Servicios prestados a las empresas y servicios de producción ;31 - Posgrados;$ 0.00;$ 19,300,934.86;$ 0.00;$ 0.00;31/08/2026
11 - ESTUDIOS TECNOLOGICOS Y A DISTANCIA;2.1.2 Gastos de Funcionamiento;209060210 - Maestría en Pedagogía de la Lengua Castellana y Literatura;2.1.2.02.02.009.00;Servicios para la comunidad, sociales y personales;31 - Posgrados;$ 22,505,000.00;$ 3,204,065.14;$ 0.00;$ 0.00;31/08/2026
11 - ESTUDIOS TECNOLOGICOS Y A DISTANCIA;2.1.2 Gastos de Funcionamiento;209060210 - Maestría en Pedagogía de la Lengua Castellana y Literatura;2.1.2.02.02.009.01;Cátedras posgrados;31 - Posgrados;$ 213,000,000.00;$ 213,000,000.00;$ 129,144,988.00;$ 129,144,988.00;31/08/2026
11 - ESTUDIOS TECNOLOGICOS Y A DISTANCIA;2.1.2 Gastos de Funcionamiento;209060210 - Maestría en Pedagogía de la Lengua Castellana y Literatura;2.1.2.02.02.009.03;Parafiscales cátedras posgrados;31 - Posgrados;$ 31,000,000.00;$ 31,000,000.00;$ 0.00;$ 0.00;31/08/2026
11 - ESTUDIOS TECNOLOGICOS Y A DISTANCIA;2.1.2 Gastos de Funcionamiento;209060006 - Maestría en Didáctica de la Matemática;2.1.2.02.02.008;Servicios prestados a las empresas y servicios de producción ;31 - Posgrados;$ 0.00;$ 135,862,120.00;$ 134,056,020.00;$ 46,840,320.00;31/08/2026
11 - ESTUDIOS TECNOLOGICOS Y A DISTANCIA;2.1.2 Gastos de Funcionamiento;209060006 - Maestría en Didáctica de la Matemática;2.1.2.02.02.009.00;Servicios para la comunidad, sociales y personales;31 - Posgrados;$ 50,000,000.00;$ 0.00;$ 0.00;$ 0.00;31/08/2026
11 - ESTUDIOS TECNOLOGICOS Y A DISTANCIA;2.1.2 Gastos de Funcionamiento;209060006 - Maestría en Didáctica de la Matemática;2.1.2.02.02.009.01;Cátedras posgrados;31 - Posgrados;$ 350,000,000.00;$ 350,000,000.00;$ 219,972,666.00;$ 219,972,666.00;31/08/2026
11 - ESTUDIOS TECNOLOGICOS Y A DISTANCIA;2.1.2 Gastos de Funcionamiento;209060006 - Maestría en Didáctica de la Matemática;2.1.2.02.02.009.03;Parafiscales cátedras posgrados;31 - Posgrados;$ 50,000,000.00;$ 50,000,000.00;$ 0.00;$ 0.00;31/08/2026
11 - ESTUDIOS TECNOLOGICOS Y A DISTANCIA;2.1.2 Gastos de Funcionamiento;209090002 - CIDEA - Centro de Gestión de Investigación y Extensión de la Facultad de Estudios Tecnológicos y a Distancia;2.1.2.02.02.006.00;"Comercio y distribución; alojamiento; servicios de suministro de comidas y bebidas; servicios de transporte; y servicios de distribución de electricidad, gas y agua";31 - Posgrados;$ 0.00;$ 55,000,000.00;$ 55,000,000.00;$ 6,214,611.00;31/08/2026
11 - ESTUDIOS TECNOLOGICOS Y A DISTANCIA;2.1.2 Gastos de Funcionamiento;209090002 - CIDEA - Centro de Gestión de Investigación y Extensión de la Facultad de Estudios Tecnológicos y a Distancia;2.1.2.02.02.008;Servicios prestados a las empresas y servicios de producción ;31 - Posgrados;$ 50,000,000.00;$ 65,469,400.00;$ 58,100,782.50;$ 21,419,652.50;31/08/2026
11 - ESTUDIOS TECNOLOGICOS Y A DISTANCIA;2.1.2 Gastos de Funcionamiento;209090002 - CIDEA - Centro de Gestión de Investigación y Extensión de la Facultad de Estudios Tecnológicos y a Distancia;2.1.2.02.02.009.00;Servicios para la comunidad, sociales y personales;31 - Posgrados;$ 40,000,000.00;$ 40,530,600.00;$ 11,320,000.00;$ 8,020,000.00;31/08/2026
11 - ESTUDIOS TECNOLOGICOS Y A DISTANCIA;2.1.2 Gastos de Funcionamiento;209090002 - CIDEA - Centro de Gestión de Investigación y Extensión de la Facultad de Estudios Tecnológicos y a Distancia;2.1.2.02.02.010;Viáticos de los funcionarios en comisión;31 - Posgrados;$ 78,910,000.00;$ 62,910,000.00;$ 4,245,282.00;$ 2,769,815.00;31/08/2026
11 - ESTUDIOS TECNOLOGICOS Y A DISTANCIA;2.1.3 Transferencias Corrientes;209060005 - Especialización en Alta Gerencia de Empresas;2.1.3.06.03;Beneficios educativos a la comunidad universitaria;31 - Posgrados;$ 0.00;$ 2,200,000.00;$ 2,188,176.00;$ 2,188,176.00;31/08/2026
11 - ESTUDIOS TECNOLOGICOS Y A DISTANCIA;2.1.3 Transferencias Corrientes;209060006 - Maestría en Didáctica de la Matemática;2.1.3.06.03;Beneficios educativos a la comunidad universitaria;31 - Posgrados;$ 0.00;$ 4,029,880.00;$ 3,914,625.00;$ 3,914,625.00;31/08/2026
01 - ADMINISTRATIVA Y FINANCIERA;2.1.1 Gastos de Personal;102140049 - Vicerrectoría Administrativa y Financiera;2.1.1.01.01.001.01.01;Sueldo básico administrativos;32 - Extension;$ 200,078,600.00;$ 200,078,600.00;$ 0.00;$ 0.00;31/08/2026
01 - ADMINISTRATIVA Y FINANCIERA;2.1.1 Gastos de Personal;102140049 - Vicerrectoría Administrativa y Financiera;2.1.1.01.01.001.02;Horas extras, dominicales, festivos y recargos;32 - Extension;$ 2,753,099.00;$ 2,753,099.00;$ 0.00;$ 0.00;31/08/2026
01 - ADMINISTRATIVA Y FINANCIERA;2.1.1 Gastos de Personal;102140049 - Vicerrectoría Administrativa y Financiera;2.1.1.01.01.001.03;Gastos de representación;32 - Extension;$ 84,993,269.00;$ 84,993,269.00;$ 0.00;$ 0.00;31/08/2026
01 - ADMINISTRATIVA Y FINANCIERA;2.1.1 Gastos de Personal;102140049 - Vicerrectoría Administrativa y Financiera;2.1.1.01.01.001.04.01;Subsidio de alimentación administrativos;32 - Extension;$ 860,485.00;$ 860,485.00;$ 0.00;$ 0.00;31/08/2026
01 - ADMINISTRATIVA Y FINANCIERA;2.1.1 Gastos de Personal;102140049 - Vicerrectoría Administrativa y Financiera;2.1.1.01.01.001.05.01;Auxilio de transporte administrativos;32 - Extension;$ 874,896.00;$ 874,896.00;$ 0.00;$ 0.00;31/08/2026
01 - ADMINISTRATIVA Y FINANCIERA;2.1.1 Gastos de Personal;102140049 - Vicerrectoría Administrativa y Financiera;2.1.1.01.01.001.06.01;Prima de servicio administrativos;32 - Extension;$ 32,852,328.00;$ 32,852,328.00;$ 0.00;$ 0.00;31/08/2026
01 - ADMINISTRATIVA Y FINANCIERA;2.1.1 Gastos de Personal;102140049 - Vicerrectoría Administrativa y Financiera;2.1.1.01.01.001.07.01;Bonificación por servicios prestados administrativos;32 - Extension;$ 10,113,364.00;$ 10,113,364.00;$ 0.00;$ 0.00;31/08/2026
01 - ADMINISTRATIVA Y FINANCIERA;2.1.1 Gastos de Personal;102140049 - Vicerrectoría Administrativa y Financiera;2.1.1.01.01.001.08.01.01;Prima de navidad administrativos;32 - Extension;$ 28,886,591.00;$ 28,886,591.00;$ 0.00;$ 0.00;31/08/2026
01 - ADMINISTRATIVA Y FINANCIERA;2.1.1 Gastos de Personal;102140049 - Vicerrectoría Administrativa y Financiera;2.1.1.01.01.001.08.02.01;Prima de vacaciones administrativos;32 - Extension;$ 27,556,967.00;$ 27,556,967.00;$ 0.00;$ 0.00;31/08/2026
01 - ADMINISTRATIVA Y FINANCIERA;2.1.1 Gastos de Personal;102140049 - Vicerrectoría Administrativa y Financiera;2.1.1.01.01.001.09;Prima técnica salarial;32 - Extension;$ 1,945,689.00;$ 1,945,689.00;$ 0.00;$ 0.00;31/08/2026
01 - ADMINISTRATIVA Y FINANCIERA;2.1.1 Gastos de Personal;102140049 - Vicerrectoría Administrativa y Financiera;2.1.1.01.01.001.10;Viáticos de los funcionarios en comisión;32 - Extension;$ 242,944.00;$ 242,944.00;$ 0.00;$ 0.00;31/08/2026
01 - ADMINISTRATIVA Y FINANCIERA;2.1.1 Gastos de Personal;102140049 - Vicerrectoría Administrativa y Financiera;2.1.1.01.01.002.12.02.01;Beneficios a los empleados a largo plazo administrativos;32 - Extension;$ 2,854,204.00;$ 2,854,204.00;$ 0.00;$ 0.00;31/08/2026
01 - ADMINISTRATIVA Y FINANCIERA;2.1.1 Gastos de Personal;102140049 - Vicerrectoría Administrativa y Financiera;2.1.1.01.02.001;Aportes a la seguridad social en pensiones;32 - Extension;$ 39,790,009.00;$ 39,790,009.00;$ 0.00;$ 0.00;31/08/2026
01 - ADMINISTRATIVA Y FINANCIERA;2.1.1 Gastos de Personal;102140049 - Vicerrectoría Administrativa y Financiera;2.1.1.01.02.002;Aportes a la seguridad social en salud;32 - Extension;$ 28,074,329.00;$ 28,074,329.00;$ 0.00;$ 0.00;31/08/2026
01 - ADMINISTRATIVA Y FINANCIERA;2.1.1 Gastos de Personal;102140049 - Vicerrectoría Administrativa y Financiera;2.1.1.01.02.003;Aportes de cesantías ;32 - Extension;$ 34,278,274.00;$ 34,278,274.00;$ 0.00;$ 0.00;31/08/2026
01 - ADMINISTRATIVA Y FINANCIERA;2.1.1 Gastos de Personal;102140049 - Vicerrectoría Administrativa y Financiera;2.1.1.01.02.004;Aportes a cajas de compensación familiar;32 - Extension;$ 16,513,923.00;$ 16,513,923.00;$ 0.00;$ 0.00;31/08/2026
01 - ADMINISTRATIVA Y FINANCIERA;2.1.1 Gastos de Personal;102140049 - Vicerrectoría Administrativa y Financiera;2.1.1.01.02.005;Aportes generales al sistema de riesgos laborales;32 - Extension;$ 2,586,587.00;$ 2,586,587.00;$ 0.00;$ 0.00;31/08/2026
01 - ADMINISTRATIVA Y FINANCIERA;2.1.1 Gastos de Personal;102140049 - Vicerrectoría Administrativa y Financiera;2.1.1.01.02.006;Aportes al ICBF;32 - Extension;$ 12,385,437.00;$ 12,385,437.00;$ 0.00;$ 0.00;31/08/2026
01 - ADMINISTRATIVA Y FINANCIERA;2.1.1 Gastos de Personal;102140049 - Vicerrectoría Administrativa y Financiera;2.1.1.01.03.001.01.01;Vacaciones administrativos;32 - Extension;$ 17,686,692.00;$ 17,686,692.00;$ 0.00;$ 0.00;31/08/2026
01 - ADMINISTRATIVA Y FINANCIERA;2.1.1 Gastos de Personal;102140049 - Vicerrectoría Administrativa y Financiera;2.1.1.01.03.001.01.03;Vacaciones trabajadores oficiales;32 - Extension;$ 370,984.00;$ 370,984.00;$ 0.00;$ 0.00;31/08/2026
01 - ADMINISTRATIVA Y FINANCIERA;2.1.1 Gastos de Personal;102140049 - Vicerrectoría Administrativa y Financiera;2.1.1.01.03.009;Prima técnica no salarial;32 - Extension;$ 1,400,747.00;$ 1,400,747.00;$ 0.00;$ 0.00;31/08/2026
01 - ADMINISTRATIVA Y FINANCIERA;2.1.1 Gastos de Personal;102140049 - Vicerrectoría Administrativa y Financiera;2.1.1.02.01.001.01.01;Sueldo básico supernumerarios;32 - Extension;$ 207,586,616.00;$ 207,586,616.00;$ 0.00;$ 0.00;31/08/2026
01 - ADMINISTRATIVA Y FINANCIERA;2.1.1 Gastos de Personal;102140049 - Vicerrectoría Administrativa y Financiera;2.1.1.02.01.001.04;Subsidio de alimentación;32 - Extension;$ 71,701.00;$ 71,701.00;$ 0.00;$ 0.00;31/08/2026
01 - ADMINISTRATIVA Y FINANCIERA;2.1.1 Gastos de Personal;102140049 - Vicerrectoría Administrativa y Financiera;2.1.1.02.01.001.05;Auxilio de transporte;32 - Extension;$ 144,952.00;$ 144,952.00;$ 0.00;$ 0.00;31/08/2026
01 - ADMINISTRATIVA Y FINANCIERA;2.1.1 Gastos de Personal;102140049 - Vicerrectoría Administrativa y Financiera;2.1.1.02.01.001.06.01;Prima de servicio supernumerarios;32 - Extension;$ 6,734,105.00;$ 6,734,105.00;$ 0.00;$ 0.00;31/08/2026
01 - ADMINISTRATIVA Y FINANCIERA;2.1.1 Gastos de Personal;102140049 - Vicerrectoría Administrativa y Financiera;2.1.1.02.01.001.07;Bonificación por servicios prestados;32 - Extension;$ 74,143.00;$ 74,143.00;$ 0.00;$ 0.00;31/08/2026
01 - ADMINISTRATIVA Y FINANCIERA;2.1.1 Gastos de Personal;102140049 - Vicerrectoría Administrativa y Financiera;2.1.1.02.01.001.08.01.01;Prima de navidad supernumerarios;32 - Extension;$ 13,364,784.00;$ 13,364,784.00;$ 0.00;$ 0.00;31/08/2026
01 - ADMINISTRATIVA Y FINANCIERA;2.1.1 Gastos de Personal;102140049 - Vicerrectoría Administrativa y Financiera;2.1.1.02.01.001.08.02.01;Prima de vacaciones supernumerarios;32 - Extension;$ 15,511,684.00;$ 15,511,684.00;$ 0.00;$ 0.00;31/08/2026
01 - ADMINISTRATIVA Y FINANCIERA;2.1.1 Gastos de Personal;102140049 - Vicerrectoría Administrativa y Financiera;2.1.1.02.02.001;Aportes a la seguridad social en pensiones;32 - Extension;$ 26,780,691.00;$ 26,780,691.00;$ 0.00;$ 0.00;31/08/2026
01 - ADMINISTRATIVA Y FINANCIERA;2.1.1 Gastos de Personal;102140049 - Vicerrectoría Administrativa y Financiera;2.1.1.02.02.002;Aportes a la seguridad social en salud;32 - Extension;$ 18,969,658.00;$ 18,969,658.00;$ 0.00;$ 0.00;31/08/2026
01 - ADMINISTRATIVA Y FINANCIERA;2.1.1 Gastos de Personal;102140049 - Vicerrectoría Administrativa y Financiera;2.1.1.02.02.003;Aportes de cesantías ;32 - Extension;$ 19,772,459.00;$ 19,772,459.00;$ 0.00;$ 0.00;31/08/2026
01 - ADMINISTRATIVA Y FINANCIERA;2.1.1 Gastos de Personal;102140049 - Vicerrectoría Administrativa y Financiera;2.1.1.02.02.004;Aportes a cajas de compensación familiar;32 - Extension;$ 10,111,246.00;$ 10,111,246.00;$ 0.00;$ 0.00;31/08/2026
01 - ADMINISTRATIVA Y FINANCIERA;2.1.1 Gastos de Personal;102140049 - Vicerrectoría Administrativa y Financiera;2.1.1.02.02.005;Aportes generales al sistema de riesgos laborales;32 - Extension;$ 1,461,836.00;$ 1,461,836.00;$ 0.00;$ 0.00;31/08/2026
01 - ADMINISTRATIVA Y FINANCIERA;2.1.1 Gastos de Personal;102140049 - Vicerrectoría Administrativa y Financiera;2.1.1.02.02.006;Aportes al ICBF;32 - Extension;$ 7,583,432.00;$ 7,583,432.00;$ 0.00;$ 0.00;31/08/2026
01 - ADMINISTRATIVA Y FINANCIERA;2.1.1 Gastos de Personal;102140049 - Vicerrectoría Administrativa y Financiera;2.1.1.02.03.001.01.01;Vacaciones supernumerarios;32 - Extension;$ 9,301,291.00;$ 9,301,291.00;$ 0.00;$ 0.00;31/08/2026
01 - ADMINISTRATIVA Y FINANCIERA;2.1.1 Gastos de Personal;102140049 - Vicerrectoría Administrativa y Financiera;2.1.1.02.03.001.01.03;Vacaciones docentes catedráticos;32 - Extension;$ 11,024.00;$ 11,024.00;$ 0.00;$ 0.00;31/08/2026
01 - ADMINISTRATIVA Y FINANCIERA;2.1.1 Gastos de Personal;102140049 - Vicerrectoría Administrativa y Financiera;2.1.1.02.03.001.02;Indemnización por vacaciones;32 - Extension;$ 412,315.00;$ 412,315.00;$ 0.00;$ 0.00;31/08/2026
01 - ADMINISTRATIVA Y FINANCIERA;2.1.1 Gastos de Personal;102140049 - Vicerrectoría Administrativa y Financiera;2.1.1.02.03.090;Bonificación por productividad académica;32 - Extension;$ 396,145.00;$ 396,145.00;$ 0.00;$ 0.00;31/08/2026
01 - ADMINISTRATIVA Y FINANCIERA;2.1.8 Tasas y Multas;101090014 - Granja Tunguavita;2.1.8.06;Gastos por tributos, tasas, contribuciones, multas, sanciones e intereses de mora;32 - Extension;$ 0.00;$ 0.00;$ 0.00;$ 0.00;31/08/2026
05 - CIENCIAS BASICAS;2.1.2 Gastos de Funcionamiento;205060014 - Doctorado en Ciencias - Física;2.1.2.02.02.009.01;Cátedras posgrados;32 - Extension;$ 0.00;$ 0.00;$ 0.00;$ 0.00;31/08/2026
05 - CIENCIAS BASICAS;2.1.2 Gastos de Funcionamiento;205090003 - CIEC - Centro de Gestión de Investigación y Extensión de la Facultad de Ciencias;2.1.2.02.02.009.00;Servicios para la comunidad, sociales y personales;32 - Extension;$ 7,500,000.00;$ 7,500,000.00;$ 0.00;$ 0.00;31/08/2026
05 - CIENCIAS BASICAS;2.1.2 Gastos de Funcionamiento;205200017 - Laboratorio de Radiaciones Nucleares;2.1.2.02.02.006.00;"Comercio y distribución; alojamiento; servicios de suministro de comidas y bebidas; servicios de transporte; y servicios de distribución de electricidad, gas y agua";32 - Extension;$ 0.00;$ 29,359,400.00;$ 29,359,400.00;$ 0.00;31/08/2026
05 - CIENCIAS BASICAS;2.1.2 Gastos de Funcionamiento;205200017 - Laboratorio de Radiaciones Nucleares;2.1.2.02.02.008;Servicios prestados a las empresas y servicios de producción ;32 - Extension;$ 0.00;$ 0.00;$ 0.00;$ 0.00;31/08/2026
05 - CIENCIAS BASICAS;2.1.2 Gastos de Funcionamiento;205200017 - Laboratorio de Radiaciones Nucleares;2.1.2.02.02.010;Viáticos de los funcionarios en comisión;32 - Extension;$ 0.00;$ 7,330,600.00;$ 0.00;$ 0.00;31/08/2026
08 - CIENCIAS AGROPECUARIAS;2.1.2 Gastos de Funcionamiento;206200014 - Extensión Servicios de Laboratorio - Laboratorio de Suelos;2.1.2.02.01.003;Otros bienes transportables (excepto productos metálicos, maquinaria y equipo);32 - Extension;$ 22,212,405.00;$ 27,395,405.00;$ 27,394,791.28;$ 14,225,000.00;31/08/2026
08 - CIENCIAS AGROPECUARIAS;2.1.2 Gastos de Funcionamiento;206200014 - Extensión Servicios de Laboratorio - Laboratorio de Suelos;2.1.2.02.01.004;Productos metálicos, maquinaria y equipo;32 - Extension;$ 25,000,000.00;$ 19,393,840.00;$ 12,126,100.00;$ 0.00;31/08/2026
08 - CIENCIAS AGROPECUARIAS;2.1.2 Gastos de Funcionamiento;106110001 - Clínica Veterinaria UPTC;2.1.2.02.01.003;Otros bienes transportables (excepto productos metálicos, maquinaria y equipo);32 - Extension;$ 119,378,250.00;$ 104,616,830.00;$ 81,203,534.94;$ 53,066,567.87;31/08/2026
08 - CIENCIAS AGROPECUARIAS;2.1.2 Gastos de Funcionamiento;106110001 - Clínica Veterinaria UPTC;2.1.2.02.01.004;Productos metálicos, maquinaria y equipo;32 - Extension;$ 30,000,000.00;$ 27,157,000.00;$ 16,282,625.79;$ 6,156,669.87;31/08/2026
08 - CIENCIAS AGROPECUARIAS;2.1.2 Gastos de Funcionamiento;206200014 - Extensión Servicios de Laboratorio - Laboratorio de Suelos;2.1.2.02.02.008;Servicios prestados a las empresas y servicios de producción ;32 - Extension;$ 93,287,595.00;$ 100,325,514.38;$ 84,188,936.00;$ 32,868,106.00;31/08/2026
08 - CIENCIAS AGROPECUARIAS;2.1.2 Gastos de Funcionamiento;206200014 - Extensión Servicios de Laboratorio - Laboratorio de Suelos;2.1.2.02.02.010;Viáticos de los funcionarios en comisión;32 - Extension;$ 0.00;$ 5,990,000.00;$ 3,278,986.00;$ 2,315,778.00;31/08/2026
08 - CIENCIAS AGROPECUARIAS;2.1.2 Gastos de Funcionamiento;106110001 - Clínica Veterinaria UPTC;2.1.2.02.02.006.03;Viaticos y gastos de viaje;32 - Extension;$ 5,000,000.00;$ 0.00;$ 0.00;$ 0.00;31/08/2026
08 - CIENCIAS AGROPECUARIAS;2.1.2 Gastos de Funcionamiento;106110001 - Clínica Veterinaria UPTC;2.1.2.02.02.008;Servicios prestados a las empresas y servicios de producción ;32 - Extension;$ 303,496,750.00;$ 319,599,176.00;$ 319,470,972.00;$ 183,764,250.00;31/08/2026
08 - CIENCIAS AGROPECUARIAS;2.1.2 Gastos de Funcionamiento;106110001 - Clínica Veterinaria UPTC;2.1.2.02.02.010;Viáticos de los funcionarios en comisión;32 - Extension;$ 0.00;$ 2,899,994.00;$ 0.00;$ 0.00;31/08/2026
08 - CIENCIAS AGROPECUARIAS;2.1.3 Transferencias Corrientes;206200014 - Extensión Servicios de Laboratorio - Laboratorio de Suelos;2.1.3.04.05.001;Membresías nacionales;32 - Extension;$ 9,500,000.00;$ 10,110,000.00;$ 1,355,550.00;$ 1,355,550.00;31/08/2026
08 - CIENCIAS AGROPECUARIAS;2.1.3 Transferencias Corrientes;106110001 - Clínica Veterinaria UPTC;2.1.3.04.05.001;Membresías nacionales;32 - Extension;$ 0.00;$ 3,602,000.00;$ 3,602,000.00;$ 3,602,000.00;31/08/2026
09 - INGENIERIA;2.1.2 Gastos de Funcionamiento;210210001 - INCITEMA - Instituto para la Investigación y la Innovación en Ciencia y Tecnología de Materiales;2.1.2.02.01.002;"Productos alimenticios, bebidas y tabaco; textiles, prendas de vestir y productos de cuero";32 - Extension;$ 2,000,000.00;$ 2,000,000.00;$ 0.00;$ 0.00;31/08/2026
09 - INGENIERIA;2.1.2 Gastos de Funcionamiento;210210001 - INCITEMA - Instituto para la Investigación y la Innovación en Ciencia y Tecnología de Materiales;2.1.2.02.01.003;Otros bienes transportables (excepto productos metálicos, maquinaria y equipo);32 - Extension;$ 48,000,000.00;$ 48,000,000.00;$ 31,357,557.30;$ 27,292,005.60;31/08/2026
09 - INGENIERIA;2.1.2 Gastos de Funcionamiento;210210001 - INCITEMA - Instituto para la Investigación y la Innovación en Ciencia y Tecnología de Materiales;2.1.2.02.01.004;Productos metálicos, maquinaria y equipo;32 - Extension;$ 100,000,000.00;$ 62,762,820.99;$ 20,424,252.03;$ 4,742,150.00;31/08/2026
09 - INGENIERIA;2.1.2 Gastos de Funcionamiento;210200035 - Laboratorio de Ingeniería Ambiental;2.1.2.02.01.002;"Productos alimenticios, bebidas y tabaco; textiles, prendas de vestir y productos de cuero";32 - Extension;$ 0.00;$ 1,234,297.50;$ 0.00;$ 0.00;31/08/2026
09 - INGENIERIA;2.1.2 Gastos de Funcionamiento;202090069 - Servicios - Grupo Materiales Siderúrgicos;2.1.2.02.01.003;Otros bienes transportables (excepto productos metálicos, maquinaria y equipo);32 - Extension;$ 0.00;$ 0.00;$ 0.00;$ 0.00;31/08/2026
09 - INGENIERIA;2.1.2 Gastos de Funcionamiento;210210001 - INCITEMA - Instituto para la Investigación y la Innovación en Ciencia y Tecnología de Materiales;2.1.2.02.02.006.03;Viaticos y gastos de viaje;32 - Extension;$ 6,250,000.00;$ 3,250,000.00;$ 0.00;$ 0.00;31/08/2026
09 - INGENIERIA;2.1.2 Gastos de Funcionamiento;210210001 - INCITEMA - Instituto para la Investigación y la Innovación en Ciencia y Tecnología de Materiales;2.1.2.02.02.008;Servicios prestados a las empresas y servicios de producción ;32 - Extension;$ 1,000,000,000.00;$ 1,025,488,304.01;$ 897,022,838.65;$ 436,473,306.01;31/08/2026
09 - INGENIERIA;2.1.2 Gastos de Funcionamiento;210210001 - INCITEMA - Instituto para la Investigación y la Innovación en Ciencia y Tecnología de Materiales;2.1.2.02.02.009.00;Servicios para la comunidad, sociales y personales;32 - Extension;$ 25,000,000.00;$ 27,348,875.00;$ 0.00;$ 0.00;31/08/2026
09 - INGENIERIA;2.1.2 Gastos de Funcionamiento;210210001 - INCITEMA - Instituto para la Investigación y la Innovación en Ciencia y Tecnología de Materiales;2.1.2.02.02.010;Viáticos de los funcionarios en comisión;32 - Extension;$ 0.00;$ 3,000,000.00;$ 71,058.00;$ 71,058.00;31/08/2026
09 - INGENIERIA;2.1.2 Gastos de Funcionamiento;202090069 - Servicios - Grupo Materiales Siderúrgicos;2.1.2.02.02.006.00;"Comercio y distribución; alojamiento; servicios de suministro de comidas y bebidas; servicios de transporte; y servicios de distribución de electricidad, gas y agua";32 - Extension;$ 0.00;$ 0.00;$ 0.00;$ 0.00;31/08/2026
09 - INGENIERIA;2.1.2 Gastos de Funcionamiento;202090069 - Servicios - Grupo Materiales Siderúrgicos;2.1.2.02.02.008;Servicios prestados a las empresas y servicios de producción ;32 - Extension;$ 0.00;$ 50,413,462.00;$ 32,530,175.00;$ 15,600,000.00;31/08/2026
09 - INGENIERIA;2.1.2 Gastos de Funcionamiento;202090069 - Servicios - Grupo Materiales Siderúrgicos;2.1.2.02.02.009.00;Servicios para la comunidad, sociales y personales;32 - Extension;$ 0.00;$ 8,520,913.00;$ 8,520,913.00;$ 0.00;31/08/2026
09 - INGENIERIA;2.1.2 Gastos de Funcionamiento;202090069 - Servicios - Grupo Materiales Siderúrgicos;2.1.2.02.02.010;Viáticos de los funcionarios en comisión;32 - Extension;$ 0.00;$ 1,132,485.00;$ 0.00;$ 0.00;31/08/2026
09 - INGENIERIA;2.1.3 Transferencias Corrientes;210210001 - INCITEMA - Instituto para la Investigación y la Innovación en Ciencia y Tecnología de Materiales;2.1.3.07.03.013;Afiliación Riesgos Laborales contratistas Grado IV y V;32 - Extension;$ 0.00;$ 9,400,000.00;$ 4,563,300.00;$ 4,563,300.00;31/08/2026
09 - INGENIERIA;2.1.3 Transferencias Corrientes;202090069 - Servicios - Grupo Materiales Siderúrgicos;2.1.3.07.03.013;Afiliación Riesgos Laborales contratistas Grado IV y V;32 - Extension;$ 0.00;$ 250,000.00;$ 101,600.00;$ 101,600.00;31/08/2026
12 - SECCIONAL DUITAMA;2.1.2 Gastos de Funcionamiento;212090007 - CIFAD - Centro de Gestión de Investigación y Extensión de la Facultad Seccional Duitama;2.1.2.02.01.003;Otros bienes transportables (excepto productos metálicos, maquinaria y equipo);32 - Extension;$ 822,000.00;$ 822,000.00;$ 0.00;$ 0.00;31/08/2026
12 - SECCIONAL DUITAMA;2.1.2 Gastos de Funcionamiento;212090007 - CIFAD - Centro de Gestión de Investigación y Extensión de la Facultad Seccional Duitama;2.1.2.02.01.004;Productos metálicos, maquinaria y equipo;32 - Extension;$ 7,233,600.00;$ 7,233,600.00;$ 0.00;$ 0.00;31/08/2026
12 - SECCIONAL DUITAMA;2.1.2 Gastos de Funcionamiento;212090007 - CIFAD - Centro de Gestión de Investigación y Extensión de la Facultad Seccional Duitama;2.1.2.02.02.006.03;Viaticos y gastos de viaje;32 - Extension;$ 986,400.00;$ 986,400.00;$ 0.00;$ 0.00;31/08/2026
12 - SECCIONAL DUITAMA;2.1.2 Gastos de Funcionamiento;212090007 - CIFAD - Centro de Gestión de Investigación y Extensión de la Facultad Seccional Duitama;2.1.2.02.02.008;Servicios prestados a las empresas y servicios de producción ;32 - Extension;$ 4,726,500.00;$ 4,726,500.00;$ 0.00;$ 0.00;31/08/2026
12 - SECCIONAL DUITAMA;2.1.2 Gastos de Funcionamiento;212090007 - CIFAD - Centro de Gestión de Investigación y Extensión de la Facultad Seccional Duitama;2.1.2.02.02.009.00;Servicios para la comunidad, sociales y personales;32 - Extension;$ 1,644,000.00;$ 1,644,000.00;$ 0.00;$ 0.00;31/08/2026
12 - SECCIONAL DUITAMA;2.1.2 Gastos de Funcionamiento;212090031 - Instituto Internacional de Idiomas -Duitama;2.1.2.02.02.006.03;Viaticos y gastos de viaje;32 - Extension;$ 375,000.00;$ 375,000.00;$ 0.00;$ 0.00;31/08/2026
13 - SECCIONAL SOGAMOSO;2.1.2 Gastos de Funcionamiento;213200004 - IRME - Instituto de Recursos Mineros y Energéticos;2.1.2.02.01.003;Otros bienes transportables (excepto productos metálicos, maquinaria y equipo);32 - Extension;$ 1,000,000.00;$ 500,000.00;$ 0.00;$ 0.00;31/08/2026
13 - SECCIONAL SOGAMOSO;2.1.2 Gastos de Funcionamiento;213200004 - IRME - Instituto de Recursos Mineros y Energéticos;2.1.2.02.01.004;Productos metálicos, maquinaria y equipo;32 - Extension;$ 1,000,000.00;$ 26,000,000.00;$ 0.00;$ 0.00;31/08/2026
13 - SECCIONAL SOGAMOSO;2.1.2 Gastos de Funcionamiento;113090005 - Museo de Sogamoso Eliécer Silva Celis;2.1.2.02.01.003;Otros bienes transportables (excepto productos metálicos, maquinaria y equipo);32 - Extension;$ 20,000,000.00;$ 20,000,000.00;$ 0.00;$ 0.00;31/08/2026
13 - SECCIONAL SOGAMOSO;2.1.2 Gastos de Funcionamiento;113090005 - Museo de Sogamoso Eliécer Silva Celis;2.1.2.02.01.004;Productos metálicos, maquinaria y equipo;32 - Extension;$ 28,000,000.00;$ 28,000,000.00;$ 0.00;$ 0.00;31/08/2026
13 - SECCIONAL SOGAMOSO;2.1.2 Gastos de Funcionamiento;113090006 - Museo Arqueológico de Villa de Leyva;2.1.2.02.01.003;Otros bienes transportables (excepto productos metálicos, maquinaria y equipo);32 - Extension;$ 15,500,000.00;$ 15,500,000.00;$ 0.00;$ 0.00;31/08/2026
13 - SECCIONAL SOGAMOSO;2.1.2 Gastos de Funcionamiento;113090006 - Museo Arqueológico de Villa de Leyva;2.1.2.02.01.004;Productos metálicos, maquinaria y equipo;32 - Extension;$ 25,000,000.00;$ 25,000,000.00;$ 0.00;$ 0.00;31/08/2026
13 - SECCIONAL SOGAMOSO;2.1.2 Gastos de Funcionamiento;213200004 - IRME - Instituto de Recursos Mineros y Energéticos;2.1.2.02.02.008;Servicios prestados a las empresas y servicios de producción ;32 - Extension;$ 146,000,000.00;$ 118,500,000.00;$ 97,342,180.00;$ 56,410,300.00;31/08/2026
13 - SECCIONAL SOGAMOSO;2.1.2 Gastos de Funcionamiento;213200004 - IRME - Instituto de Recursos Mineros y Energéticos;2.1.2.02.02.010;Viáticos de los funcionarios en comisión;32 - Extension;$ 2,000,000.00;$ 5,000,000.00;$ 609,624.00;$ 609,624.00;31/08/2026
13 - SECCIONAL SOGAMOSO;2.1.2 Gastos de Funcionamiento;113090005 - Museo de Sogamoso Eliécer Silva Celis;2.1.2.02.02.008;Servicios prestados a las empresas y servicios de producción ;32 - Extension;$ 64,500,000.00;$ 62,500,000.00;$ 42,588,661.00;$ 26,046,120.00;31/08/2026
13 - SECCIONAL SOGAMOSO;2.1.2 Gastos de Funcionamiento;113090006 - Museo Arqueológico de Villa de Leyva;2.1.2.02.02.008;Servicios prestados a las empresas y servicios de producción ;32 - Extension;$ 42,000,000.00;$ 42,000,000.00;$ 26,252,270.00;$ 11,616,333.00;31/08/2026
13 - SECCIONAL SOGAMOSO;2.1.2 Gastos de Funcionamiento;201090001 - Instituto Internacional de Idiomas -Tunja;2.1.2.02.02.007;"Servicios financieros y servicios conexos; servicios inmobiliarios; y servicios de arrendamiento y leasing";32 - Extension;$ 0.00;$ 0.00;$ 0.00;$ 0.00;31/08/2026
13 - SECCIONAL SOGAMOSO;2.1.2 Gastos de Funcionamiento;213090037 - Instituto Internacional de Idiomas -Sogamoso;2.1.2.02.02.007;"Servicios financieros y servicios conexos; servicios inmobiliarios; y servicios de arrendamiento y leasing";32 - Extension;$ 0.00;$ 2,000,000.00;$ 0.00;$ 0.00;31/08/2026
13 - SECCIONAL SOGAMOSO;2.1.2 Gastos de Funcionamiento;213090037 - Instituto Internacional de Idiomas -Sogamoso;2.1.2.02.02.008;Servicios prestados a las empresas y servicios de producción ;32 - Extension;$ 0.00;$ 6,500,000.00;$ 6,000,000.00;$ 6,000,000.00;31/08/2026
13 - SECCIONAL SOGAMOSO;2.1.2 Gastos de Funcionamiento;213090037 - Instituto Internacional de Idiomas -Sogamoso;2.1.2.02.02.009.00;Servicios para la comunidad, sociales y personales;32 - Extension;$ 0.00;$ 8,725,000.00;$ 8,725,000.00;$ 8,725,000.00;31/08/2026
13 - SECCIONAL SOGAMOSO;2.1.2 Gastos de Funcionamiento;213090037 - Instituto Internacional de Idiomas -Sogamoso;2.1.2.02.02.010;Viáticos de los funcionarios en comisión;32 - Extension;$ 0.00;$ 2,775,000.00;$ 1,099,523.00;$ 867,761.00;31/08/2026
13 - SECCIONAL SOGAMOSO;2.1.3 Transferencias Corrientes;113090005 - Museo de Sogamoso Eliécer Silva Celis;2.1.3.07.03.013;Afiliación Riesgos Laborales contratistas Grado IV y V;32 - Extension;$ 0.00;$ 2,000,000.00;$ 698,900.00;$ 698,900.00;31/08/2026
02 - INVESTIGACION Y EXTENSION;2.1.2 Gastos de Funcionamiento;101090014 - Granja Tunguavita;2.1.2.02.01.000;Agricultura, silvicultura y productos de la pesca;32 - Extension;$ 42,921,000.00;$ 42,921,000.00;$ 21,000,000.00;$ 21,000,000.00;31/08/2026
02 - INVESTIGACION Y EXTENSION;2.1.2 Gastos de Funcionamiento;101090014 - Granja Tunguavita;2.1.2.02.01.002;"Productos alimenticios, bebidas y tabaco; textiles, prendas de vestir y productos de cuero";32 - Extension;$ 175,777,000.00;$ 154,128,717.00;$ 127,652,850.00;$ 0.00;31/08/2026
02 - INVESTIGACION Y EXTENSION;2.1.2 Gastos de Funcionamiento;101090014 - Granja Tunguavita;2.1.2.02.01.003;Otros bienes transportables (excepto productos metálicos, maquinaria y equipo);32 - Extension;$ 73,809,144.00;$ 138,436,005.00;$ 112,599,127.75;$ 25,301,047.75;31/08/2026
02 - INVESTIGACION Y EXTENSION;2.1.2 Gastos de Funcionamiento;101090014 - Granja Tunguavita;2.1.2.02.01.004;Productos metálicos, maquinaria y equipo;32 - Extension;$ 66,259,806.00;$ 7,612,638.00;$ 4,136,000.00;$ 3,716,300.00;31/08/2026
02 - INVESTIGACION Y EXTENSION;2.1.2 Gastos de Funcionamiento;201090001 - Instituto Internacional de Idiomas -Tunja;2.1.2.02.01.004;Productos metálicos, maquinaria y equipo;32 - Extension;$ 11,250,000.00;$ 5,625,000.00;$ 0.00;$ 0.00;31/08/2026
02 - INVESTIGACION Y EXTENSION;2.1.2 Gastos de Funcionamiento;101090014 - Granja Tunguavita;2.1.2.02.02.006.03;Viaticos y gastos de viaje;32 - Extension;$ 1,940,000.00;$ 0.00;$ 0.00;$ 0.00;31/08/2026
02 - INVESTIGACION Y EXTENSION;2.1.2 Gastos de Funcionamiento;101090014 - Granja Tunguavita;2.1.2.02.02.008;Servicios prestados a las empresas y servicios de producción ;32 - Extension;$ 126,793,050.00;$ 139,002,740.00;$ 136,663,139.30;$ 75,432,445.32;31/08/2026
02 - INVESTIGACION Y EXTENSION;2.1.2 Gastos de Funcionamiento;101090014 - Granja Tunguavita;2.1.2.02.02.010;Viáticos de los funcionarios en comisión;32 - Extension;$ 0.00;$ 2,000,000.00;$ 973,440.00;$ 973,440.00;31/08/2026
02 - INVESTIGACION Y EXTENSION;2.1.3 Transferencias Corrientes;201090001 - Instituto Internacional de Idiomas -Tunja;2.1.3.06.03;Beneficios educativos a la comunidad universitaria;32 - Extension;$ 0.00;$ 5,625,000.00;$ 2,570,700.00;$ 2,570,700.00;31/08/2026
02 - INVESTIGACION Y EXTENSION;2.1.8 Tasas y Multas;101090014 - Granja Tunguavita;2.1.8.03;Tasas y derechos administrativos;32 - Extension;$ 0.00;$ 3,100,000.00;$ 3,094,900.00;$ 3,094,900.00;31/08/2026
02 - INVESTIGACION Y EXTENSION;2.1.8 Tasas y Multas;101090014 - Granja Tunguavita;2.1.8.06;Gastos por tributos, tasas, contribuciones, multas, sanciones e intereses de mora;32 - Extension;$ 0.00;$ 298,900.00;$ 298,900.00;$ 298,900.00;31/08/2026
01 - ADMINISTRATIVA Y FINANCIERA;2.1.1 Gastos de Personal;102140049 - Vicerrectoría Administrativa y Financiera;2.1.1.01.01.001.01.01;Sueldo básico administrativos;33 - Convenios con derechos;$ 1,309,333,201.00;$ 0.00;$ 0.00;$ 0.00;31/08/2026
01 - ADMINISTRATIVA Y FINANCIERA;2.1.1 Gastos de Personal;102140049 - Vicerrectoría Administrativa y Financiera;2.1.1.01.01.001.02;Horas extras, dominicales, festivos y recargos;33 - Convenios con derechos;$ 18,017,344.00;$ 0.00;$ 0.00;$ 0.00;31/08/2026
01 - ADMINISTRATIVA Y FINANCIERA;2.1.1 Gastos de Personal;102140049 - Vicerrectoría Administrativa y Financiera;2.1.1.01.01.001.03;Gastos de representación;33 - Convenios con derechos;$ 556,228,881.00;$ 0.00;$ 0.00;$ 0.00;31/08/2026
01 - ADMINISTRATIVA Y FINANCIERA;2.1.1 Gastos de Personal;102140049 - Vicerrectoría Administrativa y Financiera;2.1.1.01.01.001.04.01;Subsidio de alimentación administrativos;33 - Convenios con derechos;$ 5,631,345.00;$ 0.00;$ 0.00;$ 0.00;31/08/2026
01 - ADMINISTRATIVA Y FINANCIERA;2.1.1 Gastos de Personal;102140049 - Vicerrectoría Administrativa y Financiera;2.1.1.01.01.001.05.01;Auxilio de transporte administrativos;33 - Convenios con derechos;$ 5,725,661.00;$ 0.00;$ 0.00;$ 0.00;31/08/2026
01 - ADMINISTRATIVA Y FINANCIERA;2.1.1 Gastos de Personal;102140049 - Vicerrectoría Administrativa y Financiera;2.1.1.01.01.001.06.01;Prima de servicio administrativos;33 - Convenios con derechos;$ 214,998,363.00;$ 0.00;$ 0.00;$ 0.00;31/08/2026
01 - ADMINISTRATIVA Y FINANCIERA;2.1.1 Gastos de Personal;102140049 - Vicerrectoría Administrativa y Financiera;2.1.1.01.01.001.07.01;Bonificación por servicios prestados administrativos;33 - Convenios con derechos;$ 66,185,774.00;$ 0.00;$ 0.00;$ 0.00;31/08/2026
01 - ADMINISTRATIVA Y FINANCIERA;2.1.1 Gastos de Personal;102140049 - Vicerrectoría Administrativa y Financiera;2.1.1.01.01.001.08.01.01;Prima de navidad administrativos;33 - Convenios con derechos;$ 189,045,044.00;$ 0.00;$ 0.00;$ 0.00;31/08/2026
01 - ADMINISTRATIVA Y FINANCIERA;2.1.1 Gastos de Personal;102140049 - Vicerrectoría Administrativa y Financiera;2.1.1.01.01.001.08.02.01;Prima de vacaciones administrativos;33 - Convenios con derechos;$ 180,343,471.00;$ 0.00;$ 0.00;$ 0.00;31/08/2026
01 - ADMINISTRATIVA Y FINANCIERA;2.1.1 Gastos de Personal;102140049 - Vicerrectoría Administrativa y Financiera;2.1.1.01.01.001.09;Prima técnica salarial;33 - Convenios con derechos;$ 12,733,342.00;$ 0.00;$ 0.00;$ 0.00;31/08/2026
01 - ADMINISTRATIVA Y FINANCIERA;2.1.1 Gastos de Personal;102140049 - Vicerrectoría Administrativa y Financiera;2.1.1.01.01.001.10;Viáticos de los funcionarios en comisión;33 - Convenios con derechos;$ 1,589,920.00;$ 0.00;$ 0.00;$ 0.00;31/08/2026
01 - ADMINISTRATIVA Y FINANCIERA;2.1.1 Gastos de Personal;102140049 - Vicerrectoría Administrativa y Financiera;2.1.1.01.01.002.12.02.01;Beneficios a los empleados a largo plazo administrativos;33 - Convenios con derechos;$ 18,679,019.00;$ 0.00;$ 0.00;$ 0.00;31/08/2026
01 - ADMINISTRATIVA Y FINANCIERA;2.1.1 Gastos de Personal;102140049 - Vicerrectoría Administrativa y Financiera;2.1.1.01.02.001;Aportes a la seguridad social en pensiones;33 - Convenios con derechos;$ 260,401,235.00;$ 0.00;$ 0.00;$ 0.00;31/08/2026
01 - ADMINISTRATIVA Y FINANCIERA;2.1.1 Gastos de Personal;102140049 - Vicerrectoría Administrativa y Financiera;2.1.1.01.02.002;Aportes a la seguridad social en salud;33 - Convenios con derechos;$ 183,729,288.00;$ 0.00;$ 0.00;$ 0.00;31/08/2026
01 - ADMINISTRATIVA Y FINANCIERA;2.1.1 Gastos de Personal;102140049 - Vicerrectoría Administrativa y Financiera;2.1.1.01.02.003;Aportes de cesantías ;33 - Convenios con derechos;$ 224,389,204.00;$ 0.00;$ 0.00;$ 0.00;31/08/2026
01 - ADMINISTRATIVA Y FINANCIERA;2.1.1 Gastos de Personal;102140049 - Vicerrectoría Administrativa y Financiera;2.1.1.01.02.004;Aportes a cajas de compensación familiar;33 - Convenios con derechos;$ 108,073,513.00;$ 0.00;$ 0.00;$ 0.00;31/08/2026
01 - ADMINISTRATIVA Y FINANCIERA;2.1.1 Gastos de Personal;102140049 - Vicerrectoría Administrativa y Financiera;2.1.1.01.02.005;Aportes generales al sistema de riesgos laborales;33 - Convenios con derechos;$ 16,927,630.00;$ 0.00;$ 0.00;$ 0.00;31/08/2026
01 - ADMINISTRATIVA Y FINANCIERA;2.1.1 Gastos de Personal;102140049 - Vicerrectoría Administrativa y Financiera;2.1.1.01.02.006;Aportes al ICBF;33 - Convenios con derechos;$ 81,055,099.00;$ 0.00;$ 0.00;$ 0.00;31/08/2026
01 - ADMINISTRATIVA Y FINANCIERA;2.1.1 Gastos de Personal;102140049 - Vicerrectoría Administrativa y Financiera;2.1.1.01.03.001.01.01;Vacaciones administrativos;33 - Convenios con derechos;$ 115,748,565.00;$ 0.00;$ 0.00;$ 0.00;31/08/2026
01 - ADMINISTRATIVA Y FINANCIERA;2.1.1 Gastos de Personal;102140049 - Vicerrectoría Administrativa y Financiera;2.1.1.01.03.001.03.01;Bonificación especial de recreación administrativos;33 - Convenios con derechos;$ 2,427,863.00;$ 0.00;$ 0.00;$ 0.00;31/08/2026
01 - ADMINISTRATIVA Y FINANCIERA;2.1.1 Gastos de Personal;102140049 - Vicerrectoría Administrativa y Financiera;2.1.1.01.03.009;Prima técnica no salarial;33 - Convenios con derechos;$ 9,167,030.00;$ 0.00;$ 0.00;$ 0.00;31/08/2026
01 - ADMINISTRATIVA Y FINANCIERA;2.1.1 Gastos de Personal;102140049 - Vicerrectoría Administrativa y Financiera;2.1.1.02.01.001.01.01;Sueldo básico supernumerarios;33 - Convenios con derechos;$ 1,358,527,249.00;$ 0.00;$ 0.00;$ 0.00;31/08/2026
01 - ADMINISTRATIVA Y FINANCIERA;2.1.1 Gastos de Personal;102140049 - Vicerrectoría Administrativa y Financiera;2.1.1.02.01.001.04;Subsidio de alimentación;33 - Convenios con derechos;$ 469,240.00;$ 0.00;$ 0.00;$ 0.00;31/08/2026
01 - ADMINISTRATIVA Y FINANCIERA;2.1.1 Gastos de Personal;102140049 - Vicerrectoría Administrativa y Financiera;2.1.1.02.01.001.05;Auxilio de transporte;33 - Convenios con derechos;$ 948,621.00;$ 0.00;$ 0.00;$ 0.00;31/08/2026
01 - ADMINISTRATIVA Y FINANCIERA;2.1.1 Gastos de Personal;102140049 - Vicerrectoría Administrativa y Financiera;2.1.1.02.01.001.06.01;Prima de servicio supernumerarios;33 - Convenios con derechos;$ 44,070,593.00;$ 0.00;$ 0.00;$ 0.00;31/08/2026
01 - ADMINISTRATIVA Y FINANCIERA;2.1.1 Gastos de Personal;102140049 - Vicerrectoría Administrativa y Financiera;2.1.1.02.01.001.07;Bonificación por servicios prestados;33 - Convenios con derechos;$ 485,221.00;$ 0.00;$ 0.00;$ 0.00;31/08/2026
01 - ADMINISTRATIVA Y FINANCIERA;2.1.1 Gastos de Personal;102140049 - Vicerrectoría Administrativa y Financiera;2.1.1.02.01.001.08.01.01;Prima de navidad supernumerarios;33 - Convenios con derechos;$ 87,464,091.00;$ 0.00;$ 0.00;$ 0.00;31/08/2026
01 - ADMINISTRATIVA Y FINANCIERA;2.1.1 Gastos de Personal;102140049 - Vicerrectoría Administrativa y Financiera;2.1.1.02.01.001.08.01.02;Prima de navidad docentes ocasionales;33 - Convenios con derechos;$ 101,514,473.00;$ 0.00;$ 0.00;$ 0.00;31/08/2026
01 - ADMINISTRATIVA Y FINANCIERA;2.1.1 Gastos de Personal;102140049 - Vicerrectoría Administrativa y Financiera;2.1.1.02.02.001;Aportes a la seguridad social en pensiones;33 - Convenios con derechos;$ 175,263,218.00;$ 0.00;$ 0.00;$ 0.00;31/08/2026
01 - ADMINISTRATIVA Y FINANCIERA;2.1.1 Gastos de Personal;102140049 - Vicerrectoría Administrativa y Financiera;2.1.1.02.02.002;Aportes a la seguridad social en salud;33 - Convenios con derechos;$ 124,144,791.00;$ 0.00;$ 0.00;$ 0.00;31/08/2026
01 - ADMINISTRATIVA Y FINANCIERA;2.1.1 Gastos de Personal;102140049 - Vicerrectoría Administrativa y Financiera;2.1.1.02.02.003;Aportes de cesantías ;33 - Convenios con derechos;$ 129,398,634.00;$ 0.00;$ 0.00;$ 0.00;31/08/2026
01 - ADMINISTRATIVA Y FINANCIERA;2.1.1 Gastos de Personal;102140049 - Vicerrectoría Administrativa y Financiera;2.1.1.02.02.004;Aportes a cajas de compensación familiar;33 - Convenios con derechos;$ 66,171,912.00;$ 0.00;$ 0.00;$ 0.00;31/08/2026
01 - ADMINISTRATIVA Y FINANCIERA;2.1.1 Gastos de Personal;102140049 - Vicerrectoría Administrativa y Financiera;2.1.1.02.02.005;Aportes generales al sistema de riesgos laborales;33 - Convenios con derechos;$ 9,566,823.00;$ 0.00;$ 0.00;$ 0.00;31/08/2026
01 - ADMINISTRATIVA Y FINANCIERA;2.1.1 Gastos de Personal;102140049 - Vicerrectoría Administrativa y Financiera;2.1.1.02.02.006;Aportes al ICBF;33 - Convenios con derechos;$ 49,628,920.00;$ 0.00;$ 0.00;$ 0.00;31/08/2026
01 - ADMINISTRATIVA Y FINANCIERA;2.1.1 Gastos de Personal;102140049 - Vicerrectoría Administrativa y Financiera;2.1.1.02.03.001.01.01;Vacaciones supernumerarios;33 - Convenios con derechos;$ 60,871,252.00;$ 0.00;$ 0.00;$ 0.00;31/08/2026
01 - ADMINISTRATIVA Y FINANCIERA;2.1.1 Gastos de Personal;102140049 - Vicerrectoría Administrativa y Financiera;2.1.1.02.03.001.03;Bonificación especial de recreación;33 - Convenios con derechos;$ 72,145.00;$ 0.00;$ 0.00;$ 0.00;31/08/2026
01 - ADMINISTRATIVA Y FINANCIERA;2.1.1 Gastos de Personal;102140049 - Vicerrectoría Administrativa y Financiera;2.1.1.02.03.090;Bonificación por productividad académica;33 - Convenios con derechos;$ 5,290,875.00;$ 0.00;$ 0.00;$ 0.00;31/08/2026
01 - ADMINISTRATIVA Y FINANCIERA;2.1.2 Gastos de Funcionamiento;102080050 - Vicerrectoría de Investigación y Extensión;2.1.2.02.01.004;Productos metálicos, maquinaria y equipo;33 - Convenios con derechos;$ 0.00;$ 0.00;$ 0.00;$ 0.00;31/08/2026
01 - ADMINISTRATIVA Y FINANCIERA;2.1.2 Gastos de Funcionamiento;102090058 - Dirección de Extensión Universitaria;2.1.2.02.01.003;Otros bienes transportables (excepto productos metálicos, maquinaria y equipo);33 - Convenios con derechos;$ 0.00;$ 7,000,000.00;$ 5,100,340.00;$ 5,100,340.00;31/08/2026
01 - ADMINISTRATIVA Y FINANCIERA;2.1.2 Gastos de Funcionamiento;102090058 - Dirección de Extensión Universitaria;2.1.2.02.01.002;"Productos alimenticios, bebidas y tabaco; textiles, prendas de vestir y productos de cuero";33 - Convenios con derechos;$ 0.00;$ 58,991,227.40;$ 58,991,227.40;$ 0.00;31/08/2026
01 - ADMINISTRATIVA Y FINANCIERA;2.1.2 Gastos de Funcionamiento;102090058 - Dirección de Extensión Universitaria;2.1.2.02.01.003;Otros bienes transportables (excepto productos metálicos, maquinaria y equipo);33 - Convenios con derechos;$ 0.00;$ 39,955,392.51;$ 39,955,392.51;$ 12,647,714.00;31/08/2026
01 - ADMINISTRATIVA Y FINANCIERA;2.1.2 Gastos de Funcionamiento;102090058 - Dirección de Extensión Universitaria;2.1.2.02.01.004;Productos metálicos, maquinaria y equipo;33 - Convenios con derechos;$ 0.00;$ 196,800,172.15;$ 179,801,022.15;$ 109,267,394.51;31/08/2026
01 - ADMINISTRATIVA Y FINANCIERA;2.1.2 Gastos de Funcionamiento;102090058 - Dirección de Extensión Universitaria;2.1.2.02.01.004;Productos metálicos, maquinaria y equipo;33 - Convenios con derechos;$ 0.00;$ 0.00;$ 0.00;$ 0.00;31/08/2026
01 - ADMINISTRATIVA Y FINANCIERA;2.1.2 Gastos de Funcionamiento;102080050 - Vicerrectoría de Investigación y Extensión;2.1.2.02.02.008;Servicios prestados a las empresas y servicios de producción ;33 - Convenios con derechos;$ 0.00;$ 0.00;$ 0.00;$ 0.00;31/08/2026
01 - ADMINISTRATIVA Y FINANCIERA;2.1.2 Gastos de Funcionamiento;102090058 - Dirección de Extensión Universitaria;2.1.2.02.02.008;Servicios prestados a las empresas y servicios de producción ;33 - Convenios con derechos;$ 0.00;$ 2,851,700.00;$ 0.00;$ 0.00;31/08/2026
01 - ADMINISTRATIVA Y FINANCIERA;2.1.2 Gastos de Funcionamiento;102090058 - Dirección de Extensión Universitaria;2.1.2.02.02.006.00;"Comercio y distribución; alojamiento; servicios de suministro de comidas y bebidas; servicios de transporte; y servicios de distribución de electricidad, gas y agua";33 - Convenios con derechos;$ 0.00;$ 6,000,000.00;$ 6,000,000.00;$ 0.00;31/08/2026
01 - ADMINISTRATIVA Y FINANCIERA;2.1.2 Gastos de Funcionamiento;102090058 - Dirección de Extensión Universitaria;2.1.2.02.02.007;"Servicios financieros y servicios conexos; servicios inmobiliarios; y servicios de arrendamiento y leasing";33 - Convenios con derechos;$ 0.00;$ 1,000,000.00;$ 330,453.30;$ 330,453.30;31/08/2026
01 - ADMINISTRATIVA Y FINANCIERA;2.1.2 Gastos de Funcionamiento;102090058 - Dirección de Extensión Universitaria;2.1.2.02.02.008;Servicios prestados a las empresas y servicios de producción ;33 - Convenios con derechos;$ 0.00;$ 76,467,499.85;$ 64,000,000.00;$ 32,000,000.00;31/08/2026
01 - ADMINISTRATIVA Y FINANCIERA;2.1.2 Gastos de Funcionamiento;102090058 - Dirección de Extensión Universitaria;2.1.2.02.02.010;Viáticos de los funcionarios en comisión;33 - Convenios con derechos;$ 0.00;$ 6,000,000.00;$ 5,203,266.00;$ 5,203,266.00;31/08/2026
01 - ADMINISTRATIVA Y FINANCIERA;2.1.2 Gastos de Funcionamiento;102090058 - Dirección de Extensión Universitaria;2.1.2.02.02.006.00;"Comercio y distribución; alojamiento; servicios de suministro de comidas y bebidas; servicios de transporte; y servicios de distribución de electricidad, gas y agua";33 - Convenios con derechos;$ 0.00;$ 50,000,000.00;$ 0.00;$ 0.00;31/08/2026
01 - ADMINISTRATIVA Y FINANCIERA;2.1.2 Gastos de Funcionamiento;102090058 - Dirección de Extensión Universitaria;2.1.2.02.02.007;"Servicios financieros y servicios conexos; servicios inmobiliarios; y servicios de arrendamiento y leasing";33 - Convenios con derechos;$ 0.00;$ 30,000,000.00;$ 0.00;$ 0.00;31/08/2026
01 - ADMINISTRATIVA Y FINANCIERA;2.1.2 Gastos de Funcionamiento;102090058 - Dirección de Extensión Universitaria;2.1.2.02.02.008;Servicios prestados a las empresas y servicios de producción ;33 - Convenios con derechos;$ 0.00;$ 693,000,000.00;$ 605,641,336.00;$ 220,100,000.00;31/08/2026
01 - ADMINISTRATIVA Y FINANCIERA;2.1.2 Gastos de Funcionamiento;102090058 - Dirección de Extensión Universitaria;2.1.2.02.02.010;Viáticos de los funcionarios en comisión;33 - Convenios con derechos;$ 0.00;$ 119,073,782.00;$ 0.00;$ 0.00;31/08/2026
01 - ADMINISTRATIVA Y FINANCIERA;2.1.2 Gastos de Funcionamiento;102090058 - Dirección de Extensión Universitaria;2.1.2.02.02.008;Servicios prestados a las empresas y servicios de producción ;33 - Convenios con derechos;$ 0.00;$ 1,758,293,210.94;$ 1,557,959,753.00;$ 185,226,982.00;31/08/2026
01 - ADMINISTRATIVA Y FINANCIERA;2.1.2 Gastos de Funcionamiento;102090058 - Dirección de Extensión Universitaria;2.1.2.02.02.010;Viáticos de los funcionarios en comisión;33 - Convenios con derechos;$ 0.00;$ 194,485,625.39;$ 11,696,378.00;$ 9,457,834.00;31/08/2026
01 - ADMINISTRATIVA Y FINANCIERA;2.1.2 Gastos de Funcionamiento;102090058 - Dirección de Extensión Universitaria;2.1.2.02.02.006.00;"Comercio y distribución; alojamiento; servicios de suministro de comidas y bebidas; servicios de transporte; y servicios de distribución de electricidad, gas y agua";33 - Convenios con derechos;$ 0.00;$ 90,000,000.00;$ 4,450,000.00;$ 4,450,000.00;31/08/2026
01 - ADMINISTRATIVA Y FINANCIERA;2.1.2 Gastos de Funcionamiento;102090058 - Dirección de Extensión Universitaria;2.1.2.02.02.007;"Servicios financieros y servicios conexos; servicios inmobiliarios; y servicios de arrendamiento y leasing";33 - Convenios con derechos;$ 0.00;$ 55,000,000.00;$ 0.00;$ 0.00;31/08/2026
01 - ADMINISTRATIVA Y FINANCIERA;2.1.2 Gastos de Funcionamiento;102090058 - Dirección de Extensión Universitaria;2.1.2.02.02.008;Servicios prestados a las empresas y servicios de producción ;33 - Convenios con derechos;$ 0.00;$ 7,095,000,000.00;$ 6,737,438,269.60;$ 2,058,293,721.60;31/08/2026
01 - ADMINISTRATIVA Y FINANCIERA;2.1.2 Gastos de Funcionamiento;102090058 - Dirección de Extensión Universitaria;2.1.2.02.02.010;Viáticos de los funcionarios en comisión;33 - Convenios con derechos;$ 0.00;$ 160,000,000.00;$ 13,021,400.00;$ 12,853,640.00;31/08/2026
01 - ADMINISTRATIVA Y FINANCIERA;2.1.2 Gastos de Funcionamiento;102090058 - Dirección de Extensión Universitaria;2.1.2.02.02.008;Servicios prestados a las empresas y servicios de producción ;33 - Convenios con derechos;$ 0.00;$ 0.00;$ 0.00;$ 0.00;31/08/2026
01 - ADMINISTRATIVA Y FINANCIERA;2.1.2 Gastos de Funcionamiento; - N/A;2.1.2.02.02.009.00;Servicios para la comunidad, sociales y personales;33 - Convenios con derechos;$ 0.00;$ 6,000,000.00;$ 6,000,000.00;$ 6,000,000.00;31/08/2026
01 - ADMINISTRATIVA Y FINANCIERA;2.1.3 Transferencias Corrientes;102090058 - Dirección de Extensión Universitaria;2.1.3.07.03.013;Afiliación Riesgos Laborales contratistas Grado IV y V;33 - Convenios con derechos;$ 0.00;$ 35,000,000.00;$ 27,789,500.00;$ 27,789,500.00;31/08/2026
04 - CIENCIAS DE LA EDUCACION;2.1.2 Gastos de Funcionamiento;203030000 - Decanatura Facultad de Ciencias de la Educación;2.1.2.02.01.003;Otros bienes transportables (excepto productos metálicos, maquinaria y equipo);33 - Convenios con derechos;$ 0.00;$ 219,031,074.00;$ 219,013,074.00;$ 219,013,074.00;31/08/2026
04 - CIENCIAS DE LA EDUCACION;2.1.2 Gastos de Funcionamiento;203030000 - Decanatura Facultad de Ciencias de la Educación;2.1.2.02.01.003;Otros bienes transportables (excepto productos metálicos, maquinaria y equipo);33 - Convenios con derechos;$ 96,000,000.00;$ 0.00;$ 0.00;$ 0.00;31/08/2026
04 - CIENCIAS DE LA EDUCACION;2.1.2 Gastos de Funcionamiento;201080010 - Programa de Escuelas Normales Superiores;2.1.2.02.01.003;Otros bienes transportables (excepto productos metálicos, maquinaria y equipo);33 - Convenios con derechos;$ 4,905,846.00;$ 4,905,846.00;$ 0.00;$ 0.00;31/08/2026
04 - CIENCIAS DE LA EDUCACION;2.1.2 Gastos de Funcionamiento;203030000 - Decanatura Facultad de Ciencias de la Educación;2.1.2.02.02.008;Servicios prestados a las empresas y servicios de producción ;33 - Convenios con derechos;$ 0.00;$ 98,716,905.07;$ 0.00;$ 0.00;31/08/2026
04 - CIENCIAS DE LA EDUCACION;2.1.2 Gastos de Funcionamiento;203030000 - Decanatura Facultad de Ciencias de la Educación;2.1.2.02.02.009.00;Servicios para la comunidad, sociales y personales;33 - Convenios con derechos;$ 0.00;$ 19,800,000.00;$ 19,800,000.00;$ 19,800,000.00;31/08/2026
04 - CIENCIAS DE LA EDUCACION;2.1.2 Gastos de Funcionamiento;203030000 - Decanatura Facultad de Ciencias de la Educación;2.1.2.02.02.007;"Servicios financieros y servicios conexos; servicios inmobiliarios; y servicios de arrendamiento y leasing";33 - Convenios con derechos;$ 0.00;$ 27,755,531.00;$ 27,755,531.00;$ 27,755,531.00;31/08/2026
04 - CIENCIAS DE LA EDUCACION;2.1.2 Gastos de Funcionamiento;203030000 - Decanatura Facultad de Ciencias de la Educación;2.1.2.02.02.008;Servicios prestados a las empresas y servicios de producción ;33 - Convenios con derechos;$ 0.00;$ 1,580,521,454.75;$ 1,580,521,454.75;$ 1,580,521,454.75;31/08/2026
04 - CIENCIAS DE LA EDUCACION;2.1.2 Gastos de Funcionamiento;203030000 - Decanatura Facultad de Ciencias de la Educación;2.1.2.02.02.009.00;Servicios para la comunidad, sociales y personales;33 - Convenios con derechos;$ 0.00;$ 3,626,980,831.00;$ 3,626,980,831.00;$ 3,562,132,431.00;31/08/2026
04 - CIENCIAS DE LA EDUCACION;2.1.2 Gastos de Funcionamiento;203030000 - Decanatura Facultad de Ciencias de la Educación;2.1.2.02.02.010;Viáticos de los funcionarios en comisión;33 - Convenios con derechos;$ 0.00;$ 907,775,720.25;$ 907,522,980.00;$ 893,476,480.00;31/08/2026
04 - CIENCIAS DE LA EDUCACION;2.1.2 Gastos de Funcionamiento;203030000 - Decanatura Facultad de Ciencias de la Educación;2.1.2.02.02.008;Servicios prestados a las empresas y servicios de producción ;33 - Convenios con derechos;$ 0.00;$ 12,905,700.00;$ 12,905,700.00;$ 12,905,700.00;31/08/2026
04 - CIENCIAS DE LA EDUCACION;2.1.2 Gastos de Funcionamiento;203030000 - Decanatura Facultad de Ciencias de la Educación;2.1.2.02.02.007;"Servicios financieros y servicios conexos; servicios inmobiliarios; y servicios de arrendamiento y leasing";33 - Convenios con derechos;$ 0.00;$ 0.00;$ 0.00;$ 0.00;31/08/2026
04 - CIENCIAS DE LA EDUCACION;2.1.2 Gastos de Funcionamiento;203030000 - Decanatura Facultad de Ciencias de la Educación;2.1.2.02.02.008;Servicios prestados a las empresas y servicios de producción ;33 - Convenios con derechos;$ 576,000,000.00;$ 0.00;$ 0.00;$ 0.00;31/08/2026
04 - CIENCIAS DE LA EDUCACION;2.1.2 Gastos de Funcionamiento;203030000 - Decanatura Facultad de Ciencias de la Educación;2.1.2.02.02.009.00;Servicios para la comunidad, sociales y personales;33 - Convenios con derechos;$ 2,248,000,000.00;$ 0.00;$ 0.00;$ 0.00;31/08/2026
04 - CIENCIAS DE LA EDUCACION;2.1.2 Gastos de Funcionamiento;203030000 - Decanatura Facultad de Ciencias de la Educación;2.1.2.02.02.010;Viáticos de los funcionarios en comisión;33 - Convenios con derechos;$ 320,000,000.00;$ 0.00;$ 0.00;$ 0.00;31/08/2026
04 - CIENCIAS DE LA EDUCACION;2.1.2 Gastos de Funcionamiento;201090008 - CIEFED - Centro de Gestión de Investigación y Extensión de la Facultad de Ciencias de la Educación;2.1.2.02.02.008;Servicios prestados a las empresas y servicios de producción ;33 - Convenios con derechos;$ 31,500,000.00;$ 31,500,000.00;$ 0.00;$ 0.00;31/08/2026
04 - CIENCIAS DE LA EDUCACION;2.1.2 Gastos de Funcionamiento;201090008 - CIEFED - Centro de Gestión de Investigación y Extensión de la Facultad de Ciencias de la Educación;2.1.2.02.02.009.00;Servicios para la comunidad, sociales y personales;33 - Convenios con derechos;$ 90,000,000.00;$ 90,000,000.00;$ 0.00;$ 0.00;31/08/2026
04 - CIENCIAS DE LA EDUCACION;2.1.2 Gastos de Funcionamiento;201080010 - Programa de Escuelas Normales Superiores;2.1.2.02.02.009.00;Servicios para la comunidad, sociales y personales;33 - Convenios con derechos;$ 0.00;$ 2,179,800.00;$ 2,179,800.00;$ 2,179,800.00;31/08/2026
04 - CIENCIAS DE LA EDUCACION;2.1.2 Gastos de Funcionamiento;201080010 - Programa de Escuelas Normales Superiores;2.1.2.02.02.009.00;Servicios para la comunidad, sociales y personales;33 - Convenios con derechos;$ 0.00;$ 1,171,800.00;$ 1,171,800.00;$ 1,171,800.00;31/08/2026
04 - CIENCIAS DE LA EDUCACION;2.1.2 Gastos de Funcionamiento;201080010 - Programa de Escuelas Normales Superiores;2.1.2.02.02.009.00;Servicios para la comunidad, sociales y personales;33 - Convenios con derechos;$ 0.00;$ 888,400.00;$ 0.00;$ 0.00;31/08/2026
04 - CIENCIAS DE LA EDUCACION;2.1.2 Gastos de Funcionamiento;201080010 - Programa de Escuelas Normales Superiores;2.1.2.02.02.009.00;Servicios para la comunidad, sociales y personales;33 - Convenios con derechos;$ 0.00;$ 917,600.00;$ 0.00;$ 0.00;31/08/2026
04 - CIENCIAS DE LA EDUCACION;2.1.2 Gastos de Funcionamiento;201080010 - Programa de Escuelas Normales Superiores;2.1.2.02.02.009.00;Servicios para la comunidad, sociales y personales;33 - Convenios con derechos;$ 0.00;$ 1,992,500.00;$ 1,992,500.00;$ 1,992,500.00;31/08/2026
04 - CIENCIAS DE LA EDUCACION;2.1.2 Gastos de Funcionamiento;201080010 - Programa de Escuelas Normales Superiores;2.1.2.02.02.009.00;Servicios para la comunidad, sociales y personales;33 - Convenios con derechos;$ 0.00;$ 508,400.00;$ 508,400.00;$ 508,400.00;31/08/2026
04 - CIENCIAS DE LA EDUCACION;2.1.2 Gastos de Funcionamiento;201080010 - Programa de Escuelas Normales Superiores;2.1.2.02.02.009.00;Servicios para la comunidad, sociales y personales;33 - Convenios con derechos;$ 0.00;$ 926,400.00;$ 926,400.00;$ 640,000.00;31/08/2026
04 - CIENCIAS DE LA EDUCACION;2.1.2 Gastos de Funcionamiento;201080010 - Programa de Escuelas Normales Superiores;2.1.2.02.02.009.00;Servicios para la comunidad, sociales y personales;33 - Convenios con derechos;$ 0.00;$ 1,637,200.00;$ 0.00;$ 0.00;31/08/2026
04 - CIENCIAS DE LA EDUCACION;2.1.2 Gastos de Funcionamiento;201080010 - Programa de Escuelas Normales Superiores;2.1.2.02.02.009.00;Servicios para la comunidad, sociales y personales;33 - Convenios con derechos;$ 0.00;$ 1,088,600.00;$ 1,088,600.00;$ 1,088,600.00;31/08/2026
04 - CIENCIAS DE LA EDUCACION;2.1.2 Gastos de Funcionamiento;201080010 - Programa de Escuelas Normales Superiores;2.1.2.02.02.009.00;Servicios para la comunidad, sociales y personales;33 - Convenios con derechos;$ 0.00;$ 1,363,200.00;$ 0.00;$ 0.00;31/08/2026
04 - CIENCIAS DE LA EDUCACION;2.1.2 Gastos de Funcionamiento;201080010 - Programa de Escuelas Normales Superiores;2.1.2.02.02.009.00;Servicios para la comunidad, sociales y personales;33 - Convenios con derechos;$ 0.00;$ 898,000.00;$ 898,000.00;$ 898,000.00;31/08/2026
04 - CIENCIAS DE LA EDUCACION;2.1.2 Gastos de Funcionamiento;201080010 - Programa de Escuelas Normales Superiores;2.1.2.02.02.009.00;Servicios para la comunidad, sociales y personales;33 - Convenios con derechos;$ 0.00;$ 432,000.00;$ 432,000.00;$ 0.00;31/08/2026
04 - CIENCIAS DE LA EDUCACION;2.1.2 Gastos de Funcionamiento;201080010 - Programa de Escuelas Normales Superiores;2.1.2.02.02.009.00;Servicios para la comunidad, sociales y personales;33 - Convenios con derechos;$ 0.00;$ 1,777,400.00;$ 1,777,400.00;$ 1,137,400.00;31/08/2026
04 - CIENCIAS DE LA EDUCACION;2.1.2 Gastos de Funcionamiento;201080010 - Programa de Escuelas Normales Superiores;2.1.2.02.02.009.00;Servicios para la comunidad, sociales y personales;33 - Convenios con derechos;$ 0.00;$ 952,100.00;$ 952,100.00;$ 952,100.00;31/08/2026
04 - CIENCIAS DE LA EDUCACION;2.1.2 Gastos de Funcionamiento;201080010 - Programa de Escuelas Normales Superiores;2.1.2.02.02.009.00;Servicios para la comunidad, sociales y personales;33 - Convenios con derechos;$ 0.00;$ 4,514,434.48;$ 4,480,000.00;$ 3,200,000.00;31/08/2026
04 - CIENCIAS DE LA EDUCACION;2.1.2 Gastos de Funcionamiento;201080010 - Programa de Escuelas Normales Superiores;2.1.2.02.02.009.00;Servicios para la comunidad, sociales y personales;33 - Convenios con derechos;$ 0.00;$ 2,992,347.78;$ 2,992,347.00;$ 1,520,000.00;31/08/2026
04 - CIENCIAS DE LA EDUCACION;2.1.2 Gastos de Funcionamiento;201080010 - Programa de Escuelas Normales Superiores;2.1.2.02.02.009.00;Servicios para la comunidad, sociales y personales;33 - Convenios con derechos;$ 0.00;$ 562,442.00;$ 562,442.00;$ 562,442.00;31/08/2026
04 - CIENCIAS DE LA EDUCACION;2.1.2 Gastos de Funcionamiento;201080010 - Programa de Escuelas Normales Superiores;2.1.2.02.02.009.00;Servicios para la comunidad, sociales y personales;33 - Convenios con derechos;$ 0.00;$ 2,058,434.48;$ 2,058,434.00;$ 2,058,434.00;31/08/2026
04 - CIENCIAS DE LA EDUCACION;2.1.2 Gastos de Funcionamiento;201080010 - Programa de Escuelas Normales Superiores;2.1.2.02.02.009.00;Servicios para la comunidad, sociales y personales;33 - Convenios con derechos;$ 0.00;$ 2,947,826.00;$ 2,880,000.00;$ 1,520,000.00;31/08/2026
04 - CIENCIAS DE LA EDUCACION;2.1.2 Gastos de Funcionamiento;201080010 - Programa de Escuelas Normales Superiores;2.1.2.02.02.009.00;Servicios para la comunidad, sociales y personales;33 - Convenios con derechos;$ 0.00;$ 3,315,129.96;$ 3,315,129.00;$ 1,440,000.00;31/08/2026
04 - CIENCIAS DE LA EDUCACION;2.1.2 Gastos de Funcionamiento;201080010 - Programa de Escuelas Normales Superiores;2.1.2.02.02.009.00;Servicios para la comunidad, sociales y personales;33 - Convenios con derechos;$ 0.00;$ 7,826,087.00;$ 7,826,087.00;$ 7,826,087.00;31/08/2026
04 - CIENCIAS DE LA EDUCACION;2.1.2 Gastos de Funcionamiento;201080010 - Programa de Escuelas Normales Superiores;2.1.2.02.02.009.00;Servicios para la comunidad, sociales y personales;33 - Convenios con derechos;$ 0.00;$ 11,346,087.00;$ 11,120,000.00;$ 3,200,000.00;31/08/2026
04 - CIENCIAS DE LA EDUCACION;2.1.2 Gastos de Funcionamiento;201080010 - Programa de Escuelas Normales Superiores;2.1.2.02.02.009.00;Servicios para la comunidad, sociales y personales;33 - Convenios con derechos;$ 0.00;$ 13,239,130.00;$ 7,200,000.00;$ 5,760,000.00;31/08/2026
04 - CIENCIAS DE LA EDUCACION;2.1.2 Gastos de Funcionamiento;201080010 - Programa de Escuelas Normales Superiores;2.1.2.02.02.009.00;Servicios para la comunidad, sociales y personales;33 - Convenios con derechos;$ 0.00;$ 11,304,348.00;$ 0.00;$ 0.00;31/08/2026
04 - CIENCIAS DE LA EDUCACION;2.1.2 Gastos de Funcionamiento;201080010 - Programa de Escuelas Normales Superiores;2.1.2.02.02.009.00;Servicios para la comunidad, sociales y personales;33 - Convenios con derechos;$ 0.00;$ 12,173,913.00;$ 0.00;$ 0.00;31/08/2026
04 - CIENCIAS DE LA EDUCACION;2.1.2 Gastos de Funcionamiento;201080010 - Programa de Escuelas Normales Superiores;2.1.2.02.02.009.00;Servicios para la comunidad, sociales y personales;33 - Convenios con derechos;$ 0.00;$ 13,043,478.00;$ 0.00;$ 0.00;31/08/2026
04 - CIENCIAS DE LA EDUCACION;2.1.2 Gastos de Funcionamiento;201080010 - Programa de Escuelas Normales Superiores;2.1.2.02.02.009.00;Servicios para la comunidad, sociales y personales;33 - Convenios con derechos;$ 0.00;$ 11,739,130.00;$ 0.00;$ 0.00;31/08/2026
04 - CIENCIAS DE LA EDUCACION;2.1.2 Gastos de Funcionamiento;201080010 - Programa de Escuelas Normales Superiores;2.1.2.02.02.009.00;Servicios para la comunidad, sociales y personales;33 - Convenios con derechos;$ 117,740,304.00;$ 20,677,516.30;$ 0.00;$ 0.00;31/08/2026
04 - CIENCIAS DE LA EDUCACION;2.1.3 Transferencias Corrientes;203030000 - Decanatura Facultad de Ciencias de la Educación;2.1.3.04.05.002;Distintas a membresías;33 - Convenios con derechos;$ 0.00;$ 0.00;$ 0.00;$ 0.00;31/08/2026
04 - CIENCIAS DE LA EDUCACION;2.1.3 Transferencias Corrientes;203030000 - Decanatura Facultad de Ciencias de la Educación;2.1.3.04.05.002;Distintas a membresías;33 - Convenios con derechos;$ 0.00;$ 207,643,226.85;$ 207,643,226.85;$ 207,643,226.85;31/08/2026
04 - CIENCIAS DE LA EDUCACION;2.1.3 Transferencias Corrientes;203030000 - Decanatura Facultad de Ciencias de la Educación;2.1.3.04.05.002;Distintas a membresías;33 - Convenios con derechos;$ 0.00;$ 3,273,043,527.83;$ 3,273,043,527.83;$ 3,273,043,527.83;31/08/2026
06 - CIENCIAS ECONOMICAS, ADMINISTRATIVAS Y CONTABLES;2.1.2 Gastos de Funcionamiento;207090001 - CENES - Centro de Gestión de Investigación y Extensión de la Facultad de Ciencias Económicas, Administrativas y Contables;2.1.2.02.01.003;Otros bienes transportables (excepto productos metálicos, maquinaria y equipo);33 - Convenios con derechos;$ 0.00;$ 3,424,843.47;$ 0.00;$ 0.00;31/08/2026
06 - CIENCIAS ECONOMICAS, ADMINISTRATIVAS Y CONTABLES;2.1.2 Gastos de Funcionamiento;207090001 - CENES - Centro de Gestión de Investigación y Extensión de la Facultad de Ciencias Económicas, Administrativas y Contables;2.1.2.02.01.003;Otros bienes transportables (excepto productos metálicos, maquinaria y equipo);33 - Convenios con derechos;$ 6,000,000.00;$ 0.00;$ 0.00;$ 0.00;31/08/2026
06 - CIENCIAS ECONOMICAS, ADMINISTRATIVAS Y CONTABLES;2.1.2 Gastos de Funcionamiento;207090001 - CENES - Centro de Gestión de Investigación y Extensión de la Facultad de Ciencias Económicas, Administrativas y Contables;2.1.2.02.01.004;Productos metálicos, maquinaria y equipo;33 - Convenios con derechos;$ 10,000,000.00;$ 0.00;$ 0.00;$ 0.00;31/08/2026
06 - CIENCIAS ECONOMICAS, ADMINISTRATIVAS Y CONTABLES;2.1.2 Gastos de Funcionamiento;207090001 - CENES - Centro de Gestión de Investigación y Extensión de la Facultad de Ciencias Económicas, Administrativas y Contables;2.1.2.02.02.008;Servicios prestados a las empresas y servicios de producción ;33 - Convenios con derechos;$ 0.00;$ 631,148.98;$ 631,148.98;$ 631,148.98;31/08/2026
06 - CIENCIAS ECONOMICAS, ADMINISTRATIVAS Y CONTABLES;2.1.2 Gastos de Funcionamiento;207090001 - CENES - Centro de Gestión de Investigación y Extensión de la Facultad de Ciencias Económicas, Administrativas y Contables;2.1.2.02.02.008;Servicios prestados a las empresas y servicios de producción ;33 - Convenios con derechos;$ 0.00;$ 576,923.05;$ 576,923.05;$ 576,923.05;31/08/2026
06 - CIENCIAS ECONOMICAS, ADMINISTRATIVAS Y CONTABLES;2.1.2 Gastos de Funcionamiento;207090001 - CENES - Centro de Gestión de Investigación y Extensión de la Facultad de Ciencias Económicas, Administrativas y Contables;2.1.2.02.02.008;Servicios prestados a las empresas y servicios de producción ;33 - Convenios con derechos;$ 0.00;$ 576,923.75;$ 576,923.75;$ 576,923.75;31/08/2026
06 - CIENCIAS ECONOMICAS, ADMINISTRATIVAS Y CONTABLES;2.1.2 Gastos de Funcionamiento;207090001 - CENES - Centro de Gestión de Investigación y Extensión de la Facultad de Ciencias Económicas, Administrativas y Contables;2.1.2.02.02.008;Servicios prestados a las empresas y servicios de producción ;33 - Convenios con derechos;$ 0.00;$ 742,872.04;$ 742,872.04;$ 742,872.04;31/08/2026
06 - CIENCIAS ECONOMICAS, ADMINISTRATIVAS Y CONTABLES;2.1.2 Gastos de Funcionamiento;207090001 - CENES - Centro de Gestión de Investigación y Extensión de la Facultad de Ciencias Económicas, Administrativas y Contables;2.1.2.02.02.008;Servicios prestados a las empresas y servicios de producción ;33 - Convenios con derechos;$ 0.00;$ 1,153,846.25;$ 1,153,846.25;$ 1,153,846.25;31/08/2026
06 - CIENCIAS ECONOMICAS, ADMINISTRATIVAS Y CONTABLES;2.1.2 Gastos de Funcionamiento;207090001 - CENES - Centro de Gestión de Investigación y Extensión de la Facultad de Ciencias Económicas, Administrativas y Contables;2.1.2.02.02.008;Servicios prestados a las empresas y servicios de producción ;33 - Convenios con derechos;$ 0.00;$ 909,615.00;$ 0.00;$ 0.00;31/08/2026
06 - CIENCIAS ECONOMICAS, ADMINISTRATIVAS Y CONTABLES;2.1.2 Gastos de Funcionamiento;207090001 - CENES - Centro de Gestión de Investigación y Extensión de la Facultad de Ciencias Económicas, Administrativas y Contables;2.1.2.02.02.008;Servicios prestados a las empresas y servicios de producción ;33 - Convenios con derechos;$ 0.00;$ 1,386,154.00;$ 1,386,154.00;$ 1,386,154.00;31/08/2026
06 - CIENCIAS ECONOMICAS, ADMINISTRATIVAS Y CONTABLES;2.1.2 Gastos de Funcionamiento;207090001 - CENES - Centro de Gestión de Investigación y Extensión de la Facultad de Ciencias Económicas, Administrativas y Contables;2.1.2.02.02.008;Servicios prestados a las empresas y servicios de producción ;33 - Convenios con derechos;$ 0.00;$ 693,076.92;$ 693,076.92;$ 693,076.92;31/08/2026
06 - CIENCIAS ECONOMICAS, ADMINISTRATIVAS Y CONTABLES;2.1.2 Gastos de Funcionamiento;207090001 - CENES - Centro de Gestión de Investigación y Extensión de la Facultad de Ciencias Económicas, Administrativas y Contables;2.1.2.02.02.008;Servicios prestados a las empresas y servicios de producción ;33 - Convenios con derechos;$ 0.00;$ 1,103,076.92;$ 1,103,076.92;$ 1,103,076.92;31/08/2026
06 - CIENCIAS ECONOMICAS, ADMINISTRATIVAS Y CONTABLES;2.1.2 Gastos de Funcionamiento;207090001 - CENES - Centro de Gestión de Investigación y Extensión de la Facultad de Ciencias Económicas, Administrativas y Contables;2.1.2.02.02.008;Servicios prestados a las empresas y servicios de producción ;33 - Convenios con derechos;$ 0.00;$ 3,256,153.85;$ 3,256,153.85;$ 3,256,153.85;31/08/2026
06 - CIENCIAS ECONOMICAS, ADMINISTRATIVAS Y CONTABLES;2.1.2 Gastos de Funcionamiento;207090001 - CENES - Centro de Gestión de Investigación y Extensión de la Facultad de Ciencias Económicas, Administrativas y Contables;2.1.2.02.02.008;Servicios prestados a las empresas y servicios de producción ;33 - Convenios con derechos;$ 0.00;$ 367,692.31;$ 367,692.31;$ 367,692.31;31/08/2026
06 - CIENCIAS ECONOMICAS, ADMINISTRATIVAS Y CONTABLES;2.1.2 Gastos de Funcionamiento;207090001 - CENES - Centro de Gestión de Investigación y Extensión de la Facultad de Ciencias Económicas, Administrativas y Contables;2.1.2.02.02.008;Servicios prestados a las empresas y servicios de producción ;33 - Convenios con derechos;$ 0.00;$ 717,000.00;$ 717,000.00;$ 717,000.00;31/08/2026
06 - CIENCIAS ECONOMICAS, ADMINISTRATIVAS Y CONTABLES;2.1.2 Gastos de Funcionamiento;207090001 - CENES - Centro de Gestión de Investigación y Extensión de la Facultad de Ciencias Económicas, Administrativas y Contables;2.1.2.02.02.008;Servicios prestados a las empresas y servicios de producción ;33 - Convenios con derechos;$ 0.00;$ 1,232,423.08;$ 1,232,423.08;$ 1,232,423.08;31/08/2026
06 - CIENCIAS ECONOMICAS, ADMINISTRATIVAS Y CONTABLES;2.1.2 Gastos de Funcionamiento;207090001 - CENES - Centro de Gestión de Investigación y Extensión de la Facultad de Ciencias Económicas, Administrativas y Contables;2.1.2.02.02.008;Servicios prestados a las empresas y servicios de producción ;33 - Convenios con derechos;$ 0.00;$ 766,615.35;$ 766,615.35;$ 0.00;31/08/2026
06 - CIENCIAS ECONOMICAS, ADMINISTRATIVAS Y CONTABLES;2.1.2 Gastos de Funcionamiento;207090001 - CENES - Centro de Gestión de Investigación y Extensión de la Facultad de Ciencias Económicas, Administrativas y Contables;2.1.2.02.02.008;Servicios prestados a las empresas y servicios de producción ;33 - Convenios con derechos;$ 0.00;$ 696,923.08;$ 696,923.08;$ 696,923.08;31/08/2026
06 - CIENCIAS ECONOMICAS, ADMINISTRATIVAS Y CONTABLES;2.1.2 Gastos de Funcionamiento;207090001 - CENES - Centro de Gestión de Investigación y Extensión de la Facultad de Ciencias Económicas, Administrativas y Contables;2.1.2.02.02.008;Servicios prestados a las empresas y servicios de producción ;33 - Convenios con derechos;$ 0.00;$ 696,923.05;$ 0.00;$ 0.00;31/08/2026
06 - CIENCIAS ECONOMICAS, ADMINISTRATIVAS Y CONTABLES;2.1.2 Gastos de Funcionamiento;207090001 - CENES - Centro de Gestión de Investigación y Extensión de la Facultad de Ciencias Económicas, Administrativas y Contables;2.1.2.02.02.008;Servicios prestados a las empresas y servicios de producción ;33 - Convenios con derechos;$ 0.00;$ 1,456,500.00;$ 1,456,500.00;$ 1,456,500.00;31/08/2026
06 - CIENCIAS ECONOMICAS, ADMINISTRATIVAS Y CONTABLES;2.1.2 Gastos de Funcionamiento;207090001 - CENES - Centro de Gestión de Investigación y Extensión de la Facultad de Ciencias Económicas, Administrativas y Contables;2.1.2.02.02.006.00;"Comercio y distribución; alojamiento; servicios de suministro de comidas y bebidas; servicios de transporte; y servicios de distribución de electricidad, gas y agua";33 - Convenios con derechos;$ 0.00;$ 10,000,000.00;$ 0.00;$ 0.00;31/08/2026
06 - CIENCIAS ECONOMICAS, ADMINISTRATIVAS Y CONTABLES;2.1.2 Gastos de Funcionamiento;207090001 - CENES - Centro de Gestión de Investigación y Extensión de la Facultad de Ciencias Económicas, Administrativas y Contables;2.1.2.02.02.008;Servicios prestados a las empresas y servicios de producción ;33 - Convenios con derechos;$ 0.00;$ 375,020,000.00;$ 92,500,000.00;$ 0.00;31/08/2026
06 - CIENCIAS ECONOMICAS, ADMINISTRATIVAS Y CONTABLES;2.1.2 Gastos de Funcionamiento;207090001 - CENES - Centro de Gestión de Investigación y Extensión de la Facultad de Ciencias Económicas, Administrativas y Contables;2.1.2.02.02.009.00;Servicios para la comunidad, sociales y personales;33 - Convenios con derechos;$ 0.00;$ 130,500,000.00;$ 0.00;$ 0.00;31/08/2026
06 - CIENCIAS ECONOMICAS, ADMINISTRATIVAS Y CONTABLES;2.1.2 Gastos de Funcionamiento;207090001 - CENES - Centro de Gestión de Investigación y Extensión de la Facultad de Ciencias Económicas, Administrativas y Contables;2.1.2.02.02.009.00;Servicios para la comunidad, sociales y personales;33 - Convenios con derechos;$ 0.00;$ 5,513,600.00;$ 1,600,000.00;$ 0.00;31/08/2026
06 - CIENCIAS ECONOMICAS, ADMINISTRATIVAS Y CONTABLES;2.1.2 Gastos de Funcionamiento;207090001 - CENES - Centro de Gestión de Investigación y Extensión de la Facultad de Ciencias Económicas, Administrativas y Contables;2.1.2.02.02.008;Servicios prestados a las empresas y servicios de producción ;33 - Convenios con derechos;$ 132,200,000.00;$ 0.00;$ 0.00;$ 0.00;31/08/2026
06 - CIENCIAS ECONOMICAS, ADMINISTRATIVAS Y CONTABLES;2.1.2 Gastos de Funcionamiento;207090001 - CENES - Centro de Gestión de Investigación y Extensión de la Facultad de Ciencias Económicas, Administrativas y Contables;2.1.2.02.02.009.00;Servicios para la comunidad, sociales y personales;33 - Convenios con derechos;$ 30,000,000.00;$ 0.00;$ 0.00;$ 0.00;31/08/2026
07 - CIENCIAS DE LA SALUD;2.1.2 Gastos de Funcionamiento;204030000 - Decanatura Facultad de Ciencias de la Salud;2.1.2.02.02.009.00;Servicios para la comunidad, sociales y personales;33 - Convenios con derechos;$ 0.00;$ 18,040,000.00;$ 18,040,000.00;$ 0.00;31/08/2026
07 - CIENCIAS DE LA SALUD;2.1.2 Gastos de Funcionamiento;204090002 - CIES - Centro de Gestión de Investigación y Extensión de la Facultad de Ciencias de la Salud;2.1.2.02.02.008;Servicios prestados a las empresas y servicios de producción ;33 - Convenios con derechos;$ 30,000,000.00;$ 30,000,000.00;$ 0.00;$ 0.00;31/08/2026
07 - CIENCIAS DE LA SALUD;2.1.2 Gastos de Funcionamiento;204090002 - CIES - Centro de Gestión de Investigación y Extensión de la Facultad de Ciencias de la Salud;2.1.2.02.02.009.00;Servicios para la comunidad, sociales y personales;33 - Convenios con derechos;$ 51,000,000.00;$ 51,000,000.00;$ 0.00;$ 0.00;31/08/2026
08 - CIENCIAS AGROPECUARIAS;2.1.2 Gastos de Funcionamiento;206030000 - Decanatura Facultad de Ciencias Agropecuarias;2.1.2.02.01.002;"Productos alimenticios, bebidas y tabaco; textiles, prendas de vestir y productos de cuero";33 - Convenios con derechos;$ 0.00;$ 30,000,000.00;$ 15,644,125.00;$ 11,200,800.00;31/08/2026
08 - CIENCIAS AGROPECUARIAS;2.1.2 Gastos de Funcionamiento;206030000 - Decanatura Facultad de Ciencias Agropecuarias;2.1.2.02.01.003;Otros bienes transportables (excepto productos metálicos, maquinaria y equipo);33 - Convenios con derechos;$ 0.00;$ 365,700,000.00;$ 314,328,601.09;$ 123,988,944.78;31/08/2026
08 - CIENCIAS AGROPECUARIAS;2.1.2 Gastos de Funcionamiento;206030000 - Decanatura Facultad de Ciencias Agropecuarias;2.1.2.02.01.004;Productos metálicos, maquinaria y equipo;33 - Convenios con derechos;$ 0.00;$ 174,300,000.00;$ 91,847,439.18;$ 63,960,553.50;31/08/2026
08 - CIENCIAS AGROPECUARIAS;2.1.2 Gastos de Funcionamiento;206030000 - Decanatura Facultad de Ciencias Agropecuarias;2.1.2.02.01.003;Otros bienes transportables (excepto productos metálicos, maquinaria y equipo);33 - Convenios con derechos;$ 162,000,000.00;$ 0.00;$ 0.00;$ 0.00;31/08/2026
08 - CIENCIAS AGROPECUARIAS;2.1.2 Gastos de Funcionamiento;206030000 - Decanatura Facultad de Ciencias Agropecuarias;2.1.2.02.01.004;Productos metálicos, maquinaria y equipo;33 - Convenios con derechos;$ 121,500,000.00;$ 0.00;$ 0.00;$ 0.00;31/08/2026
08 - CIENCIAS AGROPECUARIAS;2.1.2 Gastos de Funcionamiento;206200014 - Extensión Servicios de Laboratorio - Laboratorio de Suelos;2.1.2.02.01.003;Otros bienes transportables (excepto productos metálicos, maquinaria y equipo);33 - Convenios con derechos;$ 0.00;$ 479,139.71;$ 476,700.91;$ 476,699.90;31/08/2026
08 - CIENCIAS AGROPECUARIAS;2.1.2 Gastos de Funcionamiento;206200014 - Extensión Servicios de Laboratorio - Laboratorio de Suelos;2.1.2.02.01.004;Productos metálicos, maquinaria y equipo;33 - Convenios con derechos;$ 0.00;$ 10,300,878.00;$ 8,782,200.00;$ 8,782,200.00;31/08/2026
08 - CIENCIAS AGROPECUARIAS;2.1.2 Gastos de Funcionamiento;206030000 - Decanatura Facultad de Ciencias Agropecuarias;2.1.2.02.02.008;Servicios prestados a las empresas y servicios de producción ;33 - Convenios con derechos;$ 0.00;$ 3,429,475.00;$ 3,429,475.00;$ 3,429,475.00;31/08/2026
08 - CIENCIAS AGROPECUARIAS;2.1.2 Gastos de Funcionamiento;206030000 - Decanatura Facultad de Ciencias Agropecuarias;2.1.2.02.02.008;Servicios prestados a las empresas y servicios de producción ;33 - Convenios con derechos;$ 0.00;$ 3,902,162.85;$ 3,902,162.85;$ 3,902,162.85;31/08/2026
08 - CIENCIAS AGROPECUARIAS;2.1.2 Gastos de Funcionamiento;206030000 - Decanatura Facultad de Ciencias Agropecuarias;2.1.2.02.02.008;Servicios prestados a las empresas y servicios de producción ;33 - Convenios con derechos;$ 0.00;$ 3,601,281.00;$ 0.00;$ 0.00;31/08/2026
08 - CIENCIAS AGROPECUARIAS;2.1.2 Gastos de Funcionamiento;206030000 - Decanatura Facultad de Ciencias Agropecuarias;2.1.2.02.02.006.00;"Comercio y distribución; alojamiento; servicios de suministro de comidas y bebidas; servicios de transporte; y servicios de distribución de electricidad, gas y agua";33 - Convenios con derechos;$ 0.00;$ 4,000,000.00;$ 0.00;$ 0.00;31/08/2026
08 - CIENCIAS AGROPECUARIAS;2.1.2 Gastos de Funcionamiento;206030000 - Decanatura Facultad de Ciencias Agropecuarias;2.1.2.02.02.008;Servicios prestados a las empresas y servicios de producción ;33 - Convenios con derechos;$ 0.00;$ 727,685,870.00;$ 619,787,600.00;$ 283,899,000.00;31/08/2026
08 - CIENCIAS AGROPECUARIAS;2.1.2 Gastos de Funcionamiento;206030000 - Decanatura Facultad de Ciencias Agropecuarias;2.1.2.02.02.010;Viáticos de los funcionarios en comisión;33 - Convenios con derechos;$ 0.00;$ 3,000,000.00;$ 721,787.00;$ 0.00;31/08/2026
08 - CIENCIAS AGROPECUARIAS;2.1.2 Gastos de Funcionamiento;206030000 - Decanatura Facultad de Ciencias Agropecuarias;2.1.2.02.02.008;Servicios prestados a las empresas y servicios de producción ;33 - Convenios con derechos;$ 486,000,000.00;$ 7,826,087.00;$ 0.00;$ 0.00;31/08/2026
08 - CIENCIAS AGROPECUARIAS;2.1.2 Gastos de Funcionamiento;206030000 - Decanatura Facultad de Ciencias Agropecuarias;2.1.2.02.02.010;Viáticos de los funcionarios en comisión;33 - Convenios con derechos;$ 40,500,000.00;$ 0.00;$ 0.00;$ 0.00;31/08/2026
08 - CIENCIAS AGROPECUARIAS;2.1.2 Gastos de Funcionamiento;201080010 - Programa de Escuelas Normales Superiores;2.1.2.02.02.009.00;Servicios para la comunidad, sociales y personales;33 - Convenios con derechos;$ 0.00;$ 0.00;$ 0.00;$ 0.00;31/08/2026
08 - CIENCIAS AGROPECUARIAS;2.1.2 Gastos de Funcionamiento;206200014 - Extensión Servicios de Laboratorio - Laboratorio de Suelos;2.1.2.02.02.008;Servicios prestados a las empresas y servicios de producción ;33 - Convenios con derechos;$ 0.00;$ 4,000,000.00;$ 4,000,000.00;$ 1,500,000.00;31/08/2026
08 - CIENCIAS AGROPECUARIAS;2.1.8 Tasas y Multas;206030000 - Decanatura Facultad de Ciencias Agropecuarias;2.1.8.01.14;Gravamen a los movimientos financieros;33 - Convenios con derechos;$ 0.00;$ 0.00;$ 0.00;$ 0.00;31/08/2026
08 - CIENCIAS AGROPECUARIAS;2.1.8 Tasas y Multas;206030000 - Decanatura Facultad de Ciencias Agropecuarias;2.1.8.01.14;Gravamen a los movimientos financieros;33 - Convenios con derechos;$ 0.00;$ 400,000.00;$ 354,263.00;$ 354,263.00;31/08/2026
08 - CIENCIAS AGROPECUARIAS;2.1.8 Tasas y Multas;206030000 - Decanatura Facultad de Ciencias Agropecuarias;2.1.8.01.14;Gravamen a los movimientos financieros;33 - Convenios con derechos;$ 0.00;$ 342,000.00;$ 144,240.00;$ 144,240.00;31/08/2026
08 - CIENCIAS AGROPECUARIAS;2.1.8 Tasas y Multas;206030000 - Decanatura Facultad de Ciencias Agropecuarias;2.1.8.01.14;Gravamen a los movimientos financieros;33 - Convenios con derechos;$ 0.00;$ 586,000.00;$ 309,511.00;$ 309,511.00;31/08/2026
08 - CIENCIAS AGROPECUARIAS;2.1.8 Tasas y Multas;206200014 - Extensión Servicios de Laboratorio - Laboratorio de Suelos;2.1.8.01.14;Gravamen a los movimientos financieros;33 - Convenios con derechos;$ 0.00;$ 188,000.00;$ 187,392.00;$ 187,392.00;31/08/2026
09 - INGENIERIA;2.1.2 Gastos de Funcionamiento;210030000 - Decanatura Facultad de Ingeniería;2.1.2.02.01.003;Otros bienes transportables (excepto productos metálicos, maquinaria y equipo);33 - Convenios con derechos;$ 69,984,000.00;$ 0.00;$ 0.00;$ 0.00;31/08/2026
09 - INGENIERIA;2.1.2 Gastos de Funcionamiento;210030000 - Decanatura Facultad de Ingeniería;2.1.2.02.01.004;Productos metálicos, maquinaria y equipo;33 - Convenios con derechos;$ 116,640,000.00;$ 0.00;$ 0.00;$ 0.00;31/08/2026
09 - INGENIERIA;2.1.2 Gastos de Funcionamiento;210030000 - Decanatura Facultad de Ingeniería;2.1.2.02.02.007;"Servicios financieros y servicios conexos; servicios inmobiliarios; y servicios de arrendamiento y leasing";33 - Convenios con derechos;$ 0.00;$ 1,134,763.77;$ 1,134,763.77;$ 1,134,763.77;31/08/2026
09 - INGENIERIA;2.1.2 Gastos de Funcionamiento;210030000 - Decanatura Facultad de Ingeniería;2.1.2.02.02.008;Servicios prestados a las empresas y servicios de producción ;33 - Convenios con derechos;$ 0.00;$ 85,055,200.00;$ 85,055,200.00;$ 85,055,200.00;31/08/2026
09 - INGENIERIA;2.1.2 Gastos de Funcionamiento;210030000 - Decanatura Facultad de Ingeniería;2.1.2.02.02.008;Servicios prestados a las empresas y servicios de producción ;33 - Convenios con derechos;$ 0.00;$ 7,589,269.00;$ 0.00;$ 0.00;31/08/2026
09 - INGENIERIA;2.1.2 Gastos de Funcionamiento;210030000 - Decanatura Facultad de Ingeniería;2.1.2.02.02.008;Servicios prestados a las empresas y servicios de producción ;33 - Convenios con derechos;$ 0.00;$ 2,712,128.70;$ 0.00;$ 0.00;31/08/2026
09 - INGENIERIA;2.1.2 Gastos de Funcionamiento;210030000 - Decanatura Facultad de Ingeniería;2.1.2.02.02.008;Servicios prestados a las empresas y servicios de producción ;33 - Convenios con derechos;$ 0.00;$ 1,339,160.00;$ 0.00;$ 0.00;31/08/2026
09 - INGENIERIA;2.1.2 Gastos de Funcionamiento;210030000 - Decanatura Facultad de Ingeniería;2.1.2.02.02.008;Servicios prestados a las empresas y servicios de producción ;33 - Convenios con derechos;$ 0.00;$ 113,500,000.00;$ 113,500,000.00;$ 113,500,000.00;31/08/2026
09 - INGENIERIA;2.1.2 Gastos de Funcionamiento;210030000 - Decanatura Facultad de Ingeniería;2.1.2.02.02.010;Viáticos de los funcionarios en comisión;33 - Convenios con derechos;$ 0.00;$ 4,736,769.00;$ 0.00;$ 0.00;31/08/2026
09 - INGENIERIA;2.1.2 Gastos de Funcionamiento;210030000 - Decanatura Facultad de Ingeniería;2.1.2.02.02.007;"Servicios financieros y servicios conexos; servicios inmobiliarios; y servicios de arrendamiento y leasing";33 - Convenios con derechos;$ 0.00;$ 8,000,000.00;$ 0.00;$ 0.00;31/08/2026
09 - INGENIERIA;2.1.2 Gastos de Funcionamiento;210030000 - Decanatura Facultad de Ingeniería;2.1.2.02.02.008;Servicios prestados a las empresas y servicios de producción ;33 - Convenios con derechos;$ 0.00;$ 5,509,360,924.60;$ 5,053,299,935.00;$ 2,471,500,000.00;31/08/2026
09 - INGENIERIA;2.1.2 Gastos de Funcionamiento;210030000 - Decanatura Facultad de Ingeniería;2.1.2.02.02.010;Viáticos de los funcionarios en comisión;33 - Convenios con derechos;$ 0.00;$ 191,730,000.00;$ 122,070,511.50;$ 98,971,505.50;31/08/2026
09 - INGENIERIA;2.1.2 Gastos de Funcionamiento;210030000 - Decanatura Facultad de Ingeniería;2.1.2.02.02.007;"Servicios financieros y servicios conexos; servicios inmobiliarios; y servicios de arrendamiento y leasing";33 - Convenios con derechos;$ 7,776,000.00;$ 0.00;$ 0.00;$ 0.00;31/08/2026
09 - INGENIERIA;2.1.2 Gastos de Funcionamiento;210030000 - Decanatura Facultad de Ingeniería;2.1.2.02.02.008;Servicios prestados a las empresas y servicios de producción ;33 - Convenios con derechos;$ 3,499,200,000.00;$ 0.00;$ 0.00;$ 0.00;31/08/2026
09 - INGENIERIA;2.1.2 Gastos de Funcionamiento;210030000 - Decanatura Facultad de Ingeniería;2.1.2.02.02.010;Viáticos de los funcionarios en comisión;33 - Convenios con derechos;$ 194,400,000.00;$ 0.00;$ 0.00;$ 0.00;31/08/2026
09 - INGENIERIA;2.1.2 Gastos de Funcionamiento; - N/A;2.1.2.02.02.008;Servicios prestados a las empresas y servicios de producción ;33 - Convenios con derechos;$ 0.00;$ 728,875,531.00;$ 702,295,360.00;$ 420,668,000.00;31/08/2026
09 - INGENIERIA;2.1.2 Gastos de Funcionamiento; - N/A;2.1.2.02.02.010;Viáticos de los funcionarios en comisión;33 - Convenios con derechos;$ 0.00;$ 2,000,000.00;$ 1,663,846.00;$ 1,663,846.00;31/08/2026
09 - INGENIERIA;2.1.8 Tasas y Multas;210030000 - Decanatura Facultad de Ingeniería;2.1.8.01.14;Gravamen a los movimientos financieros;33 - Convenios con derechos;$ 0.00;$ 41,110.98;$ 41,110.98;$ 41,110.98;31/08/2026
10 - DERECHO Y CIENCIAS SOCIALES;2.1.2 Gastos de Funcionamiento;208030000 - Decanatura Facultad de Derecho y Ciencias sociales;2.1.2.02.01.003;Otros bienes transportables (excepto productos metálicos, maquinaria y equipo);33 - Convenios con derechos;$ 10,000,000.00;$ 10,000,000.00;$ 0.00;$ 0.00;31/08/2026
10 - DERECHO Y CIENCIAS SOCIALES;2.1.2 Gastos de Funcionamiento;208030000 - Decanatura Facultad de Derecho y Ciencias sociales;2.1.2.02.02.008;Servicios prestados a las empresas y servicios de producción ;33 - Convenios con derechos;$ 0.00;$ 22,537,438.83;$ 0.00;$ 0.00;31/08/2026
10 - DERECHO Y CIENCIAS SOCIALES;2.1.2 Gastos de Funcionamiento;208030000 - Decanatura Facultad de Derecho y Ciencias sociales;2.1.2.02.02.008;Servicios prestados a las empresas y servicios de producción ;33 - Convenios con derechos;$ 0.00;$ 151,000,000.00;$ 141,592,260.00;$ 77,552,760.00;31/08/2026
10 - DERECHO Y CIENCIAS SOCIALES;2.1.2 Gastos de Funcionamiento;208030000 - Decanatura Facultad de Derecho y Ciencias sociales;2.1.2.02.02.006.00;"Comercio y distribución; alojamiento; servicios de suministro de comidas y bebidas; servicios de transporte; y servicios de distribución de electricidad, gas y agua";33 - Convenios con derechos;$ 15,000,000.00;$ 15,000,000.00;$ 0.00;$ 0.00;31/08/2026
10 - DERECHO Y CIENCIAS SOCIALES;2.1.2 Gastos de Funcionamiento;208030000 - Decanatura Facultad de Derecho y Ciencias sociales;2.1.2.02.02.008;Servicios prestados a las empresas y servicios de producción ;33 - Convenios con derechos;$ 135,000,000.00;$ 5,000,000.00;$ 0.00;$ 0.00;31/08/2026
10 - DERECHO Y CIENCIAS SOCIALES;2.1.2 Gastos de Funcionamiento;208030000 - Decanatura Facultad de Derecho y Ciencias sociales;2.1.2.02.02.010;Viáticos de los funcionarios en comisión;33 - Convenios con derechos;$ 42,500,000.00;$ 21,500,000.00;$ 0.00;$ 0.00;31/08/2026
12 - SECCIONAL DUITAMA;2.1.2 Gastos de Funcionamiento;212090007 - CIFAD - Centro de Gestión de Investigación y Extensión de la Facultad Seccional Duitama;2.1.2.02.01.003;Otros bienes transportables (excepto productos metálicos, maquinaria y equipo);33 - Convenios con derechos;$ 0.00;$ 350,157.50;$ 350,157.50;$ 350,157.50;31/08/2026
12 - SECCIONAL DUITAMA;2.1.2 Gastos de Funcionamiento;212090007 - CIFAD - Centro de Gestión de Investigación y Extensión de la Facultad Seccional Duitama;2.1.2.02.01.004;Productos metálicos, maquinaria y equipo;33 - Convenios con derechos;$ 0.00;$ 7,760,000.00;$ 0.00;$ 0.00;31/08/2026
12 - SECCIONAL DUITAMA;2.1.2 Gastos de Funcionamiento;212090007 - CIFAD - Centro de Gestión de Investigación y Extensión de la Facultad Seccional Duitama;2.1.2.02.01.003;Otros bienes transportables (excepto productos metálicos, maquinaria y equipo);33 - Convenios con derechos;$ 30,937,500.00;$ 30,937,500.00;$ 0.00;$ 0.00;31/08/2026
12 - SECCIONAL DUITAMA;2.1.2 Gastos de Funcionamiento;212090007 - CIFAD - Centro de Gestión de Investigación y Extensión de la Facultad Seccional Duitama;2.1.2.02.01.004;Productos metálicos, maquinaria y equipo;33 - Convenios con derechos;$ 24,750,000.00;$ 24,750,000.00;$ 0.00;$ 0.00;31/08/2026
12 - SECCIONAL DUITAMA;2.1.2 Gastos de Funcionamiento; - N/A;2.1.2.02.01.004;Productos metálicos, maquinaria y equipo;33 - Convenios con derechos;$ 0.00;$ 66,078,226.38;$ 66,078,226.38;$ 66,078,226.38;31/08/2026
12 - SECCIONAL DUITAMA;2.1.2 Gastos de Funcionamiento;212030006 - Decanatura Facultad Seccional Duitama;2.1.2.02.02.008;Servicios prestados a las empresas y servicios de producción ;33 - Convenios con derechos;$ 0.00;$ 1,384,615.00;$ 1,384,615.00;$ 1,384,615.00;31/08/2026
12 - SECCIONAL DUITAMA;2.1.2 Gastos de Funcionamiento;212030006 - Decanatura Facultad Seccional Duitama;2.1.2.02.02.008;Servicios prestados a las empresas y servicios de producción ;33 - Convenios con derechos;$ 0.00;$ 3,979,168.47;$ 3,979,168.47;$ 3,979,168.47;31/08/2026
12 - SECCIONAL DUITAMA;2.1.2 Gastos de Funcionamiento;212090007 - CIFAD - Centro de Gestión de Investigación y Extensión de la Facultad Seccional Duitama;2.1.2.02.02.008;Servicios prestados a las empresas y servicios de producción ;33 - Convenios con derechos;$ 0.00;$ 3,576,923.00;$ 3,576,923.00;$ 3,576,923.00;31/08/2026
12 - SECCIONAL DUITAMA;2.1.2 Gastos de Funcionamiento;212090007 - CIFAD - Centro de Gestión de Investigación y Extensión de la Facultad Seccional Duitama;2.1.2.02.02.008;Servicios prestados a las empresas y servicios de producción ;33 - Convenios con derechos;$ 0.00;$ 4,418,000.00;$ 4,418,000.00;$ 4,418,000.00;31/08/2026
12 - SECCIONAL DUITAMA;2.1.2 Gastos de Funcionamiento;212090007 - CIFAD - Centro de Gestión de Investigación y Extensión de la Facultad Seccional Duitama;2.1.2.02.02.008;Servicios prestados a las empresas y servicios de producción ;33 - Convenios con derechos;$ 0.00;$ 2,298,462.00;$ 2,298,462.00;$ 0.00;31/08/2026
12 - SECCIONAL DUITAMA;2.1.2 Gastos de Funcionamiento;212090007 - CIFAD - Centro de Gestión de Investigación y Extensión de la Facultad Seccional Duitama;2.1.2.02.02.008;Servicios prestados a las empresas y servicios de producción ;33 - Convenios con derechos;$ 0.00;$ 31,669,230.77;$ 31,662,039.00;$ 31,662,039.00;31/08/2026
12 - SECCIONAL DUITAMA;2.1.2 Gastos de Funcionamiento;212090007 - CIFAD - Centro de Gestión de Investigación y Extensión de la Facultad Seccional Duitama;2.1.2.02.02.009.00;Servicios para la comunidad, sociales y personales;33 - Convenios con derechos;$ 0.00;$ 35,880,000.00;$ 35,880,000.00;$ 35,880,000.00;31/08/2026
12 - SECCIONAL DUITAMA;2.1.2 Gastos de Funcionamiento;212090007 - CIFAD - Centro de Gestión de Investigación y Extensión de la Facultad Seccional Duitama;2.1.2.02.02.008;Servicios prestados a las empresas y servicios de producción ;33 - Convenios con derechos;$ 0.00;$ 15,969,230.77;$ 0.00;$ 0.00;31/08/2026
12 - SECCIONAL DUITAMA;2.1.2 Gastos de Funcionamiento;212090007 - CIFAD - Centro de Gestión de Investigación y Extensión de la Facultad Seccional Duitama;2.1.2.02.02.009.00;Servicios para la comunidad, sociales y personales;33 - Convenios con derechos;$ 0.00;$ 22,240,000.00;$ 0.00;$ 0.00;31/08/2026
12 - SECCIONAL DUITAMA;2.1.2 Gastos de Funcionamiento;212090007 - CIFAD - Centro de Gestión de Investigación y Extensión de la Facultad Seccional Duitama;2.1.2.02.02.008;Servicios prestados a las empresas y servicios de producción ;33 - Convenios con derechos;$ 272,250,000.00;$ 26,630,191.22;$ 0.00;$ 0.00;31/08/2026
12 - SECCIONAL DUITAMA;2.1.2 Gastos de Funcionamiento;212090007 - CIFAD - Centro de Gestión de Investigación y Extensión de la Facultad Seccional Duitama;2.1.2.02.02.009.00;Servicios para la comunidad, sociales y personales;33 - Convenios con derechos;$ 334,125,000.00;$ 115,349,961.26;$ 0.00;$ 0.00;31/08/2026
12 - SECCIONAL DUITAMA;2.1.2 Gastos de Funcionamiento;212090007 - CIFAD - Centro de Gestión de Investigación y Extensión de la Facultad Seccional Duitama;2.1.2.02.02.010;Viáticos de los funcionarios en comisión;33 - Convenios con derechos;$ 6,187,500.00;$ 6,187,500.00;$ 0.00;$ 0.00;31/08/2026
12 - SECCIONAL DUITAMA;2.1.2 Gastos de Funcionamiento; - N/A;2.1.2.02.02.008;Servicios prestados a las empresas y servicios de producción ;33 - Convenios con derechos;$ 0.00;$ 244,050,040.10;$ 244,050,040.10;$ 222,804,846.98;31/08/2026
12 - SECCIONAL DUITAMA;2.1.2 Gastos de Funcionamiento; - N/A;2.1.2.02.02.009.00;Servicios para la comunidad, sociales y personales;33 - Convenios con derechos;$ 0.00;$ 38,099,500.00;$ 38,099,500.00;$ 38,099,500.00;31/08/2026
13 - SECCIONAL SOGAMOSO;2.1.1 Gastos de Personal;213030001 - Decanatura Facultad Seccional Sogamoso;2.1.1.02.02.005;Aportes generales al sistema de riesgos laborales;33 - Convenios con derechos;$ 0.00;$ 0.00;$ 0.00;$ 0.00;31/08/2026
13 - SECCIONAL SOGAMOSO;2.1.1 Gastos de Personal; - N/A;2.1.1.02.02.005;Aportes generales al sistema de riesgos laborales;33 - Convenios con derechos;$ 0.00;$ 17,205,120.00;$ 0.00;$ 0.00;31/08/2026
13 - SECCIONAL SOGAMOSO;2.1.1 Gastos de Personal; - N/A;2.1.1.02.02.005;Aportes generales al sistema de riesgos laborales;33 - Convenios con derechos;$ 0.00;$ 10,000,000.00;$ 0.00;$ 0.00;31/08/2026
13 - SECCIONAL SOGAMOSO;2.1.2 Gastos de Funcionamiento; - N/A;2.1.2.02.01.004;Productos metálicos, maquinaria y equipo;33 - Convenios con derechos;$ 0.00;$ 73,517,520.00;$ 73,517,520.00;$ 73,517,520.00;31/08/2026
13 - SECCIONAL SOGAMOSO;2.1.2 Gastos de Funcionamiento;213030001 - Decanatura Facultad Seccional Sogamoso;2.1.2.02.02.008;Servicios prestados a las empresas y servicios de producción ;33 - Convenios con derechos;$ 0.00;$ 26,293,197.36;$ 26,293,197.36;$ 26,293,197.36;31/08/2026
13 - SECCIONAL SOGAMOSO;2.1.2 Gastos de Funcionamiento;213030001 - Decanatura Facultad Seccional Sogamoso;2.1.2.02.02.008;Servicios prestados a las empresas y servicios de producción ;33 - Convenios con derechos;$ 0.00;$ 1,987,738.46;$ 0.00;$ 0.00;31/08/2026
13 - SECCIONAL SOGAMOSO;2.1.2 Gastos de Funcionamiento;213030001 - Decanatura Facultad Seccional Sogamoso;2.1.2.02.02.008;Servicios prestados a las empresas y servicios de producción ;33 - Convenios con derechos;$ 0.00;$ 4,373,533.00;$ 4,373,533.00;$ 4,373,533.00;31/08/2026
13 - SECCIONAL SOGAMOSO;2.1.2 Gastos de Funcionamiento;213030001 - Decanatura Facultad Seccional Sogamoso;2.1.2.02.02.008;Servicios prestados a las empresas y servicios de producción ;33 - Convenios con derechos;$ 0.00;$ 338,786,634.62;$ 338,786,000.00;$ 24,000,000.00;31/08/2026
13 - SECCIONAL SOGAMOSO;2.1.2 Gastos de Funcionamiento;213030001 - Decanatura Facultad Seccional Sogamoso;2.1.2.02.02.010;Viáticos de los funcionarios en comisión;33 - Convenios con derechos;$ 0.00;$ 6,943,365.00;$ 998,912.00;$ 998,912.00;31/08/2026
13 - SECCIONAL SOGAMOSO;2.1.2 Gastos de Funcionamiento;213030001 - Decanatura Facultad Seccional Sogamoso;2.1.2.02.02.008;Servicios prestados a las empresas y servicios de producción ;33 - Convenios con derechos;$ 0.00;$ 324,946,467.43;$ 251,009,000.00;$ 216,009,000.00;31/08/2026
13 - SECCIONAL SOGAMOSO;2.1.2 Gastos de Funcionamiento;213030001 - Decanatura Facultad Seccional Sogamoso;2.1.2.02.02.006.00;"Comercio y distribución; alojamiento; servicios de suministro de comidas y bebidas; servicios de transporte; y servicios de distribución de electricidad, gas y agua";33 - Convenios con derechos;$ 0.00;$ 70,000,000.00;$ 69,999,930.00;$ 0.00;31/08/2026
13 - SECCIONAL SOGAMOSO;2.1.2 Gastos de Funcionamiento;213030001 - Decanatura Facultad Seccional Sogamoso;2.1.2.02.02.008;Servicios prestados a las empresas y servicios de producción ;33 - Convenios con derechos;$ 0.00;$ 357,958,593.93;$ 291,089,000.00;$ 124,500,000.00;31/08/2026
13 - SECCIONAL SOGAMOSO;2.1.2 Gastos de Funcionamiento;213030001 - Decanatura Facultad Seccional Sogamoso;2.1.2.02.02.008;Servicios prestados a las empresas y servicios de producción ;33 - Convenios con derechos;$ 0.00;$ 615,663,076.90;$ 403,163,000.00;$ 86,928,000.00;31/08/2026
13 - SECCIONAL SOGAMOSO;2.1.2 Gastos de Funcionamiento;213030001 - Decanatura Facultad Seccional Sogamoso;2.1.2.02.02.010;Viáticos de los funcionarios en comisión;33 - Convenios con derechos;$ 0.00;$ 5,000,000.02;$ 0.00;$ 0.00;31/08/2026
13 - SECCIONAL SOGAMOSO;2.1.2 Gastos de Funcionamiento;213030001 - Decanatura Facultad Seccional Sogamoso;2.1.2.02.02.006.00;"Comercio y distribución; alojamiento; servicios de suministro de comidas y bebidas; servicios de transporte; y servicios de distribución de electricidad, gas y agua";33 - Convenios con derechos;$ 0.00;$ 75,000,000.00;$ 75,000,000.00;$ 0.00;31/08/2026
13 - SECCIONAL SOGAMOSO;2.1.2 Gastos de Funcionamiento;213030001 - Decanatura Facultad Seccional Sogamoso;2.1.2.02.02.008;Servicios prestados a las empresas y servicios de producción ;33 - Convenios con derechos;$ 0.00;$ 960,230,769.23;$ 910,800,000.00;$ 152,000,000.00;31/08/2026
13 - SECCIONAL SOGAMOSO;2.1.2 Gastos de Funcionamiento;213030001 - Decanatura Facultad Seccional Sogamoso;2.1.2.02.02.010;Viáticos de los funcionarios en comisión;33 - Convenios con derechos;$ 0.00;$ 24,100,000.00;$ 3,779,217.00;$ 1,997,824.00;31/08/2026
13 - SECCIONAL SOGAMOSO;2.1.2 Gastos de Funcionamiento;213030001 - Decanatura Facultad Seccional Sogamoso;2.1.2.02.02.008;Servicios prestados a las empresas y servicios de producción ;33 - Convenios con derechos;$ 0.00;$ 319,200,000.00;$ 284,350,000.00;$ 126,350,000.00;31/08/2026
13 - SECCIONAL SOGAMOSO;2.1.2 Gastos de Funcionamiento;213030001 - Decanatura Facultad Seccional Sogamoso;2.1.2.02.02.010;Viáticos de los funcionarios en comisión;33 - Convenios con derechos;$ 0.00;$ 415,384.00;$ 0.00;$ 0.00;31/08/2026
13 - SECCIONAL SOGAMOSO;2.1.2 Gastos de Funcionamiento;213030001 - Decanatura Facultad Seccional Sogamoso;2.1.2.02.02.006.00;"Comercio y distribución; alojamiento; servicios de suministro de comidas y bebidas; servicios de transporte; y servicios de distribución de electricidad, gas y agua";33 - Convenios con derechos;$ 0.00;$ 20,000,000.00;$ 19,600,000.00;$ 0.00;31/08/2026
13 - SECCIONAL SOGAMOSO;2.1.2 Gastos de Funcionamiento;213030001 - Decanatura Facultad Seccional Sogamoso;2.1.2.02.02.008;Servicios prestados a las empresas y servicios de producción ;33 - Convenios con derechos;$ 0.00;$ 309,000,000.00;$ 270,000,000.00;$ 0.00;31/08/2026
13 - SECCIONAL SOGAMOSO;2.1.2 Gastos de Funcionamiento;213030001 - Decanatura Facultad Seccional Sogamoso;2.1.2.02.02.006.00;"Comercio y distribución; alojamiento; servicios de suministro de comidas y bebidas; servicios de transporte; y servicios de distribución de electricidad, gas y agua";33 - Convenios con derechos;$ 250,000,000.00;$ 0.00;$ 0.00;$ 0.00;31/08/2026
13 - SECCIONAL SOGAMOSO;2.1.2 Gastos de Funcionamiento;213030001 - Decanatura Facultad Seccional Sogamoso;2.1.2.02.02.006.03;Viaticos y gastos de viaje;33 - Convenios con derechos;$ 100,000,000.00;$ 0.00;$ 0.00;$ 0.00;31/08/2026
13 - SECCIONAL SOGAMOSO;2.1.2 Gastos de Funcionamiento;213030001 - Decanatura Facultad Seccional Sogamoso;2.1.2.02.02.008;Servicios prestados a las empresas y servicios de producción ;33 - Convenios con derechos;$ 2,080,000,000.00;$ 0.00;$ 0.00;$ 0.00;31/08/2026
13 - SECCIONAL SOGAMOSO;2.1.2 Gastos de Funcionamiento;213090003 - CIFAS - Centro de Gestión de Investigación y Extensión de la Facultad Seccional Sogamoso;2.1.2.02.02.008;Servicios prestados a las empresas y servicios de producción ;33 - Convenios con derechos;$ 0.00;$ 3,090,652.00;$ 0.00;$ 0.00;31/08/2026
13 - SECCIONAL SOGAMOSO;2.1.2 Gastos de Funcionamiento;213090003 - CIFAS - Centro de Gestión de Investigación y Extensión de la Facultad Seccional Sogamoso;2.1.2.02.02.007;"Servicios financieros y servicios conexos; servicios inmobiliarios; y servicios de arrendamiento y leasing";33 - Convenios con derechos;$ 0.00;$ 3,000,000.00;$ 655,843.00;$ 655,843.00;31/08/2026
13 - SECCIONAL SOGAMOSO;2.1.2 Gastos de Funcionamiento;213090003 - CIFAS - Centro de Gestión de Investigación y Extensión de la Facultad Seccional Sogamoso;2.1.2.02.02.009.00;Servicios para la comunidad, sociales y personales;33 - Convenios con derechos;$ 0.00;$ 18,300,000.00;$ 18,300,000.00;$ 18,300,000.00;31/08/2026
13 - SECCIONAL SOGAMOSO;2.1.2 Gastos de Funcionamiento; - N/A;2.1.2.02.02.008;Servicios prestados a las empresas y servicios de producción ;33 - Convenios con derechos;$ 0.00;$ 258,840,000.00;$ 258,800,000.00;$ 195,100,000.00;31/08/2026
13 - SECCIONAL SOGAMOSO;2.1.2 Gastos de Funcionamiento; - N/A;2.1.2.02.02.010;Viáticos de los funcionarios en comisión;33 - Convenios con derechos;$ 0.00;$ 75,241,324.64;$ 70,852,449.00;$ 70,852,449.00;31/08/2026
13 - SECCIONAL SOGAMOSO;2.1.2 Gastos de Funcionamiento; - N/A;2.1.2.02.02.008;Servicios prestados a las empresas y servicios de producción ;33 - Convenios con derechos;$ 0.00;$ 56,427,970.00;$ 55,500,000.00;$ 10,000,000.00;31/08/2026
13 - SECCIONAL SOGAMOSO;2.1.2 Gastos de Funcionamiento; - N/A;2.1.2.02.02.006.00;"Comercio y distribución; alojamiento; servicios de suministro de comidas y bebidas; servicios de transporte; y servicios de distribución de electricidad, gas y agua";33 - Convenios con derechos;$ 0.00;$ 70,000,000.00;$ 70,000,000.00;$ 35,000,000.00;31/08/2026
13 - SECCIONAL SOGAMOSO;2.1.2 Gastos de Funcionamiento; - N/A;2.1.2.02.02.006.00;"Comercio y distribución; alojamiento; servicios de suministro de comidas y bebidas; servicios de transporte; y servicios de distribución de electricidad, gas y agua";33 - Convenios con derechos;$ 0.00;$ 59,920,000.00;$ 51,450,000.00;$ 51,450,000.00;31/08/2026
13 - SECCIONAL SOGAMOSO;2.1.2 Gastos de Funcionamiento; - N/A;2.1.2.02.02.007;"Servicios financieros y servicios conexos; servicios inmobiliarios; y servicios de arrendamiento y leasing";33 - Convenios con derechos;$ 0.00;$ 29,600,000.00;$ 0.00;$ 0.00;31/08/2026
13 - SECCIONAL SOGAMOSO;2.1.2 Gastos de Funcionamiento; - N/A;2.1.2.02.02.008;Servicios prestados a las empresas y servicios de producción ;33 - Convenios con derechos;$ 0.00;$ 361,242,000.00;$ 143,680,246.00;$ 143,680,246.00;31/08/2026
13 - SECCIONAL SOGAMOSO;2.1.2 Gastos de Funcionamiento; - N/A;2.1.2.02.02.009.00;Servicios para la comunidad, sociales y personales;33 - Convenios con derechos;$ 0.00;$ 190,000,000.00;$ 134,000,000.00;$ 115,000,000.00;31/08/2026
13 - SECCIONAL SOGAMOSO;2.1.2 Gastos de Funcionamiento; - N/A;2.1.2.02.02.010;Viáticos de los funcionarios en comisión;33 - Convenios con derechos;$ 0.00;$ 38,400,000.00;$ 33,349,448.00;$ 33,349,448.00;31/08/2026
13 - SECCIONAL SOGAMOSO;2.1.2 Gastos de Funcionamiento; - N/A;2.1.2.02.02.006.00;"Comercio y distribución; alojamiento; servicios de suministro de comidas y bebidas; servicios de transporte; y servicios de distribución de electricidad, gas y agua";33 - Convenios con derechos;$ 0.00;$ 90,000,000.00;$ 82,000,000.00;$ 82,000,000.00;31/08/2026
13 - SECCIONAL SOGAMOSO;2.1.2 Gastos de Funcionamiento; - N/A;2.1.2.02.02.007;"Servicios financieros y servicios conexos; servicios inmobiliarios; y servicios de arrendamiento y leasing";33 - Convenios con derechos;$ 0.00;$ 86,947,000.00;$ 71,940,000.00;$ 71,940,000.00;31/08/2026
13 - SECCIONAL SOGAMOSO;2.1.2 Gastos de Funcionamiento; - N/A;2.1.2.02.02.008;Servicios prestados a las empresas y servicios de producción ;33 - Convenios con derechos;$ 0.00;$ 744,416,366.69;$ 737,164,198.36;$ 621,914,864.90;31/08/2026
13 - SECCIONAL SOGAMOSO;2.1.2 Gastos de Funcionamiento; - N/A;2.1.2.02.02.010;Viáticos de los funcionarios en comisión;33 - Convenios con derechos;$ 0.00;$ 0.00;$ 0.00;$ 0.00;31/08/2026
13 - SECCIONAL SOGAMOSO;2.1.2 Gastos de Funcionamiento; - N/A;2.1.2.02.02.008;Servicios prestados a las empresas y servicios de producción ;33 - Convenios con derechos;$ 0.00;$ 0.00;$ 0.00;$ 0.00;31/08/2026
13 - SECCIONAL SOGAMOSO;2.1.2 Gastos de Funcionamiento; - N/A;2.1.2.02.02.010;Viáticos de los funcionarios en comisión;33 - Convenios con derechos;$ 0.00;$ 0.00;$ 0.00;$ 0.00;31/08/2026
13 - SECCIONAL SOGAMOSO;2.1.3 Transferencias Corrientes;213030001 - Decanatura Facultad Seccional Sogamoso;2.1.3.04.05.002;Distintas a membresías;33 - Convenios con derechos;$ 0.00;$ 1,215,471.00;$ 1,215,471.00;$ 1,215,471.00;31/08/2026
13 - SECCIONAL SOGAMOSO;2.1.3 Transferencias Corrientes;213030001 - Decanatura Facultad Seccional Sogamoso;2.1.3.07.03.013;Afiliación Riesgos Laborales contratistas Grado IV y V;33 - Convenios con derechos;$ 0.00;$ 3,000,000.00;$ 1,808,300.00;$ 1,808,300.00;31/08/2026
13 - SECCIONAL SOGAMOSO;2.1.3 Transferencias Corrientes;213030001 - Decanatura Facultad Seccional Sogamoso;2.1.3.07.03.013;Afiliación Riesgos Laborales contratistas Grado IV y V;33 - Convenios con derechos;$ 0.00;$ 15,000,000.00;$ 7,655,600.00;$ 7,655,600.00;31/08/2026
13 - SECCIONAL SOGAMOSO;2.1.3 Transferencias Corrientes;213030001 - Decanatura Facultad Seccional Sogamoso;2.1.3.07.03.013;Afiliación Riesgos Laborales contratistas Grado IV y V;33 - Convenios con derechos;$ 0.00;$ 5,000,000.00;$ 1,175,900.00;$ 1,175,900.00;31/08/2026
13 - SECCIONAL SOGAMOSO;2.1.3 Transferencias Corrientes; - N/A;2.1.3.07.03.013;Afiliación Riesgos Laborales contratistas Grado IV y V;33 - Convenios con derechos;$ 0.00;$ 3,000,000.00;$ 1,562,400.00;$ 1,562,400.00;31/08/2026
13 - SECCIONAL SOGAMOSO;2.1.8 Tasas y Multas; - N/A;2.1.8.01.14;Gravamen a los movimientos financieros;33 - Convenios con derechos;$ 0.00;$ 4,700,000.00;$ 2,094,111.00;$ 2,020,715.00;31/08/2026
02 - INVESTIGACION Y EXTENSION;2.1.2 Gastos de Funcionamiento;102080050 - Vicerrectoría de Investigación y Extensión;2.1.2.02.01.004;Productos metálicos, maquinaria y equipo;33 - Convenios con derechos;$ 1,296,000,000.00;$ 1,296,000,000.00;$ 0.00;$ 0.00;31/08/2026
02 - INVESTIGACION Y EXTENSION;2.1.2 Gastos de Funcionamiento;102090058 - Dirección de Extensión Universitaria;2.1.2.02.01.003;Otros bienes transportables (excepto productos metálicos, maquinaria y equipo);33 - Convenios con derechos;$ 0.00;$ 33,156,199.34;$ 0.00;$ 0.00;31/08/2026
02 - INVESTIGACION Y EXTENSION;2.1.2 Gastos de Funcionamiento;102090058 - Dirección de Extensión Universitaria;2.1.2.02.01.003;Otros bienes transportables (excepto productos metálicos, maquinaria y equipo);33 - Convenios con derechos;$ 0.00;$ 0.00;$ 0.00;$ 0.00;31/08/2026
02 - INVESTIGACION Y EXTENSION;2.1.2 Gastos de Funcionamiento;102080050 - Vicerrectoría de Investigación y Extensión;2.1.2.02.02.006.00;"Comercio y distribución; alojamiento; servicios de suministro de comidas y bebidas; servicios de transporte; y servicios de distribución de electricidad, gas y agua";33 - Convenios con derechos;$ 1,296,000,000.00;$ 0.00;$ 0.00;$ 0.00;31/08/2026
02 - INVESTIGACION Y EXTENSION;2.1.2 Gastos de Funcionamiento;102080050 - Vicerrectoría de Investigación y Extensión;2.1.2.02.02.008;Servicios prestados a las empresas y servicios de producción ;33 - Convenios con derechos;$ 8,424,000,000.00;$ 7,945,259,551.56;$ 0.00;$ 0.00;31/08/2026
02 - INVESTIGACION Y EXTENSION;2.1.2 Gastos de Funcionamiento;102080050 - Vicerrectoría de Investigación y Extensión;2.1.2.02.02.009.00;Servicios para la comunidad, sociales y personales;33 - Convenios con derechos;$ 648,000,000.00;$ 609,251,582.66;$ 0.00;$ 0.00;31/08/2026
02 - INVESTIGACION Y EXTENSION;2.1.2 Gastos de Funcionamiento;102080050 - Vicerrectoría de Investigación y Extensión;2.1.2.02.02.010;Viáticos de los funcionarios en comisión;33 - Convenios con derechos;$ 1,296,000,000.00;$ 1,296,000,000.00;$ 0.00;$ 0.00;31/08/2026
02 - INVESTIGACION Y EXTENSION;2.1.2 Gastos de Funcionamiento;102090058 - Dirección de Extensión Universitaria;2.1.2.02.02.008;Servicios prestados a las empresas y servicios de producción ;33 - Convenios con derechos;$ 0.00;$ 7,450,551.58;$ 0.00;$ 0.00;31/08/2026
02 - INVESTIGACION Y EXTENSION;2.1.2 Gastos de Funcionamiento;102090058 - Dirección de Extensión Universitaria;2.1.2.02.02.008;Servicios prestados a las empresas y servicios de producción ;33 - Convenios con derechos;$ 0.00;$ 248,472,644.44;$ 180,500,000.00;$ 180,500,000.00;31/08/2026
02 - INVESTIGACION Y EXTENSION;2.1.2 Gastos de Funcionamiento;102090058 - Dirección de Extensión Universitaria;2.1.2.02.02.006.00;"Comercio y distribución; alojamiento; servicios de suministro de comidas y bebidas; servicios de transporte; y servicios de distribución de electricidad, gas y agua";33 - Convenios con derechos;$ 0.00;$ 82,800,000.00;$ 71,700,804.00;$ 64,637,200.00;31/08/2026
02 - INVESTIGACION Y EXTENSION;2.1.2 Gastos de Funcionamiento;102090058 - Dirección de Extensión Universitaria;2.1.2.02.02.007;"Servicios financieros y servicios conexos; servicios inmobiliarios; y servicios de arrendamiento y leasing";33 - Convenios con derechos;$ 0.00;$ 47,300,000.00;$ 15,254,713.00;$ 13,754,713.00;31/08/2026
02 - INVESTIGACION Y EXTENSION;2.1.2 Gastos de Funcionamiento;102090058 - Dirección de Extensión Universitaria;2.1.2.02.02.008;Servicios prestados a las empresas y servicios de producción ;33 - Convenios con derechos;$ 0.00;$ 842,963,510.00;$ 806,514,000.00;$ 687,909,000.00;31/08/2026
02 - INVESTIGACION Y EXTENSION;2.1.2 Gastos de Funcionamiento;102090058 - Dirección de Extensión Universitaria;2.1.2.02.02.010;Viáticos de los funcionarios en comisión;33 - Convenios con derechos;$ 0.00;$ 40,600,000.00;$ 24,300,000.00;$ 24,300,000.00;31/08/2026
02 - INVESTIGACION Y EXTENSION;2.1.2 Gastos de Funcionamiento;102090058 - Dirección de Extensión Universitaria;2.1.2.02.02.006.00;"Comercio y distribución; alojamiento; servicios de suministro de comidas y bebidas; servicios de transporte; y servicios de distribución de electricidad, gas y agua";33 - Convenios con derechos;$ 0.00;$ 29,485,729.00;$ 29,000,000.00;$ 19,000,000.00;31/08/2026
02 - INVESTIGACION Y EXTENSION;2.1.2 Gastos de Funcionamiento;102090058 - Dirección de Extensión Universitaria;2.1.2.02.02.007;"Servicios financieros y servicios conexos; servicios inmobiliarios; y servicios de arrendamiento y leasing";33 - Convenios con derechos;$ 0.00;$ 18,330,000.00;$ 1,806,827.00;$ 1,806,827.00;31/08/2026
02 - INVESTIGACION Y EXTENSION;2.1.2 Gastos de Funcionamiento;102090058 - Dirección de Extensión Universitaria;2.1.2.02.02.008;Servicios prestados a las empresas y servicios de producción ;33 - Convenios con derechos;$ 0.00;$ 221,648,850.00;$ 203,148,500.00;$ 154,076,000.00;31/08/2026
02 - INVESTIGACION Y EXTENSION;2.1.2 Gastos de Funcionamiento;102090058 - Dirección de Extensión Universitaria;2.1.2.02.02.010;Viáticos de los funcionarios en comisión;33 - Convenios con derechos;$ 0.00;$ 7,800,000.00;$ 2,100,000.00;$ 2,100,000.00;31/08/2026
02 - INVESTIGACION Y EXTENSION;2.1.2 Gastos de Funcionamiento;102090058 - Dirección de Extensión Universitaria;2.1.2.02.02.008;Servicios prestados a las empresas y servicios de producción ;33 - Convenios con derechos;$ 0.00;$ 46,016,667.00;$ 13,016,667.00;$ 13,016,667.00;31/08/2026
02 - INVESTIGACION Y EXTENSION;2.1.2 Gastos de Funcionamiento;102090058 - Dirección de Extensión Universitaria;2.1.2.02.02.009.00;Servicios para la comunidad, sociales y personales;33 - Convenios con derechos;$ 0.00;$ 42,200,000.00;$ 42,200,000.00;$ 42,200,000.00;31/08/2026
02 - INVESTIGACION Y EXTENSION;2.1.2 Gastos de Funcionamiento;102090058 - Dirección de Extensión Universitaria;2.1.2.02.02.007;"Servicios financieros y servicios conexos; servicios inmobiliarios; y servicios de arrendamiento y leasing";33 - Convenios con derechos;$ 0.00;$ 2,809,132.00;$ 0.00;$ 0.00;31/08/2026
02 - INVESTIGACION Y EXTENSION;2.1.2 Gastos de Funcionamiento;102090058 - Dirección de Extensión Universitaria;2.1.2.02.02.008;Servicios prestados a las empresas y servicios de producción ;33 - Convenios con derechos;$ 0.00;$ 118,346,534.00;$ 111,060,000.00;$ 53,701,250.00;31/08/2026
02 - INVESTIGACION Y EXTENSION;2.1.2 Gastos de Funcionamiento;102090058 - Dirección de Extensión Universitaria;2.1.2.02.02.010;Viáticos de los funcionarios en comisión;33 - Convenios con derechos;$ 0.00;$ 0.00;$ 0.00;$ 0.00;31/08/2026
02 - INVESTIGACION Y EXTENSION;2.1.3 Transferencias Corrientes;102090058 - Dirección de Extensión Universitaria;2.1.3.07.03.013;Afiliación Riesgos Laborales contratistas Grado IV y V;33 - Convenios con derechos;$ 0.00;$ 17,500,000.00;$ 17,206,300.00;$ 17,206,300.00;31/08/2026
02 - INVESTIGACION Y EXTENSION;2.1.3 Transferencias Corrientes;102090058 - Dirección de Extensión Universitaria;2.1.3.07.03.013;Afiliación Riesgos Laborales contratistas Grado IV y V;33 - Convenios con derechos;$ 0.00;$ 8,000,000.00;$ 3,773,400.00;$ 3,773,400.00;31/08/2026
02 - INVESTIGACION Y EXTENSION;2.1.3 Transferencias Corrientes;102090058 - Dirección de Extensión Universitaria;2.1.3.07.03.013;Afiliación Riesgos Laborales contratistas Grado IV y V;33 - Convenios con derechos;$ 0.00;$ 3,689,600.00;$ 1,929,300.00;$ 1,929,300.00;31/08/2026
02 - INVESTIGACION Y EXTENSION;2.1.3 Transferencias Corrientes;102090058 - Dirección de Extensión Universitaria;2.1.3.07.03.013;Afiliación Riesgos Laborales contratistas Grado IV y V;33 - Convenios con derechos;$ 0.00;$ 0.00;$ 0.00;$ 0.00;31/08/2026
02 - INVESTIGACION Y EXTENSION;2.1.8 Tasas y Multas;102090058 - Dirección de Extensión Universitaria;2.1.8.01.14;Gravamen a los movimientos financieros;33 - Convenios con derechos;$ 0.00;$ 700,000.00;$ 493,631.00;$ 493,631.00;31/08/2026
02 - INVESTIGACION Y EXTENSION;2.1.8 Tasas y Multas;102090058 - Dirección de Extensión Universitaria;2.1.8.01.14;Gravamen a los movimientos financieros;33 - Convenios con derechos;$ 0.00;$ 1,670,000.00;$ 1,263,016.00;$ 1,263,016.00;31/08/2026
15 - SEDE REGIONAL AGUAZUL;2.1.2 Gastos de Funcionamiento;102030015 - Vicerrectoría Académica;2.1.2.02.02.008;Servicios prestados a las empresas y servicios de producción ;33 - Convenios con derechos;$ 0.00;$ 8,634,516.13;$ 8,634,516.13;$ 8,634,516.13;31/08/2026
15 - SEDE REGIONAL AGUAZUL;2.1.2 Gastos de Funcionamiento;114030003 - Sede Regional Aguazul;2.1.2.02.02.009.00;Servicios para la comunidad, sociales y personales;33 - Convenios con derechos;$ 0.00;$ 269,920,693.85;$ 269,920,693.85;$ 121,333,329.00;31/08/2026
01 - ADMINISTRATIVA Y FINANCIERA;2.1.2 Gastos de Funcionamiento;102090058 - Dirección de Extensión Universitaria;2.1.2.02.02.010;Viáticos de los funcionarios en comisión;34 - Convenios sin derechos;$ 0.00;$ 0.00;$ 0.00;$ 0.00;31/08/2026
01 - ADMINISTRATIVA Y FINANCIERA;2.1.2 Gastos de Funcionamiento;202090070 - Acuerdo 01 de 2019 ICETEX-UPTC Programa de Reciprocidad;2.1.2.02.02.006.00;"Comercio y distribución; alojamiento; servicios de suministro de comidas y bebidas; servicios de transporte; y servicios de distribución de electricidad, gas y agua";34 - Convenios sin derechos;$ 0.00;$ 230,933,025.00;$ 136,861,637.00;$ 37,664,133.00;31/08/2026
04 - CIENCIAS DE LA EDUCACION;2.1.2 Gastos de Funcionamiento;203060019 - Maestría en Geografía;2.1.2.02.01.003;Otros bienes transportables (excepto productos metálicos, maquinaria y equipo);34 - Convenios sin derechos;$ 0.00;$ 4,000,000.00;$ 0.00;$ 0.00;31/08/2026
04 - CIENCIAS DE LA EDUCACION;2.1.2 Gastos de Funcionamiento;203060019 - Maestría en Geografía;2.1.2.02.01.004;Productos metálicos, maquinaria y equipo;34 - Convenios sin derechos;$ 0.00;$ 10,000,000.00;$ 2,660,359.10;$ 0.00;31/08/2026
04 - CIENCIAS DE LA EDUCACION;2.1.2 Gastos de Funcionamiento;203060019 - Maestría en Geografía;2.1.2.02.01.003;Otros bienes transportables (excepto productos metálicos, maquinaria y equipo);34 - Convenios sin derechos;$ 3,000,000.00;$ 3,000,000.00;$ 0.00;$ 0.00;31/08/2026
04 - CIENCIAS DE LA EDUCACION;2.1.2 Gastos de Funcionamiento;203060019 - Maestría en Geografía;2.1.2.02.01.004;Productos metálicos, maquinaria y equipo;34 - Convenios sin derechos;$ 10,000,000.00;$ 10,000,000.00;$ 0.00;$ 0.00;31/08/2026
04 - CIENCIAS DE LA EDUCACION;2.1.2 Gastos de Funcionamiento;203060025 - Doctorado en Geografía;2.1.2.02.01.003;Otros bienes transportables (excepto productos metálicos, maquinaria y equipo);34 - Convenios sin derechos;$ 0.00;$ 3,000,000.00;$ 0.00;$ 0.00;31/08/2026
04 - CIENCIAS DE LA EDUCACION;2.1.2 Gastos de Funcionamiento;203060025 - Doctorado en Geografía;2.1.2.02.01.003;Otros bienes transportables (excepto productos metálicos, maquinaria y equipo);34 - Convenios sin derechos;$ 1,000,000.00;$ 1,000,000.00;$ 0.00;$ 0.00;31/08/2026
04 - CIENCIAS DE LA EDUCACION;2.1.2 Gastos de Funcionamiento;203030000 - Decanatura Facultad de Ciencias de la Educación;2.1.2.02.02.008;Servicios prestados a las empresas y servicios de producción ;34 - Convenios sin derechos;$ 0.00;$ 13,655,000.00;$ 13,655,000.00;$ 13,655,000.00;31/08/2026
04 - CIENCIAS DE LA EDUCACION;2.1.2 Gastos de Funcionamiento;203060019 - Maestría en Geografía;2.1.2.02.02.006.00;"Comercio y distribución; alojamiento; servicios de suministro de comidas y bebidas; servicios de transporte; y servicios de distribución de electricidad, gas y agua";34 - Convenios sin derechos;$ 0.00;$ 37,000,000.00;$ 20,000,000.00;$ 5,193,942.00;31/08/2026
04 - CIENCIAS DE LA EDUCACION;2.1.2 Gastos de Funcionamiento;203060019 - Maestría en Geografía;2.1.2.02.02.008;Servicios prestados a las empresas y servicios de producción ;34 - Convenios sin derechos;$ 0.00;$ 250,064,624.00;$ 222,483,863.66;$ 113,262,217.00;31/08/2026
04 - CIENCIAS DE LA EDUCACION;2.1.2 Gastos de Funcionamiento;203060019 - Maestría en Geografía;2.1.2.02.02.009.00;Servicios para la comunidad, sociales y personales;34 - Convenios sin derechos;$ 0.00;$ 144,791,324.15;$ 39,685,758.00;$ 35,167,566.00;31/08/2026
04 - CIENCIAS DE LA EDUCACION;2.1.2 Gastos de Funcionamiento;203060019 - Maestría en Geografía;2.1.2.02.02.010;Viáticos de los funcionarios en comisión;34 - Convenios sin derechos;$ 0.00;$ 40,257,019.00;$ 30,274,642.75;$ 18,536,760.00;31/08/2026
04 - CIENCIAS DE LA EDUCACION;2.1.2 Gastos de Funcionamiento;203060019 - Maestría en Geografía;2.1.2.02.02.006.00;"Comercio y distribución; alojamiento; servicios de suministro de comidas y bebidas; servicios de transporte; y servicios de distribución de electricidad, gas y agua";34 - Convenios sin derechos;$ 30,000,000.00;$ 18,000,000.00;$ 0.00;$ 0.00;31/08/2026
04 - CIENCIAS DE LA EDUCACION;2.1.2 Gastos de Funcionamiento;203060019 - Maestría en Geografía;2.1.2.02.02.008;Servicios prestados a las empresas y servicios de producción ;34 - Convenios sin derechos;$ 165,618,378.00;$ 49,618,378.00;$ 0.00;$ 0.00;31/08/2026
04 - CIENCIAS DE LA EDUCACION;2.1.2 Gastos de Funcionamiento;203060019 - Maestría en Geografía;2.1.2.02.02.009.00;Servicios para la comunidad, sociales y personales;34 - Convenios sin derechos;$ 30,000,000.00;$ 12,000,000.00;$ 0.00;$ 0.00;31/08/2026
04 - CIENCIAS DE LA EDUCACION;2.1.2 Gastos de Funcionamiento;203060019 - Maestría en Geografía;2.1.2.02.02.009.01;Cátedras posgrados;34 - Convenios sin derechos;$ 129,140,256.00;$ 129,140,256.00;$ 72,290,769.50;$ 72,290,769.50;31/08/2026
04 - CIENCIAS DE LA EDUCACION;2.1.2 Gastos de Funcionamiento;203060019 - Maestría en Geografía;2.1.2.02.02.010;Viáticos de los funcionarios en comisión;34 - Convenios sin derechos;$ 30,000,000.00;$ 15,000,000.00;$ 0.00;$ 0.00;31/08/2026
04 - CIENCIAS DE LA EDUCACION;2.1.2 Gastos de Funcionamiento;203060025 - Doctorado en Geografía;2.1.2.02.02.006.00;"Comercio y distribución; alojamiento; servicios de suministro de comidas y bebidas; servicios de transporte; y servicios de distribución de electricidad, gas y agua";34 - Convenios sin derechos;$ 0.00;$ 23,000,000.00;$ 23,000,000.00;$ 7,264,770.00;31/08/2026
04 - CIENCIAS DE LA EDUCACION;2.1.2 Gastos de Funcionamiento;203060025 - Doctorado en Geografía;2.1.2.02.02.008;Servicios prestados a las empresas y servicios de producción ;34 - Convenios sin derechos;$ 0.00;$ 78,001,876.00;$ 60,027,669.00;$ 27,933,420.00;31/08/2026
04 - CIENCIAS DE LA EDUCACION;2.1.2 Gastos de Funcionamiento;203060025 - Doctorado en Geografía;2.1.2.02.02.009.00;Servicios para la comunidad, sociales y personales;34 - Convenios sin derechos;$ 0.00;$ 59,083,131.00;$ 47,435,367.00;$ 45,120,203.00;31/08/2026
04 - CIENCIAS DE LA EDUCACION;2.1.2 Gastos de Funcionamiento;203060025 - Doctorado en Geografía;2.1.2.02.02.010;Viáticos de los funcionarios en comisión;34 - Convenios sin derechos;$ 0.00;$ 22,000,000.00;$ 16,571,737.75;$ 15,106,832.75;31/08/2026
04 - CIENCIAS DE LA EDUCACION;2.1.2 Gastos de Funcionamiento;203060025 - Doctorado en Geografía;2.1.2.02.02.006.00;"Comercio y distribución; alojamiento; servicios de suministro de comidas y bebidas; servicios de transporte; y servicios de distribución de electricidad, gas y agua";34 - Convenios sin derechos;$ 10,000,000.00;$ 10,000,000.00;$ 0.00;$ 0.00;31/08/2026
04 - CIENCIAS DE LA EDUCACION;2.1.2 Gastos de Funcionamiento;203060025 - Doctorado en Geografía;2.1.2.02.02.008;Servicios prestados a las empresas y servicios de producción ;34 - Convenios sin derechos;$ 66,333,740.00;$ 24,078,740.00;$ 0.00;$ 0.00;31/08/2026
04 - CIENCIAS DE LA EDUCACION;2.1.2 Gastos de Funcionamiento;203060025 - Doctorado en Geografía;2.1.2.02.02.009.00;Servicios para la comunidad, sociales y personales;34 - Convenios sin derechos;$ 30,000,000.00;$ 12,000,000.00;$ 0.00;$ 0.00;31/08/2026
04 - CIENCIAS DE LA EDUCACION;2.1.2 Gastos de Funcionamiento;203060025 - Doctorado en Geografía;2.1.2.02.02.009.01;Cátedras posgrados;34 - Convenios sin derechos;$ 102,943,008.00;$ 102,943,008.00;$ 59,875,344.00;$ 59,875,344.00;31/08/2026
04 - CIENCIAS DE LA EDUCACION;2.1.2 Gastos de Funcionamiento;203060025 - Doctorado en Geografía;2.1.2.02.02.010;Viáticos de los funcionarios en comisión;34 - Convenios sin derechos;$ 20,000,000.00;$ 8,000,000.00;$ 0.00;$ 0.00;31/08/2026
04 - CIENCIAS DE LA EDUCACION;2.1.3 Transferencias Corrientes;203060019 - Maestría en Geografía;2.1.3.06.03;Beneficios educativos a la comunidad universitaria;34 - Convenios sin derechos;$ 0.00;$ 11,946,036.00;$ 7,402,200.00;$ 7,402,200.00;31/08/2026
04 - CIENCIAS DE LA EDUCACION;2.1.3 Transferencias Corrientes;203060025 - Doctorado en Geografía;2.1.3.06.03;Beneficios educativos a la comunidad universitaria;34 - Convenios sin derechos;$ 0.00;$ 27,419,475.00;$ 27,402,375.00;$ 27,402,375.00;31/08/2026
04 - CIENCIAS DE LA EDUCACION;2.1.8 Tasas y Multas;203030000 - Decanatura Facultad de Ciencias de la Educación;2.1.8.01.14;Gravamen a los movimientos financieros;34 - Convenios sin derechos;$ 0.00;$ 160,215.00;$ 122,736.00;$ 122,736.00;31/08/2026
12 - SECCIONAL DUITAMA;2.1.2 Gastos de Funcionamiento;212090007 - CIFAD - Centro de Gestión de Investigación y Extensión de la Facultad Seccional Duitama;2.1.2.02.02.008;Servicios prestados a las empresas y servicios de producción ;34 - Convenios sin derechos;$ 0.00;$ 33,840,000.00;$ 19,840,000.00;$ 19,840,000.00;31/08/2026
12 - SECCIONAL DUITAMA;2.1.2 Gastos de Funcionamiento;212090007 - CIFAD - Centro de Gestión de Investigación y Extensión de la Facultad Seccional Duitama;2.1.2.02.02.010;Viáticos de los funcionarios en comisión;34 - Convenios sin derechos;$ 0.00;$ 6,000,000.00;$ 5,998,018.00;$ 5,998,018.00;31/08/2026
02 - INVESTIGACION Y EXTENSION;2.1.2 Gastos de Funcionamiento;102080050 - Vicerrectoría de Investigación y Extensión;2.1.2.02.01.003;Otros bienes transportables (excepto productos metálicos, maquinaria y equipo);34 - Convenios sin derechos;$ 0.00;$ 10,000,000.00;$ 0.00;$ 0.00;31/08/2026
02 - INVESTIGACION Y EXTENSION;2.1.2 Gastos de Funcionamiento;102080050 - Vicerrectoría de Investigación y Extensión;2.1.2.02.01.003;Otros bienes transportables (excepto productos metálicos, maquinaria y equipo);34 - Convenios sin derechos;$ 0.00;$ 1,208,929.82;$ 1,196,902.00;$ 1,196,902.00;31/08/2026
02 - INVESTIGACION Y EXTENSION;2.1.2 Gastos de Funcionamiento;102080050 - Vicerrectoría de Investigación y Extensión;2.1.2.02.01.004;Productos metálicos, maquinaria y equipo;34 - Convenios sin derechos;$ 0.00;$ 408,899.90;$ 328,440.00;$ 328,440.00;31/08/2026
02 - INVESTIGACION Y EXTENSION;2.1.2 Gastos de Funcionamiento;102080050 - Vicerrectoría de Investigación y Extensión;2.1.2.02.01.004;Productos metálicos, maquinaria y equipo;34 - Convenios sin derechos;$ 0.00;$ 14,000,000.00;$ 0.00;$ 0.00;31/08/2026
02 - INVESTIGACION Y EXTENSION;2.1.2 Gastos de Funcionamiento;102080060 - Dirección de Investigación;2.1.2.02.01.003;Otros bienes transportables (excepto productos metálicos, maquinaria y equipo);34 - Convenios sin derechos;$ 0.00;$ 75,099,240.00;$ 0.00;$ 0.00;31/08/2026
02 - INVESTIGACION Y EXTENSION;2.1.2 Gastos de Funcionamiento;102080060 - Dirección de Investigación;2.1.2.02.01.004;Productos metálicos, maquinaria y equipo;34 - Convenios sin derechos;$ 0.00;$ 13,915,637.86;$ 0.00;$ 0.00;31/08/2026
02 - INVESTIGACION Y EXTENSION;2.1.2 Gastos de Funcionamiento;102080060 - Dirección de Investigación;2.1.2.02.01.003;Otros bienes transportables (excepto productos metálicos, maquinaria y equipo);34 - Convenios sin derechos;$ 540,000,000.00;$ 540,000,000.00;$ 0.00;$ 0.00;31/08/2026
02 - INVESTIGACION Y EXTENSION;2.1.2 Gastos de Funcionamiento;102080060 - Dirección de Investigación;2.1.2.02.01.004;Productos metálicos, maquinaria y equipo;34 - Convenios sin derechos;$ 540,000,000.00;$ 38,619,091.11;$ 0.00;$ 0.00;31/08/2026
02 - INVESTIGACION Y EXTENSION;2.1.2 Gastos de Funcionamiento;102140049 - Vicerrectoría Administrativa y Financiera;2.1.2.02.01.003;Otros bienes transportables (excepto productos metálicos, maquinaria y equipo);34 - Convenios sin derechos;$ 0.00;$ 45,000,000.00;$ 44,996,811.00;$ 0.00;31/08/2026
02 - INVESTIGACION Y EXTENSION;2.1.2 Gastos de Funcionamiento;201090035 - Instituto GINNOA;2.1.2.02.01.000;Agricultura, silvicultura y productos de la pesca;34 - Convenios sin derechos;$ 0.00;$ 21,449,715.00;$ 0.00;$ 0.00;31/08/2026
02 - INVESTIGACION Y EXTENSION;2.1.2 Gastos de Funcionamiento;201090035 - Instituto GINNOA;2.1.2.02.01.002;"Productos alimenticios, bebidas y tabaco; textiles, prendas de vestir y productos de cuero";34 - Convenios sin derechos;$ 0.00;$ 20,566,627.00;$ 0.00;$ 0.00;31/08/2026
02 - INVESTIGACION Y EXTENSION;2.1.2 Gastos de Funcionamiento;201090035 - Instituto GINNOA;2.1.2.02.01.003;Otros bienes transportables (excepto productos metálicos, maquinaria y equipo);34 - Convenios sin derechos;$ 0.00;$ 131,796,827.00;$ 1,999,269.93;$ 1,999,268.61;31/08/2026
02 - INVESTIGACION Y EXTENSION;2.1.2 Gastos de Funcionamiento;201090035 - Instituto GINNOA;2.1.2.02.01.004;Productos metálicos, maquinaria y equipo;34 - Convenios sin derechos;$ 0.00;$ 705,322,442.15;$ 206,941,000.00;$ 206,941,000.00;31/08/2026
02 - INVESTIGACION Y EXTENSION;2.1.2 Gastos de Funcionamiento;102080050 - Vicerrectoría de Investigación y Extensión;2.1.2.02.02.008;Servicios prestados a las empresas y servicios de producción ;34 - Convenios sin derechos;$ 0.00;$ 4,251,974.93;$ 4,251,974.93;$ 4,251,974.93;31/08/2026
02 - INVESTIGACION Y EXTENSION;2.1.2 Gastos de Funcionamiento;102080050 - Vicerrectoría de Investigación y Extensión;2.1.2.02.02.008;Servicios prestados a las empresas y servicios de producción ;34 - Convenios sin derechos;$ 0.00;$ 120,612,774.00;$ 92,719,495.00;$ 54,474,741.00;31/08/2026
02 - INVESTIGACION Y EXTENSION;2.1.2 Gastos de Funcionamiento;102080050 - Vicerrectoría de Investigación y Extensión;2.1.2.02.02.010;Viáticos de los funcionarios en comisión;34 - Convenios sin derechos;$ 0.00;$ 16,287,204.50;$ 5,251,832.42;$ 5,251,832.42;31/08/2026
02 - INVESTIGACION Y EXTENSION;2.1.2 Gastos de Funcionamiento;102080050 - Vicerrectoría de Investigación y Extensión;2.1.2.02.02.008;Servicios prestados a las empresas y servicios de producción ;34 - Convenios sin derechos;$ 0.00;$ 13,008,680.40;$ 10,533,636.00;$ 0.00;31/08/2026
02 - INVESTIGACION Y EXTENSION;2.1.2 Gastos de Funcionamiento;102080050 - Vicerrectoría de Investigación y Extensión;2.1.2.02.02.008;Servicios prestados a las empresas y servicios de producción ;34 - Convenios sin derechos;$ 0.00;$ 27,417,130.77;$ 17,047,034.00;$ 17,047,034.00;31/08/2026
02 - INVESTIGACION Y EXTENSION;2.1.2 Gastos de Funcionamiento;102080050 - Vicerrectoría de Investigación y Extensión;2.1.2.02.02.008;Servicios prestados a las empresas y servicios de producción ;34 - Convenios sin derechos;$ 0.00;$ 1,700,000.00;$ 1,700,000.00;$ 1,700,000.00;31/08/2026
02 - INVESTIGACION Y EXTENSION;2.1.2 Gastos de Funcionamiento;102080050 - Vicerrectoría de Investigación y Extensión;2.1.2.02.02.008;Servicios prestados a las empresas y servicios de producción ;34 - Convenios sin derechos;$ 0.00;$ 25,100,000.00;$ 23,819,664.00;$ 12,619,664.00;31/08/2026
02 - INVESTIGACION Y EXTENSION;2.1.2 Gastos de Funcionamiento;102080050 - Vicerrectoría de Investigación y Extensión;2.1.2.02.02.009.00;Servicios para la comunidad, sociales y personales;34 - Convenios sin derechos;$ 0.00;$ 2,000,000.00;$ 0.00;$ 0.00;31/08/2026
02 - INVESTIGACION Y EXTENSION;2.1.2 Gastos de Funcionamiento;102080050 - Vicerrectoría de Investigación y Extensión;2.1.2.02.02.010;Viáticos de los funcionarios en comisión;34 - Convenios sin derechos;$ 0.00;$ 1,000,000.00;$ 0.00;$ 0.00;31/08/2026
02 - INVESTIGACION Y EXTENSION;2.1.2 Gastos de Funcionamiento;102080050 - Vicerrectoría de Investigación y Extensión;2.1.2.02.02.006.00;"Comercio y distribución; alojamiento; servicios de suministro de comidas y bebidas; servicios de transporte; y servicios de distribución de electricidad, gas y agua";34 - Convenios sin derechos;$ 0.00;$ 0.00;$ 0.00;$ 0.00;31/08/2026
02 - INVESTIGACION Y EXTENSION;2.1.2 Gastos de Funcionamiento;102080050 - Vicerrectoría de Investigación y Extensión;2.1.2.02.02.008;Servicios prestados a las empresas y servicios de producción ;34 - Convenios sin derechos;$ 0.00;$ 59,092,000.00;$ 34,092,000.00;$ 19,887,000.00;31/08/2026
02 - INVESTIGACION Y EXTENSION;2.1.2 Gastos de Funcionamiento;102080050 - Vicerrectoría de Investigación y Extensión;2.1.2.02.02.009.00;Servicios para la comunidad, sociales y personales;34 - Convenios sin derechos;$ 0.00;$ 17,000,000.00;$ 1,982,384.00;$ 1,982,384.00;31/08/2026
02 - INVESTIGACION Y EXTENSION;2.1.2 Gastos de Funcionamiento;102080050 - Vicerrectoría de Investigación y Extensión;2.1.2.02.02.010;Viáticos de los funcionarios en comisión;34 - Convenios sin derechos;$ 0.00;$ 4,000,000.00;$ 2,798,665.40;$ 2,798,665.40;31/08/2026
02 - INVESTIGACION Y EXTENSION;2.1.2 Gastos de Funcionamiento;102080050 - Vicerrectoría de Investigación y Extensión;2.1.2.02.02.008;Servicios prestados a las empresas y servicios de producción ;34 - Convenios sin derechos;$ 0.00;$ 36,468,000.00;$ 19,679,000.00;$ 10,734,000.00;31/08/2026
02 - INVESTIGACION Y EXTENSION;2.1.2 Gastos de Funcionamiento;102080050 - Vicerrectoría de Investigación y Extensión;2.1.2.02.02.006.00;"Comercio y distribución; alojamiento; servicios de suministro de comidas y bebidas; servicios de transporte; y servicios de distribución de electricidad, gas y agua";34 - Convenios sin derechos;$ 0.00;$ 0.00;$ 0.00;$ 0.00;31/08/2026
02 - INVESTIGACION Y EXTENSION;2.1.2 Gastos de Funcionamiento;102080050 - Vicerrectoría de Investigación y Extensión;2.1.2.02.02.008;Servicios prestados a las empresas y servicios de producción ;34 - Convenios sin derechos;$ 0.00;$ 145,100,000.00;$ 143,900,000.00;$ 41,700,000.00;31/08/2026
02 - INVESTIGACION Y EXTENSION;2.1.2 Gastos de Funcionamiento;102080050 - Vicerrectoría de Investigación y Extensión;2.1.2.02.02.010;Viáticos de los funcionarios en comisión;34 - Convenios sin derechos;$ 0.00;$ 40,624,000.00;$ 16,175,663.00;$ 9,165,106.00;31/08/2026
02 - INVESTIGACION Y EXTENSION;2.1.2 Gastos de Funcionamiento;102090058 - Dirección de Extensión Universitaria;2.1.2.02.02.006.00;"Comercio y distribución; alojamiento; servicios de suministro de comidas y bebidas; servicios de transporte; y servicios de distribución de electricidad, gas y agua";34 - Convenios sin derechos;$ 0.00;$ 7,470,000.00;$ 0.00;$ 0.00;31/08/2026
02 - INVESTIGACION Y EXTENSION;2.1.2 Gastos de Funcionamiento;102090058 - Dirección de Extensión Universitaria;2.1.2.02.02.008;Servicios prestados a las empresas y servicios de producción ;34 - Convenios sin derechos;$ 0.00;$ 192,350,000.00;$ 184,350,000.00;$ 4,000,000.00;31/08/2026
02 - INVESTIGACION Y EXTENSION;2.1.2 Gastos de Funcionamiento;102090058 - Dirección de Extensión Universitaria;2.1.2.02.02.009.00;Servicios para la comunidad, sociales y personales;34 - Convenios sin derechos;$ 0.00;$ 225,070,000.00;$ 190,390,000.00;$ 33,655,000.00;31/08/2026
02 - INVESTIGACION Y EXTENSION;2.1.2 Gastos de Funcionamiento;102090058 - Dirección de Extensión Universitaria;2.1.2.02.02.010;Viáticos de los funcionarios en comisión;34 - Convenios sin derechos;$ 0.00;$ 12,000,000.00;$ 12,000,000.00;$ 12,000,000.00;31/08/2026
02 - INVESTIGACION Y EXTENSION;2.1.2 Gastos de Funcionamiento;102080060 - Dirección de Investigación;2.1.2.02.02.008;Servicios prestados a las empresas y servicios de producción ;34 - Convenios sin derechos;$ 0.00;$ 86,807,575.00;$ 62,032,229.00;$ 20,031,326.00;31/08/2026
02 - INVESTIGACION Y EXTENSION;2.1.2 Gastos de Funcionamiento;102080060 - Dirección de Investigación;2.1.2.02.02.006.00;"Comercio y distribución; alojamiento; servicios de suministro de comidas y bebidas; servicios de transporte; y servicios de distribución de electricidad, gas y agua";34 - Convenios sin derechos;$ 1,000,000,000.00;$ 96,402,127.60;$ 0.00;$ 0.00;31/08/2026
02 - INVESTIGACION Y EXTENSION;2.1.2 Gastos de Funcionamiento;102080060 - Dirección de Investigación;2.1.2.02.02.006.03;Viaticos y gastos de viaje;34 - Convenios sin derechos;$ 500,000,000.00;$ 490,000,000.00;$ 0.00;$ 0.00;31/08/2026
02 - INVESTIGACION Y EXTENSION;2.1.2 Gastos de Funcionamiento;102080060 - Dirección de Investigación;2.1.2.02.02.008;Servicios prestados a las empresas y servicios de producción ;34 - Convenios sin derechos;$ 2,000,000,000.00;$ 1,920,138,000.00;$ 0.00;$ 0.00;31/08/2026
02 - INVESTIGACION Y EXTENSION;2.1.2 Gastos de Funcionamiento;102080060 - Dirección de Investigación;2.1.2.02.02.009.00;Servicios para la comunidad, sociales y personales;34 - Convenios sin derechos;$ 404,000,000.00;$ 0.00;$ 0.00;$ 0.00;31/08/2026
02 - INVESTIGACION Y EXTENSION;2.1.2 Gastos de Funcionamiento;201090035 - Instituto GINNOA;2.1.2.02.02.008;Servicios prestados a las empresas y servicios de producción ;34 - Convenios sin derechos;$ 0.00;$ 377,433,140.00;$ 302,604,361.00;$ 187,050,953.00;31/08/2026
02 - INVESTIGACION Y EXTENSION;2.1.2 Gastos de Funcionamiento;201090035 - Instituto GINNOA;2.1.2.02.02.009.00;Servicios para la comunidad, sociales y personales;34 - Convenios sin derechos;$ 0.00;$ 38,400,000.00;$ 38,400,000.00;$ 38,400,000.00;31/08/2026
02 - INVESTIGACION Y EXTENSION;2.1.3 Transferencias Corrientes;102080050 - Vicerrectoría de Investigación y Extensión;2.1.3.04.05.002;Distintas a membresías;34 - Convenios sin derechos;$ 0.00;$ 2,227,920.27;$ 0.00;$ 0.00;31/08/2026
02 - INVESTIGACION Y EXTENSION;2.1.3 Transferencias Corrientes;102080050 - Vicerrectoría de Investigación y Extensión;2.1.3.08.02;Apoyo socieconómico a estudiantes;34 - Convenios sin derechos;$ 0.00;$ 11,000,000.00;$ 11,000,000.00;$ 11,000,000.00;31/08/2026
02 - INVESTIGACION Y EXTENSION;2.1.3 Transferencias Corrientes;102080050 - Vicerrectoría de Investigación y Extensión;2.1.3.08.02;Apoyo socieconómico a estudiantes;34 - Convenios sin derechos;$ 0.00;$ 66,000,000.00;$ 33,000,000.00;$ 33,000,000.00;31/08/2026
02 - INVESTIGACION Y EXTENSION;2.1.3 Transferencias Corrientes;102080050 - Vicerrectoría de Investigación y Extensión;2.1.3.08.02;Apoyo socieconómico a estudiantes;34 - Convenios sin derechos;$ 0.00;$ 138,864,000.00;$ 81,004,000.00;$ 81,004,000.00;31/08/2026
02 - INVESTIGACION Y EXTENSION;2.1.3 Transferencias Corrientes;102080050 - Vicerrectoría de Investigación y Extensión;2.1.3.08.02;Apoyo socieconómico a estudiantes;34 - Convenios sin derechos;$ 0.00;$ 138,864,000.00;$ 69,432,000.00;$ 69,432,000.00;31/08/2026
02 - INVESTIGACION Y EXTENSION;2.1.3 Transferencias Corrientes;102080050 - Vicerrectoría de Investigación y Extensión;2.1.3.04.05.002;Distintas a membresías;34 - Convenios sin derechos;$ 0.00;$ 204,366.00;$ 204,366.00;$ 204,366.00;31/08/2026
02 - INVESTIGACION Y EXTENSION;2.1.3 Transferencias Corrientes;102080050 - Vicerrectoría de Investigación y Extensión;2.1.3.04.05.002;Distintas a membresías;34 - Convenios sin derechos;$ 0.00;$ 220,943,990.03;$ 220,943,990.03;$ 220,943,990.03;31/08/2026
02 - INVESTIGACION Y EXTENSION;2.1.3 Transferencias Corrientes;102080050 - Vicerrectoría de Investigación y Extensión;2.1.3.04.05.002;Distintas a membresías;34 - Convenios sin derechos;$ 0.00;$ 1,144,877.74;$ 1,144,877.74;$ 1,144,877.74;31/08/2026
02 - INVESTIGACION Y EXTENSION;2.1.3 Transferencias Corrientes;102080050 - Vicerrectoría de Investigación y Extensión;2.1.3.04.05.002;Distintas a membresías;34 - Convenios sin derechos;$ 0.00;$ 80,742,158.60;$ 80,742,158.60;$ 80,742,158.60;31/08/2026
02 - INVESTIGACION Y EXTENSION;2.1.3 Transferencias Corrientes;102080050 - Vicerrectoría de Investigación y Extensión;2.1.3.04.05.002;Distintas a membresías;34 - Convenios sin derechos;$ 0.00;$ 35,119,908.89;$ 35,119,907.00;$ 35,119,907.00;31/08/2026
02 - INVESTIGACION Y EXTENSION;2.1.3 Transferencias Corrientes;102080050 - Vicerrectoría de Investigación y Extensión;2.1.3.04.05.002;Distintas a membresías;34 - Convenios sin derechos;$ 0.00;$ 522,377,889.56;$ 522,377,889.56;$ 522,377,889.56;31/08/2026
02 - INVESTIGACION Y EXTENSION;2.1.3 Transferencias Corrientes;102080050 - Vicerrectoría de Investigación y Extensión;2.1.3.04.00;A organizaciones nacionales;34 - Convenios sin derechos;$ 0.00;$ 0.00;$ 0.00;$ 0.00;31/08/2026
01 - ADMINISTRATIVA Y FINANCIERA;2.1.1 Gastos de Personal;102140049 - Vicerrectoría Administrativa y Financiera;2.1.1.01.01.001.01.02;Sueldo básico docentes;35 - Educacion continuada;$ 216,173,145.00;$ 216,173,145.00;$ 0.00;$ 0.00;31/08/2026
01 - ADMINISTRATIVA Y FINANCIERA;2.1.1 Gastos de Personal;102140049 - Vicerrectoría Administrativa y Financiera;2.1.1.01.02.002;Aportes a la seguridad social en salud;35 - Educacion continuada;$ 122,131,472.00;$ 122,131,472.00;$ 0.00;$ 0.00;31/08/2026
01 - ADMINISTRATIVA Y FINANCIERA;2.1.1 Gastos de Personal;102140049 - Vicerrectoría Administrativa y Financiera;2.1.1.01.02.003;Aportes de cesantías ;35 - Educacion continuada;$ 140,284,995.00;$ 140,284,995.00;$ 0.00;$ 0.00;31/08/2026
01 - ADMINISTRATIVA Y FINANCIERA;2.1.1 Gastos de Personal;102140049 - Vicerrectoría Administrativa y Financiera;2.1.1.01.02.004;Aportes a cajas de compensación familiar;35 - Educacion continuada;$ 63,723,517.00;$ 63,723,517.00;$ 0.00;$ 0.00;31/08/2026
01 - ADMINISTRATIVA Y FINANCIERA;2.1.1 Gastos de Personal;102140049 - Vicerrectoría Administrativa y Financiera;2.1.1.01.02.005;Aportes generales al sistema de riesgos laborales;35 - Educacion continuada;$ 11,599,244.00;$ 11,599,244.00;$ 0.00;$ 0.00;31/08/2026
01 - ADMINISTRATIVA Y FINANCIERA;2.1.1 Gastos de Personal;102140049 - Vicerrectoría Administrativa y Financiera;2.1.1.02.02.006;Aportes al ICBF;35 - Educacion continuada;$ 42,712,627.00;$ 42,712,627.00;$ 0.00;$ 0.00;31/08/2026
04 - CIENCIAS DE LA EDUCACION;2.1.2 Gastos de Funcionamiento;201090008 - CIEFED - Centro de Gestión de Investigación y Extensión de la Facultad de Ciencias de la Educación;2.1.2.02.02.008;Servicios prestados a las empresas y servicios de producción ;35 - Educacion continuada;$ 32,500,000.00;$ 21,375,000.00;$ 12,075,000.00;$ 0.00;31/08/2026
04 - CIENCIAS DE LA EDUCACION;2.1.2 Gastos de Funcionamiento;201090008 - CIEFED - Centro de Gestión de Investigación y Extensión de la Facultad de Ciencias de la Educación;2.1.2.02.02.009.00;Servicios para la comunidad, sociales y personales;35 - Educacion continuada;$ 80,000,000.00;$ 91,125,000.00;$ 18,560,000.00;$ 0.00;31/08/2026
05 - CIENCIAS BASICAS;2.1.2 Gastos de Funcionamiento;205090003 - CIEC - Centro de Gestión de Investigación y Extensión de la Facultad de Ciencias;2.1.2.02.02.008;Servicios prestados a las empresas y servicios de producción ;35 - Educacion continuada;$ 33,750,000.00;$ 33,750,000.00;$ 0.00;$ 0.00;31/08/2026
05 - CIENCIAS BASICAS;2.1.2 Gastos de Funcionamiento;205090003 - CIEC - Centro de Gestión de Investigación y Extensión de la Facultad de Ciencias;2.1.2.02.02.009.00;Servicios para la comunidad, sociales y personales;35 - Educacion continuada;$ 12,000,000.00;$ 12,000,000.00;$ 0.00;$ 0.00;31/08/2026
06 - CIENCIAS ECONOMICAS, ADMINISTRATIVAS Y CONTABLES;2.1.2 Gastos de Funcionamiento;207090001 - CENES - Centro de Gestión de Investigación y Extensión de la Facultad de Ciencias Económicas, Administrativas y Contables;2.1.2.02.01.003;Otros bienes transportables (excepto productos metálicos, maquinaria y equipo);35 - Educacion continuada;$ 4,000,000.00;$ 3,759,400.00;$ 0.00;$ 0.00;31/08/2026
06 - CIENCIAS ECONOMICAS, ADMINISTRATIVAS Y CONTABLES;2.1.2 Gastos de Funcionamiento;207090001 - CENES - Centro de Gestión de Investigación y Extensión de la Facultad de Ciencias Económicas, Administrativas y Contables;2.1.2.02.01.004;Productos metálicos, maquinaria y equipo;35 - Educacion continuada;$ 0.00;$ 8,462,100.00;$ 8,462,100.00;$ 0.00;31/08/2026
06 - CIENCIAS ECONOMICAS, ADMINISTRATIVAS Y CONTABLES;2.1.2 Gastos de Funcionamiento;207090001 - CENES - Centro de Gestión de Investigación y Extensión de la Facultad de Ciencias Económicas, Administrativas y Contables;2.1.2.02.02.008;Servicios prestados a las empresas y servicios de producción ;35 - Educacion continuada;$ 13,000,000.00;$ 10,217,900.00;$ 10,217,900.00;$ 2,555,500.00;31/08/2026
06 - CIENCIAS ECONOMICAS, ADMINISTRATIVAS Y CONTABLES;2.1.2 Gastos de Funcionamiento;207090001 - CENES - Centro de Gestión de Investigación y Extensión de la Facultad de Ciencias Económicas, Administrativas y Contables;2.1.2.02.02.009.00;Servicios para la comunidad, sociales y personales;35 - Educacion continuada;$ 34,750,000.00;$ 29,310,600.00;$ 9,000,000.00;$ 4,500,000.00;31/08/2026
07 - CIENCIAS DE LA SALUD;2.1.2 Gastos de Funcionamiento;204090002 - CIES - Centro de Gestión de Investigación y Extensión de la Facultad de Ciencias de la Salud;2.1.2.01.01.003.03.02;Maquinaria de informática y sus partes, piezas y accesorios;35 - Educacion continuada;$ 9,000,000.00;$ 0.00;$ 0.00;$ 0.00;31/08/2026
07 - CIENCIAS DE LA SALUD;2.1.2 Gastos de Funcionamiento;204090002 - CIES - Centro de Gestión de Investigación y Extensión de la Facultad de Ciencias de la Salud;2.1.2.02.01.003;Otros bienes transportables (excepto productos metálicos, maquinaria y equipo);35 - Educacion continuada;$ 0.00;$ 6,096,000.00;$ 0.00;$ 0.00;31/08/2026
07 - CIENCIAS DE LA SALUD;2.1.2 Gastos de Funcionamiento;204090002 - CIES - Centro de Gestión de Investigación y Extensión de la Facultad de Ciencias de la Salud;2.1.2.02.02.008;Servicios prestados a las empresas y servicios de producción ;35 - Educacion continuada;$ 0.00;$ 46,985,581.00;$ 40,298,257.00;$ 14,000,000.00;31/08/2026
07 - CIENCIAS DE LA SALUD;2.1.2 Gastos de Funcionamiento;204090002 - CIES - Centro de Gestión de Investigación y Extensión de la Facultad de Ciencias de la Salud;2.1.2.02.02.009.00;Servicios para la comunidad, sociales y personales;35 - Educacion continuada;$ 53,000,000.00;$ 94,638,000.00;$ 92,704,000.00;$ 30,888,000.00;31/08/2026
07 - CIENCIAS DE LA SALUD;2.1.2 Gastos de Funcionamiento;204090002 - CIES - Centro de Gestión de Investigación y Extensión de la Facultad de Ciencias de la Salud;2.1.2.02.02.010;Viáticos de los funcionarios en comisión;35 - Educacion continuada;$ 13,000,000.00;$ 7,000,000.00;$ 6,554,897.28;$ 6,554,897.28;31/08/2026
08 - CIENCIAS AGROPECUARIAS;2.1.2 Gastos de Funcionamiento;206090002 - CIECA - Centro de Gestión de Investigación y Extensión de la Facultad de Ciencias Agropecuarias;2.1.2.02.02.008;Servicios prestados a las empresas y servicios de producción ;35 - Educacion continuada;$ 3,000,000.00;$ 3,000,000.00;$ 0.00;$ 0.00;31/08/2026
09 - INGENIERIA;2.1.2 Gastos de Funcionamiento;201090012 - IMOVyT - Instituto de Investigación y Desarrollo en Movilidad y Transporte;2.1.2.02.02.008;Servicios prestados a las empresas y servicios de producción ;35 - Educacion continuada;$ 7,000,000.00;$ 7,000,000.00;$ 0.00;$ 0.00;31/08/2026
09 - INGENIERIA;2.1.2 Gastos de Funcionamiento;201090012 - IMOVyT - Instituto de Investigación y Desarrollo en Movilidad y Transporte;2.1.2.02.02.009.00;Servicios para la comunidad, sociales y personales;35 - Educacion continuada;$ 53,000,000.00;$ 53,000,000.00;$ 0.00;$ 0.00;31/08/2026
09 - INGENIERIA;2.1.2 Gastos de Funcionamiento;210090002 - CEDEC - Centro de Gestión de Investigación y Extensión de la Facultad de Ingeniería;2.1.2.02.02.009.00;Servicios para la comunidad, sociales y personales;35 - Educacion continuada;$ 27,750,000.00;$ 27,750,000.00;$ 0.00;$ 0.00;31/08/2026
10 - DERECHO Y CIENCIAS SOCIALES;2.1.2 Gastos de Funcionamiento;208090001 - CIEDE - Centro de Gestión de Investigación y Extensión de la Facultad de Derecho y Ciencias Sociales;2.1.2.02.02.006.03;Viaticos y gastos de viaje;35 - Educacion continuada;$ 3,000,000.00;$ 0.00;$ 0.00;$ 0.00;31/08/2026
10 - DERECHO Y CIENCIAS SOCIALES;2.1.2 Gastos de Funcionamiento;208090001 - CIEDE - Centro de Gestión de Investigación y Extensión de la Facultad de Derecho y Ciencias Sociales;2.1.2.02.02.008;Servicios prestados a las empresas y servicios de producción ;35 - Educacion continuada;$ 5,000,000.00;$ 0.00;$ 0.00;$ 0.00;31/08/2026
10 - DERECHO Y CIENCIAS SOCIALES;2.1.2 Gastos de Funcionamiento;208090001 - CIEDE - Centro de Gestión de Investigación y Extensión de la Facultad de Derecho y Ciencias Sociales;2.1.2.02.02.009.00;Servicios para la comunidad, sociales y personales;35 - Educacion continuada;$ 7,000,000.00;$ 52,090,500.00;$ 29,250,000.00;$ 24,270,000.00;31/08/2026
10 - DERECHO Y CIENCIAS SOCIALES;2.1.3 Transferencias Corrientes;208090001 - CIEDE - Centro de Gestión de Investigación y Extensión de la Facultad de Derecho y Ciencias Sociales;2.1.3.06.03;Beneficios educativos a la comunidad universitaria;35 - Educacion continuada;$ 0.00;$ 1,200,000.00;$ 856,250.00;$ 856,250.00;31/08/2026
12 - SECCIONAL DUITAMA;2.1.2 Gastos de Funcionamiento;212090007 - CIFAD - Centro de Gestión de Investigación y Extensión de la Facultad Seccional Duitama;2.1.2.02.01.003;Otros bienes transportables (excepto productos metálicos, maquinaria y equipo);35 - Educacion continuada;$ 3,900,000.00;$ 3,900,000.00;$ 0.00;$ 0.00;31/08/2026
12 - SECCIONAL DUITAMA;2.1.2 Gastos de Funcionamiento;212090007 - CIFAD - Centro de Gestión de Investigación y Extensión de la Facultad Seccional Duitama;2.1.2.02.01.004;Productos metálicos, maquinaria y equipo;35 - Educacion continuada;$ 5,200,000.00;$ 5,200,000.00;$ 0.00;$ 0.00;31/08/2026
12 - SECCIONAL DUITAMA;2.1.2 Gastos de Funcionamiento;212090031 - Instituto Internacional de Idiomas -Duitama;2.1.2.02.01.003;Otros bienes transportables (excepto productos metálicos, maquinaria y equipo);35 - Educacion continuada;$ 5,000,000.00;$ 5,000,000.00;$ 0.00;$ 0.00;31/08/2026
12 - SECCIONAL DUITAMA;2.1.2 Gastos de Funcionamiento;212090031 - Instituto Internacional de Idiomas -Duitama;2.1.2.02.01.004;Productos metálicos, maquinaria y equipo;35 - Educacion continuada;$ 5,000,000.00;$ 5,000,000.00;$ 0.00;$ 0.00;31/08/2026
12 - SECCIONAL DUITAMA;2.1.2 Gastos de Funcionamiento;212090007 - CIFAD - Centro de Gestión de Investigación y Extensión de la Facultad Seccional Duitama;2.1.2.02.02.006.03;Viaticos y gastos de viaje;35 - Educacion continuada;$ 1,300,000.00;$ 500,000.00;$ 0.00;$ 0.00;31/08/2026
12 - SECCIONAL DUITAMA;2.1.2 Gastos de Funcionamiento;212090007 - CIFAD - Centro de Gestión de Investigación y Extensión de la Facultad Seccional Duitama;2.1.2.02.02.008;Servicios prestados a las empresas y servicios de producción ;35 - Educacion continuada;$ 19,500,000.00;$ 19,500,000.00;$ 14,656,100.00;$ 2,000,000.00;31/08/2026
12 - SECCIONAL DUITAMA;2.1.2 Gastos de Funcionamiento;212090007 - CIFAD - Centro de Gestión de Investigación y Extensión de la Facultad Seccional Duitama;2.1.2.02.02.009.00;Servicios para la comunidad, sociales y personales;35 - Educacion continuada;$ 101,725,000.00;$ 101,725,000.00;$ 26,460,000.00;$ 13,800,000.00;31/08/2026
12 - SECCIONAL DUITAMA;2.1.2 Gastos de Funcionamiento;212090007 - CIFAD - Centro de Gestión de Investigación y Extensión de la Facultad Seccional Duitama;2.1.2.02.02.010;Viáticos de los funcionarios en comisión;35 - Educacion continuada;$ 0.00;$ 800,000.00;$ 365,172.00;$ 365,172.00;31/08/2026
12 - SECCIONAL DUITAMA;2.1.2 Gastos de Funcionamiento;212090031 - Instituto Internacional de Idiomas -Duitama;2.1.2.02.02.006.03;Viaticos y gastos de viaje;35 - Educacion continuada;$ 2,000,000.00;$ 1,000,000.00;$ 0.00;$ 0.00;31/08/2026
12 - SECCIONAL DUITAMA;2.1.2 Gastos de Funcionamiento;212090031 - Instituto Internacional de Idiomas -Duitama;2.1.2.02.02.008;Servicios prestados a las empresas y servicios de producción ;35 - Educacion continuada;$ 20,000,000.00;$ 27,700,000.00;$ 6,593,340.00;$ 0.00;31/08/2026
12 - SECCIONAL DUITAMA;2.1.2 Gastos de Funcionamiento;212090031 - Instituto Internacional de Idiomas -Duitama;2.1.2.02.02.009.00;Servicios para la comunidad, sociales y personales;35 - Educacion continuada;$ 28,000,000.00;$ 20,300,000.00;$ 17,705,160.00;$ 6,051,132.00;31/08/2026
12 - SECCIONAL DUITAMA;2.1.2 Gastos de Funcionamiento;212090031 - Instituto Internacional de Idiomas -Duitama;2.1.2.02.02.010;Viáticos de los funcionarios en comisión;35 - Educacion continuada;$ 0.00;$ 1,000,000.00;$ 223,056.00;$ 74,352.00;31/08/2026
13 - SECCIONAL SOGAMOSO;2.1.2 Gastos de Funcionamiento;213090003 - CIFAS - Centro de Gestión de Investigación y Extensión de la Facultad Seccional Sogamoso;2.1.2.02.01.003;Otros bienes transportables (excepto productos metálicos, maquinaria y equipo);35 - Educacion continuada;$ 0.00;$ 3,815,000.00;$ 3,815,000.00;$ 3,815,000.00;31/08/2026
13 - SECCIONAL SOGAMOSO;2.1.2 Gastos de Funcionamiento;213090003 - CIFAS - Centro de Gestión de Investigación y Extensión de la Facultad Seccional Sogamoso;2.1.2.02.01.004;Productos metálicos, maquinaria y equipo;35 - Educacion continuada;$ 0.00;$ 0.00;$ 0.00;$ 0.00;31/08/2026
13 - SECCIONAL SOGAMOSO;2.1.2 Gastos de Funcionamiento;213090037 - Instituto Internacional de Idiomas -Sogamoso;2.1.2.02.01.003;Otros bienes transportables (excepto productos metálicos, maquinaria y equipo);35 - Educacion continuada;$ 1,500,000.00;$ 6,000,000.00;$ 0.00;$ 0.00;31/08/2026
13 - SECCIONAL SOGAMOSO;2.1.2 Gastos de Funcionamiento;213090037 - Instituto Internacional de Idiomas -Sogamoso;2.1.2.02.01.004;Productos metálicos, maquinaria y equipo;35 - Educacion continuada;$ 0.00;$ 7,000,000.00;$ 0.00;$ 0.00;31/08/2026
13 - SECCIONAL SOGAMOSO;2.1.2 Gastos de Funcionamiento;213090003 - CIFAS - Centro de Gestión de Investigación y Extensión de la Facultad Seccional Sogamoso;2.1.2.02.02.008;Servicios prestados a las empresas y servicios de producción ;35 - Educacion continuada;$ 30,000,000.00;$ 83,185,000.00;$ 83,133,692.00;$ 50,174,932.00;31/08/2026
13 - SECCIONAL SOGAMOSO;2.1.2 Gastos de Funcionamiento;213090003 - CIFAS - Centro de Gestión de Investigación y Extensión de la Facultad Seccional Sogamoso;2.1.2.02.02.009.00;Servicios para la comunidad, sociales y personales;35 - Educacion continuada;$ 30,000,000.00;$ 15,000,000.00;$ 12,320,000.00;$ 12,320,000.00;31/08/2026
13 - SECCIONAL SOGAMOSO;2.1.2 Gastos de Funcionamiento;213090003 - CIFAS - Centro de Gestión de Investigación y Extensión de la Facultad Seccional Sogamoso;2.1.2.02.02.010;Viáticos de los funcionarios en comisión;35 - Educacion continuada;$ 15,000,000.00;$ 0.00;$ 0.00;$ 0.00;31/08/2026
13 - SECCIONAL SOGAMOSO;2.1.2 Gastos de Funcionamiento;213090037 - Instituto Internacional de Idiomas -Sogamoso;2.1.2.02.02.007;"Servicios financieros y servicios conexos; servicios inmobiliarios; y servicios de arrendamiento y leasing";35 - Educacion continuada;$ 2,000,000.00;$ 0.00;$ 0.00;$ 0.00;31/08/2026
13 - SECCIONAL SOGAMOSO;2.1.2 Gastos de Funcionamiento;213090037 - Instituto Internacional de Idiomas -Sogamoso;2.1.2.02.02.008;Servicios prestados a las empresas y servicios de producción ;35 - Educacion continuada;$ 4,000,000.00;$ 5,000,000.00;$ 0.00;$ 0.00;31/08/2026
13 - SECCIONAL SOGAMOSO;2.1.2 Gastos de Funcionamiento;213090037 - Instituto Internacional de Idiomas -Sogamoso;2.1.2.02.02.009.00;Servicios para la comunidad, sociales y personales;35 - Educacion continuada;$ 20,000,000.00;$ 25,301,750.00;$ 21,003,800.00;$ 15,768,800.00;31/08/2026
13 - SECCIONAL SOGAMOSO;2.1.2 Gastos de Funcionamiento;213090037 - Instituto Internacional de Idiomas -Sogamoso;2.1.2.02.02.010;Viáticos de los funcionarios en comisión;35 - Educacion continuada;$ 4,000,000.00;$ 0.00;$ 0.00;$ 0.00;31/08/2026
13 - SECCIONAL SOGAMOSO;2.1.3 Transferencias Corrientes;213090037 - Instituto Internacional de Idiomas -Sogamoso;2.1.3.06.03;Beneficios educativos a la comunidad universitaria;35 - Educacion continuada;$ 0.00;$ 4,100,000.00;$ 0.00;$ 0.00;31/08/2026
14 - SECCIONAL CHIQUINQUIRA;2.1.2 Gastos de Funcionamiento;211090014 - Instituto Internacional de Idiomas -Chiquinquira;2.1.2.01.01.003.03.02;Maquinaria de informática y sus partes, piezas y accesorios;35 - Educacion continuada;$ 1,800,000.00;$ 1,342,275.00;$ 0.00;$ 0.00;31/08/2026
14 - SECCIONAL CHIQUINQUIRA;2.1.2 Gastos de Funcionamiento;211090003 - CENDES - Centro de Gestión de Investigación y Extensión de la Facultad Seccional Chiquinquirá;2.1.2.02.01.003;Otros bienes transportables (excepto productos metálicos, maquinaria y equipo);35 - Educacion continuada;$ 950,000.00;$ 950,000.00;$ 0.00;$ 0.00;31/08/2026
14 - SECCIONAL CHIQUINQUIRA;2.1.2 Gastos de Funcionamiento;211090014 - Instituto Internacional de Idiomas -Chiquinquira;2.1.2.02.01.003;Otros bienes transportables (excepto productos metálicos, maquinaria y equipo);35 - Educacion continuada;$ 8,900,000.00;$ 8,900,000.00;$ 0.00;$ 0.00;31/08/2026
14 - SECCIONAL CHIQUINQUIRA;2.1.2 Gastos de Funcionamiento;211090014 - Instituto Internacional de Idiomas -Chiquinquira;2.1.2.02.01.004;Productos metálicos, maquinaria y equipo;35 - Educacion continuada;$ 0.00;$ 457,725.00;$ 0.00;$ 0.00;31/08/2026
14 - SECCIONAL CHIQUINQUIRA;2.1.2 Gastos de Funcionamiento;211090003 - CENDES - Centro de Gestión de Investigación y Extensión de la Facultad Seccional Chiquinquirá;2.1.2.02.02.009.00;Servicios para la comunidad, sociales y personales;35 - Educacion continuada;$ 7,800,000.00;$ 7,800,000.00;$ 0.00;$ 0.00;31/08/2026
14 - SECCIONAL CHIQUINQUIRA;2.1.2 Gastos de Funcionamiento;211090003 - CENDES - Centro de Gestión de Investigación y Extensión de la Facultad Seccional Chiquinquirá;2.1.2.02.02.010;Viáticos de los funcionarios en comisión;35 - Educacion continuada;$ 1,000,000.00;$ 1,000,000.00;$ 0.00;$ 0.00;31/08/2026
14 - SECCIONAL CHIQUINQUIRA;2.1.2 Gastos de Funcionamiento;211090014 - Instituto Internacional de Idiomas -Chiquinquira;2.1.2.02.02.009.00;Servicios para la comunidad, sociales y personales;35 - Educacion continuada;$ 10,800,000.00;$ 10,800,000.00;$ 2,241,120.00;$ 2,241,120.00;31/08/2026
14 - SECCIONAL CHIQUINQUIRA;2.1.2 Gastos de Funcionamiento;211090014 - Instituto Internacional de Idiomas -Chiquinquira;2.1.2.02.02.010;Viáticos de los funcionarios en comisión;35 - Educacion continuada;$ 1,000,000.00;$ 1,000,000.00;$ 440,760.00;$ 94,352.00;31/08/2026
11 - ESTUDIOS TECNOLOGICOS Y A DISTANCIA;2.1.2 Gastos de Funcionamiento;209090002 - CIDEA - Centro de Gestión de Investigación y Extensión de la Facultad de Estudios Tecnológicos y a Distancia;2.1.2.02.01.003;Otros bienes transportables (excepto productos metálicos, maquinaria y equipo);35 - Educacion continuada;$ 50,000,000.00;$ 60,795,480.00;$ 10,305,400.00;$ 10,305,400.00;31/08/2026
11 - ESTUDIOS TECNOLOGICOS Y A DISTANCIA;2.1.2 Gastos de Funcionamiento;209090002 - CIDEA - Centro de Gestión de Investigación y Extensión de la Facultad de Estudios Tecnológicos y a Distancia;2.1.2.02.01.004;Productos metálicos, maquinaria y equipo;35 - Educacion continuada;$ 30,000,000.00;$ 40,000,000.00;$ 0.00;$ 0.00;31/08/2026
11 - ESTUDIOS TECNOLOGICOS Y A DISTANCIA;2.1.2 Gastos de Funcionamiento;209090002 - CIDEA - Centro de Gestión de Investigación y Extensión de la Facultad de Estudios Tecnológicos y a Distancia;2.1.2.02.02.006.00;"Comercio y distribución; alojamiento; servicios de suministro de comidas y bebidas; servicios de transporte; y servicios de distribución de electricidad, gas y agua";35 - Educacion continuada;$ 0.00;$ 12,000,000.00;$ 12,000,000.00;$ 0.00;31/08/2026
11 - ESTUDIOS TECNOLOGICOS Y A DISTANCIA;2.1.2 Gastos de Funcionamiento;209090002 - CIDEA - Centro de Gestión de Investigación y Extensión de la Facultad de Estudios Tecnológicos y a Distancia;2.1.2.02.02.006.03;Viaticos y gastos de viaje;35 - Educacion continuada;$ 20,000,000.00;$ 0.00;$ 0.00;$ 0.00;31/08/2026
11 - ESTUDIOS TECNOLOGICOS Y A DISTANCIA;2.1.2 Gastos de Funcionamiento;209090002 - CIDEA - Centro de Gestión de Investigación y Extensión de la Facultad de Estudios Tecnológicos y a Distancia;2.1.2.02.02.008;Servicios prestados a las empresas y servicios de producción ;35 - Educacion continuada;$ 200,000,000.00;$ 296,107,609.49;$ 232,371,900.00;$ 106,244,580.00;31/08/2026
11 - ESTUDIOS TECNOLOGICOS Y A DISTANCIA;2.1.2 Gastos de Funcionamiento;209090002 - CIDEA - Centro de Gestión de Investigación y Extensión de la Facultad de Estudios Tecnológicos y a Distancia;2.1.2.02.02.009.00;Servicios para la comunidad, sociales y personales;35 - Educacion continuada;$ 345,000,000.00;$ 388,500,000.00;$ 224,292,060.00;$ 113,095,260.00;31/08/2026
11 - ESTUDIOS TECNOLOGICOS Y A DISTANCIA;2.1.2 Gastos de Funcionamiento;209090002 - CIDEA - Centro de Gestión de Investigación y Extensión de la Facultad de Estudios Tecnológicos y a Distancia;2.1.2.02.02.010;Viáticos de los funcionarios en comisión;35 - Educacion continuada;$ 0.00;$ 36,000,000.00;$ 1,247,979.00;$ 1,247,979.00;31/08/2026
02 - INVESTIGACION Y EXTENSION;2.1.2 Gastos de Funcionamiento;201090001 - Instituto Internacional de Idiomas -Tunja;2.1.2.02.01.002;"Productos alimenticios, bebidas y tabaco; textiles, prendas de vestir y productos de cuero";35 - Educacion continuada;$ 0.00;$ 1,785,000.00;$ 1,785,000.00;$ 1,785,000.00;31/08/2026
02 - INVESTIGACION Y EXTENSION;2.1.2 Gastos de Funcionamiento;201090001 - Instituto Internacional de Idiomas -Tunja;2.1.2.02.01.004;Productos metálicos, maquinaria y equipo;35 - Educacion continuada;$ 48,750,000.00;$ 48,750,000.00;$ 0.00;$ 0.00;31/08/2026
02 - INVESTIGACION Y EXTENSION;2.1.2 Gastos de Funcionamiento;201090001 - Instituto Internacional de Idiomas -Tunja;2.1.2.02.02.006.03;Viaticos y gastos de viaje;35 - Educacion continuada;$ 12,500,000.00;$ 0.00;$ 0.00;$ 0.00;31/08/2026
02 - INVESTIGACION Y EXTENSION;2.1.2 Gastos de Funcionamiento;201090001 - Instituto Internacional de Idiomas -Tunja;2.1.2.02.02.008;Servicios prestados a las empresas y servicios de producción ;35 - Educacion continuada;$ 60,000,000.00;$ 61,000,000.00;$ 27,387,720.00;$ 16,314,290.00;31/08/2026
02 - INVESTIGACION Y EXTENSION;2.1.2 Gastos de Funcionamiento;201090001 - Instituto Internacional de Idiomas -Tunja;2.1.2.02.02.009.00;Servicios para la comunidad, sociales y personales;35 - Educacion continuada;$ 280,000,000.00;$ 276,700,000.00;$ 121,099,078.00;$ 98,687,495.00;31/08/2026
02 - INVESTIGACION Y EXTENSION;2.1.2 Gastos de Funcionamiento;201090001 - Instituto Internacional de Idiomas -Tunja;2.1.2.02.02.010;Viáticos de los funcionarios en comisión;35 - Educacion continuada;$ 0.00;$ 13,015,000.00;$ 1,882,016.00;$ 1,805,664.00;31/08/2026
02 - INVESTIGACION Y EXTENSION;2.1.3 Transferencias Corrientes;201090001 - Instituto Internacional de Idiomas -Tunja;2.1.3.06.03;Beneficios educativos a la comunidad universitaria;35 - Educacion continuada;$ 0.00;$ 0.00;$ 0.00;$ 0.00;31/08/2026
15 - SEDE REGIONAL AGUAZUL;2.1.2 Gastos de Funcionamiento;214090004 - Instituto Internacional de Idiomas - Aguazul;2.1.2.02.01.003;Otros bienes transportables (excepto productos metálicos, maquinaria y equipo);35 - Educacion continuada;$ 0.00;$ 1,000,000.00;$ 0.00;$ 0.00;31/08/2026
15 - SEDE REGIONAL AGUAZUL;2.1.2 Gastos de Funcionamiento;214090004 - Instituto Internacional de Idiomas - Aguazul;2.1.2.02.02.008;Servicios prestados a las empresas y servicios de producción ;35 - Educacion continuada;$ 1,000,000.00;$ 0.00;$ 0.00;$ 0.00;31/08/2026
15 - SEDE REGIONAL AGUAZUL;2.1.2 Gastos de Funcionamiento;214090004 - Instituto Internacional de Idiomas - Aguazul;2.1.2.02.02.009.00;Servicios para la comunidad, sociales y personales;35 - Educacion continuada;$ 20,500,000.00;$ 21,100,000.00;$ 17,086,000.00;$ 11,476,000.00;31/08/2026
15 - SEDE REGIONAL AGUAZUL;2.1.2 Gastos de Funcionamiento;214090004 - Instituto Internacional de Idiomas - Aguazul;2.1.2.02.02.010;Viáticos de los funcionarios en comisión;35 - Educacion continuada;$ 1,000,000.00;$ 2,000,000.00;$ 0.00;$ 0.00;31/08/2026
01 - ADMINISTRATIVA Y FINANCIERA;2.3 Gastos de Inversión;23.1.1.1 - Transformación de la estructura académica y curricular para la excelencia académica;2.3.2.02.01.003;Otros bienes transportables (excepto productos metálicos, maquinaria y equipo);40 - Estampilla UPTC;$ 191,551,324.00;$ 191,782,222.35;$ 143,996,938.00;$ 0.00;31/08/2026
01 - ADMINISTRATIVA Y FINANCIERA;2.3 Gastos de Inversión;23.1.1.1 - Transformación de la estructura académica y curricular para la excelencia académica;2.3.2.02.01.004;Productos metálicos, maquinaria y equipo;40 - Estampilla UPTC;$ 0.00;$ 17,089,478.00;$ 16,384,070.00;$ 16,384,070.00;31/08/2026
01 - ADMINISTRATIVA Y FINANCIERA;2.3 Gastos de Inversión;23.1.2.1 - Implementación y modernización de las capacidades institucionales de investigación al servicio de las comunidades;2.3.2.02.01.000;Agricultura, silvicultura y productos de la pesca;40 - Estampilla UPTC;$ 10,000,000.00;$ 0.00;$ 0.00;$ 0.00;31/08/2026
01 - ADMINISTRATIVA Y FINANCIERA;2.3 Gastos de Inversión;23.1.2.1 - Implementación y modernización de las capacidades institucionales de investigación al servicio de las comunidades;2.3.2.02.01.002;"Productos alimenticios, bebidas y tabaco; textiles, prendas de vestir y productos de cuero";40 - Estampilla UPTC;$ 10,000,000.00;$ 5,500,000.00;$ 0.00;$ 0.00;31/08/2026
01 - ADMINISTRATIVA Y FINANCIERA;2.3 Gastos de Inversión;23.1.2.1 - Implementación y modernización de las capacidades institucionales de investigación al servicio de las comunidades;2.3.2.02.01.003;Otros bienes transportables (excepto productos metálicos, maquinaria y equipo);40 - Estampilla UPTC;$ 100,000,000.00;$ 101,113,721.77;$ 30,978,679.87;$ 0.00;31/08/2026
01 - ADMINISTRATIVA Y FINANCIERA;2.3 Gastos de Inversión;23.1.2.1 - Implementación y modernización de las capacidades institucionales de investigación al servicio de las comunidades;2.3.2.02.01.004;Productos metálicos, maquinaria y equipo;40 - Estampilla UPTC;$ 100,000,000.00;$ 165,336,733.25;$ 51,216,934.00;$ 0.00;31/08/2026
01 - ADMINISTRATIVA Y FINANCIERA;2.3 Gastos de Inversión;23.1.2.2 - Fortalecimiento e implementación de capacidades institucionales para el desarrollo tecnológico, la innovación,  creación y el emprendimiento como mecanismo para la generación de valor;2.3.2.02.01.003;Otros bienes transportables (excepto productos metálicos, maquinaria y equipo);40 - Estampilla UPTC;$ 12,000,000.00;36923150;$ 0.00;$ 0.00;31/08/2026
01 - ADMINISTRATIVA Y FINANCIERA;2.3 Gastos de Inversión;23.1.2.2 - Fortalecimiento e implementación de capacidades institucionales para el desarrollo tecnológico, la innovación,  creación y el emprendimiento como mecanismo para la generación de valor;2.3.2.02.01.004;Productos metálicos, maquinaria y equipo;40 - Estampilla UPTC;60000000;60075889.85;$ 34,401.44;$ 0.00;31/08/2026
01 - ADMINISTRATIVA Y FINANCIERA;2.3 Gastos de Inversión;23.1.2.3 - Extensión y proyección social como estrategia para el desarrollo en los territorios;2.3.2.02.01.004;Productos metálicos, maquinaria y equipo;40 - Estampilla UPTC;50137992;50137992;$ 3,094,000.00;$ 0.00;31/08/2026
01 - ADMINISTRATIVA Y FINANCIERA;2.3 Gastos de Inversión;"23.2.4.1 - Contribuir con la formación integral, calidad de vida y construcción de
comunidad, a través de proyectos que respondan
a necesidades e intereses de los estamentos, en el marco de una universidad saludable.";2.3.2.02.01.002;"Productos alimenticios, bebidas y tabaco; textiles, prendas de vestir y productos de cuero";40 - Estampilla UPTC;0;15227406;$ 0.00;$ 0.00;31/08/2026
01 - ADMINISTRATIVA Y FINANCIERA;2.3 Gastos de Inversión;"23.2.4.1 - Contribuir con la formación integral, calidad de vida y construcción de
comunidad, a través de proyectos que respondan
a necesidades e intereses de los estamentos, en el marco de una universidad saludable.";2.3.2.02.01.003;Otros bienes transportables (excepto productos metálicos, maquinaria y equipo);40 - Estampilla UPTC;0;166923187.1;$ 21,400,000.00;$ 21,400,000.00;31/08/2026
01 - ADMINISTRATIVA Y FINANCIERA;2.3 Gastos de Inversión;"23.2.4.1 - Contribuir con la formación integral, calidad de vida y construcción de
comunidad, a través de proyectos que respondan
a necesidades e intereses de los estamentos, en el marco de una universidad saludable.";2.3.2.02.01.004;Productos metálicos, maquinaria y equipo;40 - Estampilla UPTC;0;73421022.48;$ 2,160,000.00;$ 2,160,000.00;31/08/2026
01 - ADMINISTRATIVA Y FINANCIERA;2.3 Gastos de Inversión;23.3.1.1 - Mejoramiento del nivel de conectividad y acceso a la red de datos para los servicios de tecnología e información ;2.3.2.02.01.004;Productos metálicos, maquinaria y equipo;40 - Estampilla UPTC;0;358806214.3;$ 351,020,926.37;$ 302,352,725.75;31/08/2026
01 - ADMINISTRATIVA Y FINANCIERA;2.3 Gastos de Inversión;23.3.3.1 - Fortalecimiento de la infraestructura física para el campus amigable;2.3.2.02.01.003;Otros bienes transportables (excepto productos metálicos, maquinaria y equipo);40 - Estampilla UPTC;0;0;$ 0.00;$ 0.00;31/08/2026
01 - ADMINISTRATIVA Y FINANCIERA;2.3 Gastos de Inversión;23.3.3.1 - Fortalecimiento de la infraestructura física para el campus amigable;2.3.2.02.01.004;Productos metálicos, maquinaria y equipo;40 - Estampilla UPTC;541288995;387581879;$ 0.00;$ 0.00;31/08/2026
01 - ADMINISTRATIVA Y FINANCIERA;2.3 Gastos de Inversión;23.3.5.1 - Regionalización;2.3.2.02.01.003;Otros bienes transportables (excepto productos metálicos, maquinaria y equipo);40 - Estampilla UPTC;0;101855.62;$ 0.00;$ 0.00;31/08/2026
01 - ADMINISTRATIVA Y FINANCIERA;2.3 Gastos de Inversión;23.3.5.1 - Regionalización;2.3.2.02.01.004;Productos metálicos, maquinaria y equipo;40 - Estampilla UPTC;0;306300483;$ 0.00;$ 0.00;31/08/2026
01 - ADMINISTRATIVA Y FINANCIERA;2.3 Gastos de Inversión;23.1.1.1 - Transformación de la estructura académica y curricular para la excelencia académica;2.3.2.02.02.008;Servicios prestados a las empresas y servicios de producción ;40 - Estampilla UPTC;397519365;415740557;$ 313,498,456.00;$ 29,961,810.00;31/08/2026
01 - ADMINISTRATIVA Y FINANCIERA;2.3 Gastos de Inversión;23.1.2.1 - Implementación y modernización de las capacidades institucionales de investigación al servicio de las comunidades;2.3.2.02.02.006.00;"Comercio y distribución; alojamiento; servicios de suministro de comidas y bebidas; servicios de transporte; y servicios de distribución de electricidad, gas y agua";40 - Estampilla UPTC;700000000;235431687;$ 200,000,000.00;$ 151,174,620.00;31/08/2026
01 - ADMINISTRATIVA Y FINANCIERA;2.3 Gastos de Inversión;23.1.2.1 - Implementación y modernización de las capacidades institucionales de investigación al servicio de las comunidades;2.3.2.02.02.007;"Servicios financieros y servicios conexos; servicios inmobiliarios; y servicios de arrendamiento y leasing";40 - Estampilla UPTC;5000000;0;$ 0.00;$ 0.00;31/08/2026
01 - ADMINISTRATIVA Y FINANCIERA;2.3 Gastos de Inversión;23.1.2.1 - Implementación y modernización de las capacidades institucionales de investigación al servicio de las comunidades;2.3.2.02.02.008;Servicios prestados a las empresas y servicios de producción ;40 - Estampilla UPTC;580000000;1261958842;$ 692,737,088.46;$ 486,110,949.55;31/08/2026
01 - ADMINISTRATIVA Y FINANCIERA;2.3 Gastos de Inversión;23.1.2.1 - Implementación y modernización de las capacidades institucionales de investigación al servicio de las comunidades;2.3.2.02.02.009.00;Servicios para la comunidad, sociales y personales;40 - Estampilla UPTC;45456164;86624210;$ 21,745,768.90;$ 15,127,528.90;31/08/2026
01 - ADMINISTRATIVA Y FINANCIERA;2.3 Gastos de Inversión;23.1.2.1 - Implementación y modernización de las capacidades institucionales de investigación al servicio de las comunidades;2.3.2.02.02.010;Viáticos de los funcionarios en comisión;40 - Estampilla UPTC;50000000;53896919.44;$ 36,913,022.00;$ 36,913,022.00;31/08/2026
01 - ADMINISTRATIVA Y FINANCIERA;2.3 Gastos de Inversión;23.1.2.2 - Fortalecimiento e implementación de capacidades institucionales para el desarrollo tecnológico, la innovación,  creación y el emprendimiento como mecanismo para la generación de valor;2.3.2.02.02.008;Servicios prestados a las empresas y servicios de producción ;40 - Estampilla UPTC;68080315;168080315;$ 21,000,000.00;$ 0.00;31/08/2026
01 - ADMINISTRATIVA Y FINANCIERA;2.3 Gastos de Inversión;23.1.2.2 - Fortalecimiento e implementación de capacidades institucionales para el desarrollo tecnológico, la innovación,  creación y el emprendimiento como mecanismo para la generación de valor;2.3.2.02.02.010;Viáticos de los funcionarios en comisión;40 - Estampilla UPTC;10000000;10000000;$ 0.00;$ 0.00;31/08/2026
01 - ADMINISTRATIVA Y FINANCIERA;2.3 Gastos de Inversión;23.1.2.3 - Extensión y proyección social como estrategia para el desarrollo en los territorios;2.3.2.02.02.008;Servicios prestados a las empresas y servicios de producción ;40 - Estampilla UPTC;52000000;106800000;$ 35,862,120.00;$ 35,862,120.00;31/08/2026
01 - ADMINISTRATIVA Y FINANCIERA;2.3 Gastos de Inversión;"23.2.4.1 - Contribuir con la formación integral, calidad de vida y construcción de
comunidad, a través de proyectos que respondan
a necesidades e intereses de los estamentos, en el marco de una universidad saludable.";2.3.2.02.02.005;Construcción y servicios de la construcción;40 - Estampilla UPTC;0;606447779.9;$ 186,358,772.39;$ 186,358,772.39;31/08/2026
01 - ADMINISTRATIVA Y FINANCIERA;2.3 Gastos de Inversión;"23.2.4.1 - Contribuir con la formación integral, calidad de vida y construcción de
comunidad, a través de proyectos que respondan
a necesidades e intereses de los estamentos, en el marco de una universidad saludable.";2.3.2.02.02.006.00;"Comercio y distribución; alojamiento; servicios de suministro de comidas y bebidas; servicios de transporte; y servicios de distribución de electricidad, gas y agua";40 - Estampilla UPTC;0;508759;$ 150,000.00;$ 150,000.00;31/08/2026
01 - ADMINISTRATIVA Y FINANCIERA;2.3 Gastos de Inversión;"23.2.4.1 - Contribuir con la formación integral, calidad de vida y construcción de
comunidad, a través de proyectos que respondan
a necesidades e intereses de los estamentos, en el marco de una universidad saludable.";2.3.2.02.02.008;Servicios prestados a las empresas y servicios de producción ;40 - Estampilla UPTC;0;42678392.43;$ 33,678,392.00;$ 18,744,392.00;31/08/2026
01 - ADMINISTRATIVA Y FINANCIERA;2.3 Gastos de Inversión;"23.2.4.1 - Contribuir con la formación integral, calidad de vida y construcción de
comunidad, a través de proyectos que respondan
a necesidades e intereses de los estamentos, en el marco de una universidad saludable.";2.3.2.02.02.009.00;Servicios para la comunidad, sociales y personales;40 - Estampilla UPTC;458578739;753590978;$ 675,109,650.00;$ 482,803,650.00;31/08/2026
01 - ADMINISTRATIVA Y FINANCIERA;2.3 Gastos de Inversión;"23.2.4.1 - Contribuir con la formación integral, calidad de vida y construcción de
comunidad, a través de proyectos que respondan
a necesidades e intereses de los estamentos, en el marco de una universidad saludable.";2.3.2.02.02.010;Viáticos de los funcionarios en comisión;40 - Estampilla UPTC;0;35427725;$ 30,685,192.00;$ 27,343,029.00;31/08/2026
01 - ADMINISTRATIVA Y FINANCIERA;2.3 Gastos de Inversión;23.3.1.1 - Mejoramiento del nivel de conectividad y acceso a la red de datos para los servicios de tecnología e información ;2.3.2.02.02.008;Servicios prestados a las empresas y servicios de producción ;40 - Estampilla UPTC;0;40000000;$ 40,000,000.00;$ 0.00;31/08/2026
01 - ADMINISTRATIVA Y FINANCIERA;2.3 Gastos de Inversión;23.3.3.1 - Fortalecimiento de la infraestructura física para el campus amigable;2.3.2.02.02.005;Construcción y servicios de la construcción;40 - Estampilla UPTC;300000000;1160594077;$ 0.00;$ 0.00;31/08/2026
01 - ADMINISTRATIVA Y FINANCIERA;2.3 Gastos de Inversión;23.3.3.1 - Fortalecimiento de la infraestructura física para el campus amigable;2.3.2.02.02.008;Servicios prestados a las empresas y servicios de producción ;40 - Estampilla UPTC;0;11336792;$ 0.00;$ 0.00;31/08/2026
01 - ADMINISTRATIVA Y FINANCIERA;2.3 Gastos de Inversión;23.3.3.1 - Fortalecimiento de la infraestructura física para el campus amigable;2.3.2.02.02.009.00;Servicios para la comunidad, sociales y personales;40 - Estampilla UPTC;0;0;$ 0.00;$ 0.00;31/08/2026
01 - ADMINISTRATIVA Y FINANCIERA;2.3 Gastos de Inversión;23.3.5.1 - Regionalización;2.3.2.02.02.005;Construcción y servicios de la construcción;40 - Estampilla UPTC;0;17340000;$ 0.00;$ 0.00;31/08/2026
01 - ADMINISTRATIVA Y FINANCIERA;2.3 Gastos de Inversión;23.3.5.1 - Regionalización;2.3.2.02.02.008;Servicios prestados a las empresas y servicios de producción ;40 - Estampilla UPTC;0;37407534.85;$ 0.00;$ 0.00;31/08/2026
01 - ADMINISTRATIVA Y FINANCIERA;2.3 Gastos de Inversión;23.1.1.3 - Fortalecimiento estudiantil;2.3.3.08.02;Apoyo socieconómico a estudiantes;40 - Estampilla UPTC;250133858;350630858;$ 65,350,732.00;$ 58,952,758.70;31/08/2026
01 - ADMINISTRATIVA Y FINANCIERA;2.3 Gastos de Inversión;23.1.2.1 - Implementación y modernización de las capacidades institucionales de investigación al servicio de las comunidades;2.3.3.04.05.001;Membresías;40 - Estampilla UPTC;0;2100000;$ 2,100,000.00;$ 0.00;31/08/2026
01 - ADMINISTRATIVA Y FINANCIERA;2.3 Gastos de Inversión;23.1.2.1 - Implementación y modernización de las capacidades institucionales de investigación al servicio de las comunidades;2.3.3.08.02;Apoyo socieconómico a estudiantes;40 - Estampilla UPTC;0;43000000;$ 0.00;$ 0.00;31/08/2026
01 - ADMINISTRATIVA Y FINANCIERA;2.3 Gastos de Inversión;23.1.2.3 - Extensión y proyección social como estrategia para el desarrollo en los territorios;2.3.3.04.05.002;Distintas a membresías;40 - Estampilla UPTC;0;16000000;$ 0.00;$ 0.00;31/08/2026
01 - ADMINISTRATIVA Y FINANCIERA;2.3 Gastos de Inversión;23.2.5.1 - Modelo de gestión integral y transversal de Internacionalización en la Uptc;2.3.3.08.02;Apoyo socieconómico a estudiantes;40 - Estampilla UPTC;214698228;219847811;$ 208,357,695.00;$ 208,357,695.00;31/08/2026
01 - ADMINISTRATIVA Y FINANCIERA;2.3 Gastos de Inversión;23.1.2.1 - Implementación y modernización de las capacidades institucionales de investigación al servicio de las comunidades;2.3.8.03;Tasas y derechos administrativos;40 - Estampilla UPTC;0;0;$ 0.00;$ 0.00;31/08/2026
01 - ADMINISTRATIVA Y FINANCIERA;2.3 Gastos de Inversión;23.1.2.2 - Fortalecimiento e implementación de capacidades institucionales para el desarrollo tecnológico, la innovación,  creación y el emprendimiento como mecanismo para la generación de valor;2.3.8.03;Tasas y derechos administrativos;40 - Estampilla UPTC;0;5204750;$ 0.00;$ 0.00;31/08/2026
01 - ADMINISTRATIVA Y FINANCIERA;2.3 Gastos de Inversión;"23.2.4.1 - Contribuir con la formación integral, calidad de vida y construcción de
comunidad, a través de proyectos que respondan
a necesidades e intereses de los estamentos, en el marco de una universidad saludable.";2.3.8.03;Tasas y derechos administrativos;40 - Estampilla UPTC;0;300000;$ 300,000.00;$ 300,000.00;31/08/2026
